사고번호,사고일시,요일,시군구,사고내용,사망자수,중상자수,경상자수,부상신고자수,사고유형,법규위반,노면상태,기상상태,도로형태,가해운전자 차종,가해운전자 성별,가해운전자 연령,가해운전자 상해정도,피해운전자 차종,피해운전자 성별,피해운전자 연령,피해운전자 상해정도
2019022100100178,2019년 2월 21일 10시,목요일,서울특별시 강서구 마곡동,경상사고,0,0,1,0,차대차 - 기타,안전거리미확보,포장 - 건조,맑음,교차로 - 교차로부근,승용,남,61세,상해없음,승용,남,30세,경상
2019022100100243,2019년 2월 21일 12시,목요일,서울특별시 강서구 등촌동,경상사고,0,0,1,0,차대차 - 기타,안전운전불이행,포장 - 건조,맑음,교차로 - 교차로안,승용,여,62세,상해없음,이륜,남,25세,경상
2019022100100330,2019년 2월 21일 15시,목요일,서울특별시 강서구 마곡동,중상사고,0,1,0,0,차대차 - 측면충돌,중앙선침범,포장 - 건조,맑음,기타 - 기타,이륜,남,56세,중상,화물,남,35세,상해없음
2019022100100399,2019년 2월 21일 17시,목요일,서울특별시 강서구 염창동,중상사고,0,1,0,0,차대차 - 측면충돌,안전운전불이행,포장 - 건조,맑음,교차로 - 교차로안,원동기,남,58세,중상,승용,남,56세,상해없음
2019022100100432,2019년 2월 21일 18시,목요일,서울특별시 강서구 등촌동,중상사고,0,1,1,0,차대차 - 기타,신호위반,포장 - 젖음/습기,맑음,교차로 - 교차로안,이륜,남,33세,중상,승용,여,38세,경상
2019022200100126,2019년 2월 22일 08시,금요일,서울특별시 강서구 화곡동,경상사고,0,0,2,0,차대사람 - 횡단중,보행자보호의무위반,포장 - 건조,맑음,교차로 - 교차로횡단보도내,화물,남,62세,상해없음,보행자,여,38세,경상
2019022200100198,2019년 2월 22일 11시,금요일,서울특별시 강서구 화곡동,경상사고,0,0,1,0,차대사람 - 기타,안전운전불이행,포장 - 건조,맑음,단일로 - 기타,화물,남,55세,상해없음,보행자,남,19세,경상
2019022200100235,2019년 2월 22일 12시,금요일,서울특별시 강서구 내발산동,경상사고,0,0,1,0,차대사람 - 기타,안전운전불이행,포장 - 건조,맑음,단일로 - 기타,승용,남,47세,상해없음,보행자,남,71세,경상
2019022200100329,2019년 2월 22일 15시,금요일,서울특별시 강서구 등촌동,경상사고,0,0,2,0,차대차 - 기타,신호위반,포장 - 건조,맑음,단일로 - 기타,승합,남,59세,상해없음,승용,남,72세,경상
2019022300100083,2019년 2월 23일 04시,토요일,서울특별시 강서구 화곡동,경상사고,0,0,1,0,차대차 - 기타,중앙선침범,포장 - 건조,흐림,교차로 - 교차로부근,자전거,남,22세,경상,화물,남,47세,상해없음
2019022300100092,2019년 2월 23일 05시,토요일,서울특별시 강서구 등촌동,중상사고,0,1,0,0,차대차 - 기타,안전운전불이행,포장 - 건조,맑음,교차로 - 교차로안,승용,남,62세,상해없음,자전거,남,66세,중상
2019022300100289,2019년 2월 23일 13시,토요일,서울특별시 강서구 등촌동,경상사고,0,0,1,0,차대사람 - 기타,안전운전불이행,포장 - 건조,맑음,단일로 - 기타,승용,여,58세,상해없음,보행자,여,47세,경상
2019022300100331,2019년 2월 23일 14시,토요일,서울특별시 강서구 가양동,경상사고,0,0,1,0,차대차 - 추돌,안전거리미확보,포장 - 건조,맑음,단일로 - 기타,건설기계,남,66세,상해없음,승용,여,49세,경상
2019022300100332,2019년 2월 23일 14시,토요일,서울특별시 강서구 등촌동,경상사고,0,0,1,0,차대차 - 추돌,신호위반,포장 - 건조,맑음,교차로 - 교차로안,이륜,남,43세,경상,승합,남,55세,상해없음
2019022300100454,2019년 2월 23일 18시,토요일,서울특별시 강서구 개화동,경상사고,0,0,1,0,차대차 - 기타,안전운전불이행,포장 - 건조,맑음,교차로 - 교차로부근,기타불명,기타불명,미분류,기타불명,승용,남,61세,상해없음
2019022400100213,2019년 2월 24일 14시,일요일,서울특별시 강서구 화곡동,중상사고,0,1,0,0,차대차 - 기타,기타,포장 - 건조,맑음,교차로 - 교차로안,승용,남,37세,상해없음,이륜,남,36세,중상
2019022400100294,2019년 2월 24일 17시,일요일,서울특별시 강서구 내발산동,중상사고,0,1,0,0,차대차 - 기타,안전운전불이행,포장 - 건조,맑음,단일로 - 기타,자전거,남,18세,중상,승용,남,54세,상해없음
2019022400100324,2019년 2월 24일 18시,일요일,서울특별시 강서구 마곡동,경상사고,0,0,2,0,차대차 - 측면충돌,안전운전불이행,포장 - 건조,맑음,교차로 - 교차로안,화물,남,60세,경상,승용,여,36세,경상
2019022400100379,2019년 2월 24일 20시,일요일,서울특별시 강서구 과해동,경상사고,0,0,1,0,차대차 - 측면충돌,안전운전불이행,포장 - 건조,맑음,단일로 - 기타,승용,남,62세,상해없음,승용,남,26세,경상
2019022500100231,2019년 2월 25일 12시,월요일,서울특별시 강서구 방화동,경상사고,0,0,1,0,차대차 - 추돌,안전거리미확보,포장 - 건조,맑음,교차로 - 교차로안,승합,남,55세,상해없음,승용,남,46세,상해없음
2019022500100290,2019년 2월 25일 14시,월요일,서울특별시 강서구 공항동,경상사고,0,0,1,0,차대차 - 추돌,안전운전불이행,포장 - 건조,맑음,기타 - 기타,화물,남,48세,상해없음,승용,여,48세,상해없음
2019022500100477,2019년 2월 25일 19시,월요일,서울특별시 강서구 마곡동,경상사고,0,0,3,0,차대차 - 기타,안전운전불이행,포장 - 건조,맑음,단일로 - 기타,승용,남,52세,경상,승용,여,46세,경상
2019022500100549,2019년 2월 25일 21시,월요일,서울특별시 강서구 공항동,중상사고,0,1,0,0,차대사람 - 횡단중,안전운전불이행,포장 - 건조,맑음,단일로 - 기타,승용,남,27세,상해없음,보행자,여,60세,중상
2019022600100418,2019년 2월 26일 18시,화요일,서울특별시 강서구 화곡동,중상사고,0,1,0,0,차대사람 - 횡단중,안전운전불이행,포장 - 건조,맑음,단일로 - 기타,승용,남,54세,상해없음,보행자,여,67세,중상
2019022600100484,2019년 2월 26일 20시,화요일,서울특별시 강서구 방화동,경상사고,0,0,1,0,차대차 - 측면충돌,안전운전불이행,포장 - 건조,맑음,교차로 - 교차로안,승합,남,50세,상해없음,승합,여,65세,경상
2019022700100405,2019년 2월 27일 18시,수요일,서울특별시 강서구 가양동,경상사고,0,0,1,0,차대차 - 측면충돌,안전거리미확보,포장 - 건조,맑음,단일로 - 기타,승용,여,42세,상해없음,승용,남,69세,상해없음
2019022700100542,2019년 2월 27일 22시,수요일,서울특별시 강서구 화곡동,중상사고,0,1,0,0,차대차 - 측면충돌,직진우회전진행방해,포장 - 건조,맑음,교차로 - 교차로안,승용,남,47세,상해없음,원동기,남,39세,중상
2019022700100561,2019년 2월 27일 23시,수요일,서울특별시 강서구 등촌동,부상신고사고,0,0,0,1,차대차 - 기타,안전운전불이행,포장 - 건조,맑음,교차로 - 교차로부근,이륜,남,20세,부상신고,승용,남,62세,상해없음
2019022800100197,2019년 2월 28일 11시,목요일,서울특별시 강서구 등촌동,중상사고,0,1,0,0,차대차 - 기타,안전운전불이행,포장 - 건조,맑음,교차로 - 교차로안,승용,여,56세,상해없음,이륜,남,33세,중상
2019022800100275,2019년 2월 28일 13시,목요일,서울특별시 강서구 화곡동,중상사고,0,1,0,0,차대차 - 기타,안전운전불이행,포장 - 건조,맑음,단일로 - 기타,승용,남,82세,상해없음,이륜,남,44세,중상
2019022800100485,2019년 2월 28일 19시,목요일,서울특별시 강서구 염창동,경상사고,0,0,1,0,차대차 - 측면충돌,안전운전불이행,포장 - 건조,맑음,단일로 - 기타,승용,남,57세,상해없음,승용,남,65세,경상
2019022800100538,2019년 2월 28일 20시,목요일,서울특별시 강서구 공항동,경상사고,0,0,1,0,차대사람 - 보도통행중,안전운전불이행,포장 - 건조,맑음,단일로 - 기타,기타불명,기타불명,미분류,기타불명,보행자,남,60세,경상
2019030100100037,2019년 3월 1일 00시,금요일,서울특별시 강서구 화곡동,중상사고,0,1,0,0,차대사람 - 보도통행중,안전운전불이행,포장 - 건조,맑음,단일로 - 기타,승용,남,30세,상해없음,보행자,남,26세,중상
2019030100100132,2019년 3월 1일 08시,금요일,서울특별시 강서구 화곡동,중상사고,0,1,0,0,차대차 - 측면충돌,중앙선침범,포장 - 건조,맑음,단일로 - 기타,승용,남,27세,상해없음,승용,남,32세,중상
2019030100100224,2019년 3월 1일 13시,금요일,서울특별시 강서구 등촌동,경상사고,0,0,1,0,차대차 - 측면충돌,안전거리미확보,포장 - 건조,맑음,단일로 - 기타,승용,남,35세,상해없음,이륜,남,32세,경상
2019030200100053,2019년 3월 2일 04시,토요일,서울특별시 강서구 화곡동,경상사고,0,0,2,0,차대차 - 측면충돌,신호위반,포장 - 건조,맑음,교차로 - 교차로안,승용,남,68세,상해없음,승용,남,43세,경상
2019030200100083,2019년 3월 2일 07시,토요일,서울특별시 강서구 외발산동,경상사고,0,0,1,0,차대차 - 기타,안전운전불이행,포장 - 건조,맑음,단일로 - 기타,승용,남,73세,상해없음,화물,남,42세,경상
2019030200100161,2019년 3월 2일 12시,토요일,서울특별시 강서구 화곡동,경상사고,0,0,1,0,차대차 - 측면충돌,안전거리미확보,포장 - 건조,맑음,단일로 - 기타,승용,남,26세,상해없음,승용,남,51세,상해없음
2019030200100423,2019년 3월 2일 20시,토요일,서울특별시 강서구 화곡동,경상사고,0,0,1,0,차대차 - 측면충돌,안전운전불이행,포장 - 건조,맑음,단일로 - 기타,승용,여,75세,상해없음,이륜,남,19세,경상
2019030200100471,2019년 3월 2일 22시,토요일,서울특별시 강서구 내발산동,경상사고,0,0,1,0,차대차 - 기타,안전운전불이행,포장 - 건조,맑음,교차로 - 교차로부근,승용,남,56세,상해없음,원동기,남,21세,경상
2019030300100102,2019년 3월 3일 10시,일요일,서울특별시 강서구 마곡동,경상사고,0,0,1,0,차대차 - 측면충돌,교차로운행방법위반,포장 - 건조,맑음,교차로 - 교차로안,승용,남,29세,상해없음,승용,남,51세,경상
2019030400100041,2019년 3월 4일 05시,월요일,서울특별시 강서구 방화동,경상사고,0,0,1,0,차대사람 - 차도통행중,안전운전불이행,포장 - 건조,흐림,단일로 - 기타,승용,남,56세,상해없음,보행자,남,42세,경상
2019030500100057,2019년 3월 5일 05시,화요일,서울특별시 강서구 화곡동,경상사고,0,0,1,0,차대차 - 추돌,안전운전불이행,포장 - 건조,맑음,단일로 - 기타,기타불명,기타불명,미분류,기타불명,승용,여,62세,경상
2019030500100106,2019년 3월 5일 08시,화요일,서울특별시 강서구 방화동,경상사고,0,0,1,0,차대차 - 추돌,안전운전불이행,포장 - 건조,맑음,단일로 - 기타,승용,남,27세,상해없음,승용,남,69세,경상
2019030500100314,2019년 3월 5일 15시,화요일,서울특별시 강서구 가양동,경상사고,0,0,1,0,차대차 - 측면충돌,안전운전불이행,포장 - 건조,맑음,단일로 - 기타,승용,남,30세,기타불명,승용,여,50세,경상
2019030500100372,2019년 3월 5일 17시,화요일,서울특별시 강서구 마곡동,경상사고,0,0,2,0,차대차 - 측면충돌,신호위반,포장 - 기타,맑음,교차로 - 교차로안,승용,남,34세,상해없음,승합,남,50세,경상
2019030500100472,2019년 3월 5일 21시,화요일,서울특별시 강서구 화곡동,경상사고,0,0,1,0,차대사람 - 차도통행중,안전운전불이행,포장 - 건조,흐림,단일로 - 기타,승용,여,29세,상해없음,보행자,남,43세,경상
2019030600100056,2019년 3월 6일 05시,수요일,서울특별시 강서구 등촌동,경상사고,0,0,1,0,차대차 - 측면충돌,안전운전불이행,포장 - 건조,맑음,단일로 - 기타,화물,남,55세,상해없음,자전거,여,51세,경상
2019030600100065,2019년 3월 6일 06시,수요일,서울특별시 강서구 화곡동,경상사고,0,0,2,0,차대차 - 측면충돌,안전운전불이행,포장 - 건조,맑음,교차로 - 교차로횡단보도내,승용,여,28세,상해없음,승용,남,29세,경상
2019030600100066,2019년 3월 6일 06시,수요일,서울특별시 강서구 화곡동,중상사고,0,1,0,0,차대사람 - 기타,안전운전불이행,포장 - 건조,맑음,교차로 - 교차로안,승용,남,40세,상해없음,보행자,여,35세,중상
2019030600100531,2019년 3월 6일 21시,수요일,서울특별시 강서구 화곡동,경상사고,0,0,1,0,차대차 - 측면충돌,안전거리미확보,포장 - 건조,맑음,단일로 - 기타,승합,남,56세,상해없음,승합,남,51세,상해없음
2019030700100059,2019년 3월 7일 04시,목요일,서울특별시 강서구 화곡동,경상사고,0,0,2,0,차대차 - 정면충돌,안전운전불이행,포장 - 건조,흐림,교차로 - 교차로안,승용,남,49세,상해없음,화물,남,59세,경상
2019030700100330,2019년 3월 7일 15시,목요일,서울특별시 강서구 등촌동,경상사고,0,0,1,0,차대차 - 측면충돌,직진우회전진행방해,포장 - 건조,맑음,교차로 - 교차로안,승용,남,37세,상해없음,승용,남,39세,경상
2019030700100530,2019년 3월 7일 20시,목요일,서울특별시 강서구 내발산동,경상사고,0,0,1,0,차대차 - 기타,안전운전불이행,포장 - 건조,맑음,교차로 - 교차로안,승용,남,57세,상해없음,승용,여,48세,경상
2019030800100122,2019년 3월 8일 08시,금요일,서울특별시 강서구 등촌동,경상사고,0,0,1,0,차대사람 - 횡단중,보행자보호의무위반,포장 - 건조,맑음,교차로 - 교차로횡단보도내,승용,여,37세,상해없음,보행자,여,29세,경상
2019030800100123,2019년 3월 8일 08시,금요일,서울특별시 강서구 개화동,경상사고,0,0,2,0,차대차 - 측면충돌,안전운전불이행,포장 - 건조,맑음,교차로 - 교차로안,승용,남,61세,상해없음,승용,남,28세,경상
2019030800100206,2019년 3월 8일 10시,금요일,서울특별시 강서구 화곡동,중상사고,0,1,0,0,차대사람 - 기타,안전운전불이행,포장 - 건조,맑음,단일로 - 기타,승합,남,44세,상해없음,보행자,여,72세,중상
2019030800100207,2019년 3월 8일 10시,금요일,서울특별시 강서구 방화동,경상사고,0,0,1,0,차대차 - 측면충돌,안전운전불이행,포장 - 건조,맑음,단일로 - 기타,승용,남,27세,상해없음,승용,남,34세,경상
2019030800100335,2019년 3월 8일 13시,금요일,서울특별시 강서구 등촌동,경상사고,0,0,1,0,차대차 - 추돌,안전운전불이행,포장 - 건조,맑음,단일로 - 기타,승용,남,68세,상해없음,승용,남,29세,경상
2019030800100336,2019년 3월 8일 13시,금요일,서울특별시 강서구 공항동,중상사고,0,1,0,0,차대사람 - 차도통행중,안전운전불이행,포장 - 건조,맑음,단일로 - 기타,건설기계,남,56세,상해없음,보행자,여,75세,중상
2019030800100367,2019년 3월 8일 14시,금요일,서울특별시 강서구 화곡동,경상사고,0,0,3,1,차대차 - 측면충돌,안전운전불이행,포장 - 건조,맑음,교차로 - 교차로안,승용,남,35세,상해없음,승용,여,39세,경상
2019030800100635,2019년 3월 8일 20시,금요일,서울특별시 강서구 마곡동,경상사고,0,0,1,0,차대차 - 기타,신호위반,포장 - 건조,맑음,교차로 - 교차로안,이륜,남,21세,경상,승용,남,56세,상해없음
2019030900100071,2019년 3월 9일 03시,토요일,서울특별시 강서구 화곡동,경상사고,0,0,1,0,차대차 - 후진중충돌,중앙선침범,포장 - 건조,맑음,단일로 - 기타,승용,남,54세,기타불명,승용,남,48세,경상
2019030900100119,2019년 3월 9일 07시,토요일,서울특별시 강서구 화곡동,중상사고,0,1,1,0,차대차 - 측면충돌,중앙선침범,포장 - 건조,맑음,교차로 - 교차로부근,승용,남,63세,상해없음,승용,여,58세,경상
2019030900100223,2019년 3월 9일 11시,토요일,서울특별시 강서구 화곡동,중상사고,0,1,0,0,차대차 - 측면충돌,안전운전불이행,포장 - 건조,맑음,교차로 - 교차로안,승용,남,61세,상해없음,이륜,남,54세,중상
2019030900100279,2019년 3월 9일 13시,토요일,서울특별시 강서구 공항동,경상사고,0,0,1,0,차대사람 - 기타,안전운전불이행,포장 - 건조,맑음,단일로 - 기타,승용,남,41세,상해없음,보행자,여,51세,경상
2019030900100554,2019년 3월 9일 20시,토요일,서울특별시 강서구 화곡동,경상사고,0,0,1,0,차대차 - 기타,안전운전불이행,포장 - 건조,맑음,교차로 - 교차로부근,승용,남,69세,상해없음,원동기,남,23세,경상
2019030900100555,2019년 3월 9일 20시,토요일,서울특별시 강서구 마곡동,경상사고,0,0,1,0,차대차 - 기타,중앙선침범,포장 - 건조,맑음,단일로 - 기타,승용,남,39세,기타불명,이륜,남,33세,경상
2019031000100149,2019년 3월 10일 11시,일요일,서울특별시 강서구 마곡동,중상사고,0,1,4,0,차대차 - 기타,신호위반,포장 - 건조,맑음,교차로 - 교차로안,승용,남,38세,경상,승합,여,48세,중상
2019031000100270,2019년 3월 10일 16시,일요일,서울특별시 강서구 마곡동,경상사고,0,0,1,0,차대차 - 기타,안전운전불이행,포장 - 건조,맑음,기타 - 기타,승용,남,80세,상해없음,자전거,남,71세,경상
2019031000100329,2019년 3월 10일 18시,일요일,서울특별시 강서구 화곡동,경상사고,0,0,1,0,차대차 - 정면충돌,신호위반,포장 - 건조,맑음,단일로 - 기타,이륜,남,45세,상해없음,이륜,남,21세,경상
2019031000100364,2019년 3월 10일 19시,일요일,서울특별시 강서구 외발산동,경상사고,0,0,2,0,차대차 - 측면충돌,기타,포장 - 건조,흐림,교차로 - 교차로안,승용,여,35세,상해없음,승용,여,36세,경상
2019031000100435,2019년 3월 10일 21시,일요일,서울특별시 강서구 화곡동,경상사고,0,0,1,0,차대차 - 측면충돌,중앙선침범,포장 - 건조,맑음,단일로 - 기타,승용,남,29세,상해없음,승용,여,37세,경상
2019031100100071,2019년 3월 11일 07시,월요일,서울특별시 강서구 방화동,중상사고,0,1,1,0,차대차 - 정면충돌,안전운전불이행,포장 - 건조,맑음,교차로 - 교차로횡단보도내,자전거,남,21세,중상,자전거,여,27세,경상
2019031100100104,2019년 3월 11일 08시,월요일,서울특별시 강서구 화곡동,경상사고,0,0,1,0,차대사람 - 횡단중,보행자보호의무위반,포장 - 건조,맑음,교차로 - 교차로부근,승용,남,68세,상해없음,보행자,남,38세,경상
2019031100100105,2019년 3월 11일 08시,월요일,서울특별시 강서구 염창동,경상사고,0,0,1,0,차대차 - 추돌,안전거리미확보,포장 - 건조,기타,단일로 - 기타,승용,남,32세,상해없음,승용,여,38세,경상
2019031200100021,2019년 3월 12일 00시,화요일,서울특별시 강서구 화곡동,중상사고,0,1,0,0,차대사람 - 기타,보행자보호의무위반,포장 - 건조,기타,단일로 - 기타,승용,남,20세,상해없음,보행자,남,18세,중상
2019031200100041,2019년 3월 12일 03시,화요일,서울특별시 강서구 화곡동,경상사고,0,0,1,0,차대차 - 추돌,신호위반,포장 - 건조,맑음,단일로 - 기타,승용,남,45세,상해없음,승용,남,44세,경상
2019031200100097,2019년 3월 12일 08시,화요일,서울특별시 강서구 가양동,경상사고,0,0,1,0,차대사람 - 횡단중,안전운전불이행,포장 - 건조,맑음,교차로 - 교차로횡단보도내,승용,여,34세,상해없음,보행자,여,13세,경상
2019031200100142,2019년 3월 12일 09시,화요일,서울특별시 강서구 가양동,경상사고,0,0,1,0,차대사람 - 횡단중,보행자보호의무위반,포장 - 건조,맑음,교차로 - 교차로부근,승합,남,57세,상해없음,보행자,여,46세,경상
2019031200100467,2019년 3월 12일 19시,화요일,서울특별시 강서구 화곡동,부상신고사고,0,0,0,1,차량단독 - 기타,안전운전불이행,포장 - 건조,맑음,교차로 - 교차로부근,이륜,남,53세,부상신고,,,,
2019031200100509,2019년 3월 12일 20시,화요일,서울특별시 강서구 방화동,경상사고,0,0,1,0,차대차 - 측면충돌,안전운전불이행,포장 - 건조,맑음,교차로 - 교차로안,승용,남,59세,상해없음,이륜,남,24세,경상
2019031300100024,2019년 3월 13일 00시,수요일,서울특별시 강서구 방화동,경상사고,0,0,1,0,차대사람 - 횡단중,보행자보호의무위반,포장 - 건조,맑음,기타 - 기타,승용,남,26세,상해없음,보행자,남,27세,경상
2019031300100037,2019년 3월 13일 02시,수요일,서울특별시 강서구 화곡동,중상사고,0,1,0,0,차대사람 - 차도통행중,안전운전불이행,포장 - 건조,맑음,단일로 - 기타,이륜,남,37세,상해없음,보행자,남,27세,중상
2019031300100038,2019년 3월 13일 02시,수요일,서울특별시 강서구 등촌동,부상신고사고,0,0,0,1,차대차 - 측면충돌,안전운전불이행,포장 - 건조,맑음,교차로 - 교차로안,이륜,남,21세,부상신고,승용,여,54세,상해없음
2019031300100058,2019년 3월 13일 06시,수요일,서울특별시 강서구 마곡동,중상사고,0,2,0,0,차대차 - 추돌,안전운전불이행,포장 - 건조,맑음,단일로 - 기타,승용,남,27세,상해없음,화물,남,61세,중상
2019031300100104,2019년 3월 13일 08시,수요일,서울특별시 강서구 마곡동,경상사고,0,0,1,0,차대차 - 추돌,안전거리미확보,포장 - 건조,맑음,단일로 - 기타,기타불명,기타불명,미분류,기타불명,승용,여,50세,경상
2019031300100179,2019년 3월 13일 10시,수요일,서울특별시 강서구 마곡동,중상사고,0,1,0,0,차대차 - 정면충돌,안전운전불이행,포장 - 건조,맑음,기타 - 기타,승용,여,39세,상해없음,승용,여,44세,중상
2019031300100211,2019년 3월 13일 11시,수요일,서울특별시 강서구 화곡동,중상사고,0,1,0,0,차대차 - 측면충돌,중앙선침범,포장 - 건조,맑음,단일로 - 기타,승용,남,50세,상해없음,이륜,남,36세,중상
2019031300100429,2019년 3월 13일 17시,수요일,서울특별시 강서구 화곡동,경상사고,0,0,1,0,차대사람 - 길가장자리구역통행중,안전운전불이행,포장 - 건조,맑음,단일로 - 기타,승용,남,57세,상해없음,보행자,남,7세,경상
2019031300100648,2019년 3월 13일 23시,수요일,서울특별시 강서구 염창동,경상사고,0,0,2,0,차대차 - 측면충돌,안전운전불이행,포장 - 건조,기타,기타 - 기타,승용,남,27세,기타불명,승용,남,38세,경상
2019031400100316,2019년 3월 14일 14시,목요일,서울특별시 강서구 등촌동,경상사고,0,0,1,0,차대사람 - 기타,기타,포장 - 건조,맑음,단일로 - 기타,승합,남,60세,상해없음,보행자,여,59세,경상
2019031400100446,2019년 3월 14일 18시,목요일,서울특별시 강서구 마곡동,경상사고,0,0,1,0,차대차 - 측면충돌,신호위반,포장 - 기타,맑음,교차로 - 교차로안,승합,남,56세,상해없음,승용,남,38세,경상
2019031400100491,2019년 3월 14일 19시,목요일,서울특별시 강서구 화곡동,중상사고,0,1,0,0,차대사람 - 기타,신호위반,포장 - 건조,맑음,교차로 - 교차로안,이륜,남,24세,상해없음,보행자,남,6세,중상
2019031500100042,2019년 3월 15일 01시,금요일,서울특별시 강서구 가양동,사망사고,1,0,0,0,차대사람 - 기타,안전운전불이행,포장 - 건조,흐림,교차로 - 교차로부근,승합,남,52세,상해없음,보행자,남,49세,사망
2019031500100095,2019년 3월 15일 07시,금요일,서울특별시 강서구 내발산동,중상사고,0,1,0,0,차대차 - 기타,교차로운행방법위반,포장 - 건조,맑음,교차로 - 교차로안,승용,여,50세,상해없음,이륜,남,37세,중상
2019031500100120,2019년 3월 15일 08시,금요일,서울특별시 강서구 마곡동,경상사고,0,0,1,0,차대차 - 기타,안전운전불이행,포장 - 건조,맑음,단일로 - 기타,화물,남,56세,상해없음,자전거,남,23세,경상
2019031500100121,2019년 3월 15일 08시,금요일,서울특별시 강서구 가양동,경상사고,0,0,1,0,차대차 - 측면충돌,신호위반,포장 - 건조,맑음,단일로 - 기타,승용,남,56세,상해없음,화물,남,55세,상해없음
2019031500100221,2019년 3월 15일 11시,금요일,서울특별시 강서구 화곡동,경상사고,0,0,2,0,차대차 - 측면충돌,중앙선침범,포장 - 건조,맑음,단일로 - 기타,화물,남,51세,상해없음,승용,남,46세,경상
2019031500100278,2019년 3월 15일 13시,금요일,서울특별시 강서구 마곡동,경상사고,0,0,1,0,차대차 - 측면충돌,안전운전불이행,포장 - 건조,맑음,단일로 - 기타,화물,남,55세,상해없음,승용,남,36세,경상
2019031500100349,2019년 3월 15일 15시,금요일,서울특별시 강서구 화곡동,중상사고,0,1,0,0,차대사람 - 횡단중,신호위반,포장 - 건조,맑음,교차로 - 교차로횡단보도내,이륜,남,17세,상해없음,보행자,여,63세,중상
2019031500100350,2019년 3월 15일 15시,금요일,서울특별시 강서구 화곡동,경상사고,0,0,2,0,차대차 - 기타,신호위반,포장 - 건조,맑음,교차로 - 교차로부근,승용,남,55세,상해없음,승용,여,34세,경상
2019031500100440,2019년 3월 15일 17시,금요일,서울특별시 강서구 공항동,중상사고,0,1,0,0,차대차 - 추돌,안전운전불이행,포장 - 건조,맑음,기타 - 기타,이륜,남,18세,중상,승용,남,51세,상해없음
2019031500100441,2019년 3월 15일 17시,금요일,서울특별시 강서구 화곡동,경상사고,0,0,2,0,차대차 - 추돌,안전운전불이행,포장 - 건조,맑음,교차로 - 교차로부근,승용,여,52세,상해없음,승용,남,37세,경상
2019031600100066,2019년 3월 16일 02시,토요일,서울특별시 강서구 마곡동,경상사고,0,0,1,0,차대차 - 측면충돌,직진우회전진행방해,포장 - 건조,맑음,교차로 - 교차로안,승용,남,53세,상해없음,화물,남,72세,상해없음
2019031600100268,2019년 3월 16일 12시,토요일,서울특별시 강서구 화곡동,경상사고,0,0,1,0,차대차 - 기타,안전운전불이행,포장 - 건조,맑음,단일로 - 기타,이륜,남,19세,경상,승용,남,70세,상해없음
2019031600100342,2019년 3월 16일 14시,토요일,서울특별시 강서구 화곡동,부상신고사고,0,0,0,1,차대사람 - 기타,안전운전불이행,포장 - 건조,맑음,단일로 - 기타,승용,남,51세,상해없음,보행자,여,31세,부상신고
2019031600100456,2019년 3월 16일 17시,토요일,서울특별시 강서구 가양동,경상사고,0,0,1,0,차대차 - 측면충돌,안전운전불이행,포장 - 건조,기타,단일로 - 교량,승용,남,46세,상해없음,승용,남,67세,상해없음
2019031600100509,2019년 3월 16일 19시,토요일,서울특별시 강서구 방화동,경상사고,0,0,1,0,차대차 - 측면충돌,안전운전불이행,포장 - 건조,맑음,단일로 - 기타,이륜,남,30세,상해없음,이륜,남,18세,경상
2019031700100165,2019년 3월 17일 11시,일요일,서울특별시 강서구 방화동,경상사고,0,0,2,0,차대차 - 정면충돌,신호위반,포장 - 건조,맑음,교차로 - 교차로안,이륜,남,22세,경상,승용,남,70세,경상
2019031700100487,2019년 3월 17일 22시,일요일,서울특별시 강서구 화곡동,경상사고,0,0,1,0,차대차 - 측면충돌,중앙선침범,포장 - 건조,맑음,단일로 - 기타,승용,남,35세,상해없음,이륜,남,16세,경상
2019031900100019,2019년 3월 19일 00시,화요일,서울특별시 강서구 마곡동,중상사고,0,1,1,0,차대차 - 추돌,안전운전불이행,포장 - 건조,맑음,교차로 - 교차로부근,승용,여,54세,상해없음,승용,남,61세,중상
2019031900100064,2019년 3월 19일 05시,화요일,서울특별시 강서구 방화동,경상사고,0,0,2,0,차대차 - 측면충돌,신호위반,포장 - 건조,맑음,단일로 - 기타,승용,남,73세,상해없음,승용,남,69세,경상
2019031900100254,2019년 3월 19일 13시,화요일,서울특별시 강서구 가양동,중상사고,0,3,0,0,차대사람 - 횡단중,보행자보호의무위반,포장 - 건조,맑음,교차로 - 교차로횡단보도내,화물,남,54세,상해없음,보행자,여,79세,중상
2019031900100414,2019년 3월 19일 18시,화요일,서울특별시 강서구 화곡동,경상사고,0,0,1,0,차대차 - 기타,안전운전불이행,포장 - 건조,맑음,단일로 - 기타,승용,남,32세,상해없음,승용,여,56세,경상
2019031900100523,2019년 3월 19일 22시,화요일,서울특별시 강서구 등촌동,중상사고,0,1,0,0,차대차 - 기타,신호위반,포장 - 건조,맑음,교차로 - 교차로안,건설기계,남,53세,상해없음,승용,남,63세,중상