사고번호,사고일시,요일,시군구,사고내용,사망자수,중상자수,경상자수,부상신고자수,사고유형,법규위반,노면상태,기상상태,도로형태,가해운전자 차종,가해운전자 성별,가해운전자 연령,가해운전자 상해정도,피해운전자 차종,피해운전자 성별,피해운전자 연령,피해운전자 상해정도
2019041200100568,2019년 4월 12일 20시,금요일,서울특별시 강서구 등촌동,경상사고,0,0,2,0,차대차 - 측면충돌,교차로운행방법위반,포장 - 건조,맑음,교차로 - 교차로안,승용,남,28세,상해없음,승용,남,38세,경상
2019041200100663,2019년 4월 12일 23시,금요일,서울특별시 강서구 등촌동,경상사고,0,0,1,0,차대차 - 측면충돌,안전거리미확보,포장 - 건조,맑음,단일로 - 기타,승용,남,63세,상해없음,승합,남,34세,상해없음
2019041300100113,2019년 4월 13일 06시,토요일,서울특별시 강서구 개화동,중상사고,0,1,2,0,차대차 - 기타,안전거리미확보,포장 - 건조,맑음,단일로 - 기타,승용,남,28세,상해없음,승용,남,44세,경상
2019041300100147,2019년 4월 13일 08시,토요일,서울특별시 강서구 공항동,경상사고,0,0,1,0,차대사람 - 기타,안전운전불이행,포장 - 건조,맑음,기타 - 기타,승용,남,55세,상해없음,보행자,여,72세,경상
2019041300100365,2019년 4월 13일 14시,토요일,서울특별시 강서구 가양동,경상사고,0,0,1,0,차대차 - 기타,안전운전불이행,포장 - 건조,맑음,교차로 - 교차로안,승용,여,62세,상해없음,승용,여,36세,경상
2019041300100395,2019년 4월 13일 15시,토요일,서울특별시 강서구 마곡동,경상사고,0,0,2,0,차대차 - 측면충돌,안전운전불이행,포장 - 기타,맑음,주차장 - 주차장,승용,여,38세,상해없음,승용,여,36세,상해없음
2019041300100432,2019년 4월 13일 16시,토요일,서울특별시 강서구 화곡동,경상사고,0,0,1,0,차대차 - 측면충돌,안전운전불이행,포장 - 건조,맑음,단일로 - 기타,기타불명,기타불명,미분류,기타불명,이륜,남,37세,경상
2019041300100554,2019년 4월 13일 19시,토요일,서울특별시 강서구 염창동,중상사고,0,1,0,0,차대사람 - 기타,안전운전불이행,포장 - 건조,맑음,교차로 - 교차로안,승용,남,33세,상해없음,보행자,여,16세,중상
2019041300100595,2019년 4월 13일 20시,토요일,서울특별시 강서구 등촌동,경상사고,0,0,1,0,차대차 - 측면충돌,직진우회전진행방해,포장 - 건조,맑음,교차로 - 교차로안,승용,여,39세,상해없음,이륜,남,17세,경상
2019041300100596,2019년 4월 13일 20시,토요일,서울특별시 강서구 방화동,중상사고,0,1,0,0,차대차 - 기타,신호위반,포장 - 건조,맑음,교차로 - 교차로안,승합,남,64세,상해없음,이륜,남,19세,중상
2019041300100635,2019년 4월 13일 21시,토요일,서울특별시 강서구 염창동,경상사고,0,0,3,0,차대차 - 측면충돌,안전운전불이행,포장 - 건조,맑음,교차로 - 교차로부근,승용,남,46세,상해없음,승용,남,31세,경상
2019041400100106,2019년 4월 14일 08시,일요일,서울특별시 강서구 방화동,경상사고,0,0,3,0,차대차 - 측면충돌,신호위반,포장 - 건조,맑음,교차로 - 교차로안,화물,남,63세,상해없음,승용,여,48세,경상
2019041400100254,2019년 4월 14일 15시,일요일,서울특별시 강서구 가양동,경상사고,0,0,1,0,차대차 - 측면충돌,안전운전불이행,포장 - 건조,맑음,교차로 - 교차로부근,기타불명,기타불명,미분류,기타불명,승용,남,40세,상해없음
2019041400100402,2019년 4월 14일 21시,일요일,서울특별시 강서구 화곡동,경상사고,0,0,2,0,차대차 - 추돌,안전운전불이행,포장 - 건조,맑음,단일로 - 기타,승용,남,32세,상해없음,승용,남,29세,경상
2019041400100428,2019년 4월 14일 22시,일요일,서울특별시 강서구 방화동,경상사고,0,0,1,0,차대차 - 측면충돌,기타,포장 - 건조,흐림,교차로 - 교차로부근,승용,남,60세,상해없음,이륜,남,18세,경상
2019041500100110,2019년 4월 15일 08시,월요일,서울특별시 강서구 내발산동,경상사고,0,0,1,0,차대차 - 기타,신호위반,포장 - 건조,맑음,교차로 - 교차로안,승합,여,55세,상해없음,승용,남,64세,경상
2019041500100237,2019년 4월 15일 11시,월요일,서울특별시 강서구 화곡동,경상사고,0,0,1,0,차대사람 - 횡단중,안전운전불이행,포장 - 건조,맑음,교차로 - 교차로부근,승용,남,68세,상해없음,보행자,남,23세,경상
2019041500100686,2019년 4월 15일 22시,월요일,서울특별시 강서구 화곡동,경상사고,0,0,2,0,차대차 - 정면충돌,신호위반,포장 - 건조,맑음,교차로 - 교차로안,이륜,남,31세,경상,승용,남,39세,경상
2019041600100186,2019년 4월 16일 09시,화요일,서울특별시 강서구 등촌동,중상사고,0,1,1,0,차대차 - 측면충돌,교차로운행방법위반,포장 - 건조,맑음,교차로 - 교차로안,승용,여,53세,상해없음,승용,여,33세,중상
2019041600100221,2019년 4월 16일 10시,화요일,서울특별시 강서구 화곡동,중상사고,0,1,0,0,차량단독 - 기타,안전운전불이행,포장 - 기타,맑음,단일로 - 기타,이륜,남,80세,중상,,,,
2019041600100254,2019년 4월 16일 11시,화요일,서울특별시 강서구 내발산동,경상사고,0,0,2,0,차량단독 - 기타,안전운전불이행,포장 - 건조,맑음,단일로 - 기타,승용,남,70세,상해없음,,,,
2019041600100467,2019년 4월 16일 17시,화요일,서울특별시 강서구 방화동,부상신고사고,0,0,0,1,차대차 - 측면충돌,불법유턴,포장 - 건조,맑음,단일로 - 기타,자전거,여,62세,부상신고,승용,여,48세,상해없음
2019041600100561,2019년 4월 16일 19시,화요일,서울특별시 강서구 화곡동,경상사고,0,0,1,0,차대차 - 측면충돌,안전운전불이행,포장 - 기타,맑음,단일로 - 기타,승용,남,49세,상해없음,이륜,남,49세,경상
2019041600100659,2019년 4월 16일 22시,화요일,서울특별시 강서구 화곡동,경상사고,0,0,1,0,차대사람 - 차도통행중,안전운전불이행,포장 - 건조,맑음,교차로 - 교차로안,기타불명,기타불명,미분류,기타불명,보행자,여,28세,경상
2019041600100686,2019년 4월 16일 23시,화요일,서울특별시 강서구 내발산동,경상사고,0,0,1,0,차대차 - 기타,안전거리미확보,포장 - 건조,맑음,기타 - 기타,승용,남,73세,상해없음,이륜,남,29세,경상
2019041700100020,2019년 4월 17일 00시,수요일,서울특별시 강서구 화곡동,경상사고,0,0,1,0,차대차 - 기타,신호위반,포장 - 건조,맑음,교차로 - 교차로부근,이륜,남,29세,경상,승용,남,27세,상해없음
2019041700100289,2019년 4월 17일 13시,수요일,서울특별시 강서구 염창동,경상사고,0,0,1,0,차대차 - 후진중충돌,안전운전불이행,포장 - 건조,맑음,단일로 - 기타,승용,여,57세,상해없음,승용,남,37세,경상
2019041700100524,2019년 4월 17일 19시,수요일,서울특별시 강서구 방화동,중상사고,0,1,0,0,차대차 - 기타,신호위반,포장 - 건조,맑음,교차로 - 교차로안,승용,남,64세,상해없음,자전거,남,28세,중상
2019041700100568,2019년 4월 17일 20시,수요일,서울특별시 강서구 화곡동,중상사고,0,1,0,0,차대차 - 측면충돌,안전운전불이행,포장 - 건조,맑음,단일로 - 기타,승용,남,59세,상해없음,자전거,여,77세,중상
2019041900100460,2019년 4월 19일 17시,금요일,서울특별시 강서구 화곡동,중상사고,0,1,0,0,차대차 - 기타,안전운전불이행,포장 - 건조,맑음,단일로 - 기타,승용,남,65세,상해없음,자전거,남,79세,중상
2019041900100461,2019년 4월 19일 17시,금요일,서울특별시 강서구 공항동,경상사고,0,0,1,0,차대차 - 기타,안전운전불이행,포장 - 건조,맑음,단일로 - 기타,화물,남,57세,상해없음,승용,여,38세,경상
2019041900100513,2019년 4월 19일 18시,금요일,서울특별시 강서구 마곡동,경상사고,0,0,1,0,차대차 - 측면충돌,신호위반,포장 - 건조,맑음,단일로 - 기타,이륜,남,35세,경상,승용,남,58세,상해없음
2019041900100558,2019년 4월 19일 19시,금요일,서울특별시 강서구 가양동,경상사고,0,0,1,0,차대사람 - 횡단중,보행자보호의무위반,포장 - 건조,맑음,교차로 - 교차로횡단보도내,승용,남,56세,상해없음,보행자,여,59세,경상
2019041900100597,2019년 4월 19일 20시,금요일,서울특별시 강서구 염창동,경상사고,0,0,1,0,차대차 - 후진중충돌,안전운전불이행,포장 - 기타,흐림,교차로 - 교차로안,승용,여,65세,상해없음,승용,여,45세,경상
2019041900100629,2019년 4월 19일 21시,금요일,서울특별시 강서구 마곡동,경상사고,0,0,1,0,차대차 - 측면충돌,신호위반,포장 - 건조,맑음,교차로 - 교차로안,이륜,남,41세,경상,승합,남,64세,상해없음
2019041900100630,2019년 4월 19일 21시,금요일,서울특별시 강서구 공항동,경상사고,0,0,1,0,차대차 - 측면충돌,안전운전불이행,포장 - 건조,흐림,단일로 - 기타,승용,남,54세,상해없음,승용,여,41세,경상
2019042000100155,2019년 4월 20일 09시,토요일,서울특별시 강서구 가양동,경상사고,0,0,1,0,차대차 - 측면충돌,교차로운행방법위반,포장 - 건조,맑음,교차로 - 교차로안,승용,여,61세,상해없음,승용,여,61세,경상
2019042000100271,2019년 4월 20일 12시,토요일,서울특별시 강서구 내발산동,경상사고,0,0,2,0,차대사람 - 횡단중,안전운전불이행,포장 - 건조,맑음,단일로 - 기타,이륜,남,47세,경상,보행자,여,7세,경상
2019042000100437,2019년 4월 20일 16시,토요일,서울특별시 강서구 화곡동,경상사고,0,0,1,0,차대사람 - 횡단중,보행자보호의무위반,포장 - 건조,맑음,교차로 - 교차로횡단보도내,승용,남,44세,상해없음,보행자,남,26세,경상
2019042000100438,2019년 4월 20일 16시,토요일,서울특별시 강서구 화곡동,경상사고,0,0,1,0,차대차 - 기타,안전운전불이행,포장 - 건조,맑음,교차로 - 교차로부근,승용,남,49세,상해없음,승용,남,44세,경상
2019042000100641,2019년 4월 20일 22시,토요일,서울특별시 강서구 공항동,중상사고,0,1,0,0,차대사람 - 차도통행중,안전운전불이행,포장 - 젖음/습기,비,단일로 - 기타,승용,남,42세,상해없음,보행자,여,56세,중상
2019042000100673,2019년 4월 20일 23시,토요일,서울특별시 강서구 화곡동,경상사고,0,0,2,0,차대차 - 측면충돌,신호위반,포장 - 젖음/습기,비,교차로 - 교차로안,이륜,남,28세,경상,이륜,남,19세,경상
2019042000100674,2019년 4월 20일 23시,토요일,서울특별시 강서구 화곡동,경상사고,0,0,1,0,차대차 - 후진중충돌,안전운전불이행,포장 - 젖음/습기,흐림,단일로 - 기타,승용,남,56세,상해없음,승용,남,21세,경상
2019042100100036,2019년 4월 21일 01시,일요일,서울특별시 강서구 등촌동,중상사고,0,1,2,0,차대차 - 측면충돌,신호위반,포장 - 젖음/습기,기타,교차로 - 교차로안,승용,남,67세,상해없음,승용,남,63세,경상
2019042100100037,2019년 4월 21일 01시,일요일,서울특별시 강서구 화곡동,경상사고,0,0,1,0,차대차 - 측면충돌,안전운전불이행,포장 - 젖음/습기,비,교차로 - 교차로부근,승용,남,25세,상해없음,승용,남,47세,상해없음
2019042100100067,2019년 4월 21일 03시,일요일,서울특별시 강서구 등촌동,경상사고,0,0,1,0,차대차 - 측면충돌,신호위반,포장 - 젖음/습기,흐림,교차로 - 교차로안,승용,남,63세,상해없음,승용,남,54세,경상
2019042100100265,2019년 4월 21일 15시,일요일,서울특별시 강서구 화곡동,중상사고,0,1,0,0,차대차 - 기타,안전운전불이행,포장 - 건조,맑음,단일로 - 기타,승용,남,57세,상해없음,이륜,남,28세,중상
2019042100100371,2019년 4월 21일 19시,일요일,서울특별시 강서구 가양동,경상사고,0,0,2,0,차대차 - 측면충돌,안전운전불이행,포장 - 건조,맑음,단일로 - 기타,승용,여,38세,상해없음,승용,남,33세,경상
2019042200100048,2019년 4월 22일 05시,월요일,서울특별시 강서구 화곡동,경상사고,0,0,2,0,차대차 - 추돌,안전운전불이행,포장 - 건조,맑음,단일로 - 기타,이륜,남,26세,상해없음,승용,남,36세,경상
2019042200100443,2019년 4월 22일 16시,월요일,서울특별시 강서구 내발산동,경상사고,0,0,1,0,차대사람 - 길가장자리구역통행중,안전운전불이행,포장 - 건조,맑음,단일로 - 기타,화물,남,52세,기타불명,보행자,여,55세,경상
2019042200100695,2019년 4월 22일 23시,월요일,서울특별시 강서구 화곡동,경상사고,0,0,2,0,차대차 - 측면충돌,직진우회전진행방해,포장 - 건조,맑음,교차로 - 교차로안,승용,남,25세,경상,승용,남,68세,경상
2019042300100022,2019년 4월 23일 00시,화요일,서울특별시 강서구 화곡동,경상사고,0,0,1,0,차대차 - 정면충돌,안전운전불이행,포장 - 기타,흐림,단일로 - 기타,이륜,남,42세,상해없음,자전거,남,25세,경상
2019042300100090,2019년 4월 23일 08시,화요일,서울특별시 강서구 방화동,경상사고,0,0,1,0,차대차 - 측면충돌,안전거리미확보,포장 - 건조,맑음,단일로 - 기타,승용,남,60세,상해없음,승용,여,47세,경상
2019042300100179,2019년 4월 23일 10시,화요일,서울특별시 강서구 마곡동,경상사고,0,0,1,0,차대차 - 측면충돌,신호위반,포장 - 건조,맑음,교차로 - 교차로안,이륜,남,35세,기타불명,승합,남,62세,경상
2019042300100293,2019년 4월 23일 14시,화요일,서울특별시 강서구 화곡동,경상사고,0,0,1,0,차대차 - 기타,안전운전불이행,포장 - 건조,기타,단일로 - 기타,승용,남,71세,상해없음,승합,남,50세,상해없음
2019042300100407,2019년 4월 23일 17시,화요일,서울특별시 강서구 화곡동,경상사고,0,0,1,0,차대사람 - 차도통행중,안전운전불이행,포장 - 건조,맑음,단일로 - 기타,이륜,남,41세,상해없음,보행자,남,39세,경상
2019042300100408,2019년 4월 23일 17시,화요일,서울특별시 강서구 가양동,중상사고,0,1,1,0,차대차 - 추돌,신호위반,포장 - 건조,맑음,단일로 - 기타,승용,남,46세,상해없음,승용,여,46세,경상
2019042300100495,2019년 4월 23일 19시,화요일,서울특별시 강서구 가양동,경상사고,0,0,1,0,차대차 - 추돌,안전운전불이행,포장 - 건조,맑음,단일로 - 교량,승용,남,57세,상해없음,승용,남,34세,경상
2019042300100605,2019년 4월 23일 22시,화요일,서울특별시 강서구 공항동,중상사고,0,1,0,0,차대차 - 측면충돌,안전운전불이행,포장 - 기타,맑음,단일로 - 기타,승합,남,49세,상해없음,자전거,남,56세,중상
2019042400100051,2019년 4월 24일 01시,수요일,서울특별시 강서구 개화동,경상사고,0,0,2,0,차대차 - 추돌,안전운전불이행,포장 - 젖음/습기,비,단일로 - 기타,승용,남,70세,상해없음,승용,남,40세,경상
2019042400100067,2019년 4월 24일 02시,수요일,서울특별시 강서구 화곡동,경상사고,0,0,1,0,차대차 - 추돌,안전운전불이행,포장 - 젖음/습기,비,교차로 - 교차로부근,승용,여,19세,상해없음,승용,남,48세,경상
2019042400100125,2019년 4월 24일 07시,수요일,서울특별시 강서구 화곡동,경상사고,0,0,2,0,차대차 - 측면충돌,직진우회전진행방해,포장 - 젖음/습기,흐림,교차로 - 교차로안,승용,남,57세,상해없음,승용,남,24세,경상
2019042400100265,2019년 4월 24일 11시,수요일,서울특별시 강서구 개화동,경상사고,0,0,1,0,차대차 - 추돌,안전거리미확보,포장 - 건조,맑음,단일로 - 기타,화물,남,65세,상해없음,이륜,남,50세,경상
2019042400100318,2019년 4월 24일 13시,수요일,서울특별시 강서구 화곡동,경상사고,0,0,1,0,차대차 - 측면충돌,신호위반,포장 - 건조,맑음,교차로 - 교차로안,이륜,남,68세,경상,승용,남,26세,상해없음
2019042400100384,2019년 4월 24일 15시,수요일,서울특별시 강서구 가양동,경상사고,0,0,5,0,차대차 - 추돌,안전거리미확보,포장 - 건조,맑음,단일로 - 기타,화물,남,22세,상해없음,승용,남,58세,경상
2019042500100217,2019년 4월 25일 11시,목요일,서울특별시 강서구 염창동,부상신고사고,0,0,0,1,차대차 - 후진중충돌,안전운전불이행,포장 - 건조,맑음,단일로 - 기타,화물,여,40세,상해없음,승용,여,33세,부상신고
2019042500100255,2019년 4월 25일 12시,목요일,서울특별시 강서구 공항동,경상사고,0,0,1,0,차대차 - 추돌,과속,포장 - 건조,흐림,교차로 - 교차로안,승합,남,49세,상해없음,승용,여,61세,경상
2019042500100256,2019년 4월 25일 12시,목요일,서울특별시 강서구 화곡동,경상사고,0,0,1,0,차대차 - 기타,안전운전불이행,비포장 - 젖음/습기,비,단일로 - 기타,기타불명,기타불명,미분류,기타불명,원동기,남,46세,경상
2019042500100513,2019년 4월 25일 19시,목요일,서울특별시 강서구 공항동,중상사고,0,1,0,0,차대사람 - 횡단중,안전운전불이행,포장 - 젖음/습기,비,교차로 - 교차로안,승용,남,58세,상해없음,보행자,남,61세,중상
2019042600100192,2019년 4월 26일 09시,금요일,서울특별시 강서구 화곡동,경상사고,0,0,1,0,차대차 - 추돌,안전운전불이행,포장 - 건조,맑음,단일로 - 기타,승용,여,48세,상해없음,승용,여,37세,상해없음
2019042600100193,2019년 4월 26일 09시,금요일,서울특별시 강서구 과해동,경상사고,0,0,1,0,차대차 - 측면충돌,교차로운행방법위반,포장 - 건조,맑음,단일로 - 기타,승합,남,41세,상해없음,승용,남,63세,경상
2019042600100216,2019년 4월 26일 10시,금요일,서울특별시 강서구 마곡동,경상사고,0,0,1,0,차대차 - 기타,안전운전불이행,포장 - 건조,맑음,단일로 - 기타,이륜,남,30세,경상,승용,남,48세,상해없음
2019042600100496,2019년 4월 26일 18시,금요일,서울특별시 강서구 마곡동,경상사고,0,0,1,0,차대차 - 측면충돌,기타,포장 - 건조,맑음,교차로 - 교차로안,승용,남,48세,상해없음,승용,남,58세,상해없음
2019042700100078,2019년 4월 27일 02시,토요일,서울특별시 강서구 화곡동,경상사고,0,0,1,0,차대사람 - 보도통행중,안전운전불이행,포장 - 건조,맑음,기타 - 기타,승용,남,63세,상해없음,보행자,남,27세,경상
2019042700100303,2019년 4월 27일 12시,토요일,서울특별시 강서구 가양동,경상사고,0,0,2,3,차대차 - 추돌,안전거리미확보,포장 - 건조,맑음,기타 - 기타,승용,남,56세,상해없음,승용,남,53세,경상
2019042700100413,2019년 4월 27일 15시,토요일,서울특별시 강서구 화곡동,중상사고,0,1,1,0,차대차 - 기타,중앙선침범,포장 - 건조,맑음,단일로 - 기타,원동기,남,23세,경상,원동기,남,16세,중상
2019042800100204,2019년 4월 28일 13시,일요일,서울특별시 강서구 내발산동,경상사고,0,0,2,0,차대사람 - 횡단중,신호위반,포장 - 건조,맑음,교차로 - 교차로횡단보도내,승용,남,46세,상해없음,보행자,여,34세,경상
2019042800100333,2019년 4월 28일 17시,일요일,서울특별시 강서구 화곡동,중상사고,0,1,0,0,차대차 - 추돌,안전운전불이행,포장 - 건조,맑음,교차로 - 교차로안,이륜,남,59세,상해없음,이륜,남,41세,중상
2019042900100058,2019년 4월 29일 05시,월요일,서울특별시 강서구 방화동,경상사고,0,0,1,0,차대사람 - 횡단중,신호위반,포장 - 건조,맑음,교차로 - 교차로횡단보도내,승용,남,55세,상해없음,보행자,남,80세,경상
2019042900100193,2019년 4월 29일 10시,월요일,서울특별시 강서구 염창동,경상사고,0,0,1,0,차대차 - 측면충돌,안전운전불이행,포장 - 건조,맑음,교차로 - 교차로부근,승용,남,32세,상해없음,승용,남,57세,경상
2019042900100494,2019년 4월 29일 18시,월요일,서울특별시 강서구 가양동,경상사고,0,0,1,0,차대차 - 측면충돌,안전운전불이행,포장 - 건조,맑음,교차로 - 교차로안,승용,여,40세,상해없음,승용,여,38세,경상
2019043000100084,2019년 4월 30일 07시,화요일,서울특별시 강서구 화곡동,중상사고,0,1,0,0,차대차 - 측면충돌,신호위반,포장 - 건조,맑음,단일로 - 기타,승용,남,43세,상해없음,자전거,남,50세,중상
2019043000100344,2019년 4월 30일 15시,화요일,서울특별시 강서구 가양동,경상사고,0,0,1,0,차대차 - 측면충돌,신호위반,포장 - 건조,맑음,교차로 - 교차로안,원동기,남,53세,경상,승용,남,74세,상해없음
2019043000100602,2019년 4월 30일 22시,화요일,서울특별시 강서구 등촌동,중상사고,0,1,0,0,차대사람 - 횡단중,보행자보호의무위반,포장 - 건조,맑음,교차로 - 교차로횡단보도내,승용,남,58세,상해없음,보행자,여,60세,중상
2019050100100184,2019년 5월 1일 11시,수요일,서울특별시 강서구 공항동,경상사고,0,0,2,0,차대차 - 기타,안전운전불이행,포장 - 건조,맑음,단일로 - 기타,승합,남,59세,상해없음,승용,남,48세,경상
2019050200100207,2019년 5월 2일 10시,목요일,서울특별시 강서구 공항동,경상사고,0,0,1,0,차대차 - 기타,안전거리미확보,포장 - 건조,맑음,단일로 - 기타,승용,남,45세,상해없음,승합,남,58세,상해없음
2019050200100279,2019년 5월 2일 12시,목요일,서울특별시 강서구 가양동,경상사고,0,0,1,0,차대사람 - 횡단중,안전운전불이행,포장 - 건조,맑음,단일로 - 기타,화물,남,52세,상해없음,보행자,남,65세,경상
2019050200100387,2019년 5월 2일 15시,목요일,서울특별시 강서구 방화동,경상사고,0,0,1,0,차대차 - 후진중충돌,안전운전불이행,포장 - 건조,맑음,주차장 - 주차장,승용,남,70세,상해없음,승용,여,54세,경상
2019050200100570,2019년 5월 2일 19시,목요일,서울특별시 강서구 등촌동,경상사고,0,0,1,0,차대사람 - 차도통행중,안전운전불이행,포장 - 건조,맑음,단일로 - 기타,승용,여,33세,상해없음,보행자,남,27세,경상
2019050200100671,2019년 5월 2일 22시,목요일,서울특별시 강서구 염창동,중상사고,0,1,0,0,차대사람 - 기타,안전운전불이행,포장 - 건조,맑음,교차로 - 교차로부근,승용,남,26세,상해없음,보행자,남,42세,중상
2019050300100223,2019년 5월 3일 10시,금요일,서울특별시 강서구 화곡동,부상신고사고,0,0,0,1,차대차 - 측면충돌,직진우회전진행방해,포장 - 건조,맑음,교차로 - 교차로안,승용,남,34세,부상신고,화물,남,31세,상해없음
2019050300100400,2019년 5월 3일 15시,금요일,서울특별시 강서구 개화동,경상사고,0,0,1,0,차량단독 - 공작물충돌,안전운전불이행,포장 - 건조,맑음,단일로 - 기타,승용,남,69세,상해없음,,,,
2019050300100498,2019년 5월 3일 17시,금요일,서울특별시 강서구 가양동,경상사고,0,0,3,0,차대차 - 측면충돌,신호위반,포장 - 건조,맑음,교차로 - 교차로안,승합,남,52세,상해없음,화물,남,63세,경상
2019050300100685,2019년 5월 3일 21시,금요일,서울특별시 강서구 공항동,경상사고,0,0,1,0,차대차 - 추돌,안전거리미확보,포장 - 건조,맑음,단일로 - 기타,승용,남,21세,상해없음,승용,남,44세,경상
2019050400100137,2019년 5월 4일 08시,토요일,서울특별시 강서구 화곡동,경상사고,0,0,1,0,차대사람 - 보도통행중,기타,포장 - 건조,맑음,단일로 - 기타,승용,남,30세,상해없음,보행자,여,41세,경상
2019050400100138,2019년 5월 4일 08시,토요일,서울특별시 강서구 공항동,경상사고,0,0,1,1,차대차 - 기타,신호위반,포장 - 건조,맑음,교차로 - 교차로안,승용,남,60세,상해없음,승합,남,63세,경상
2019050400100189,2019년 5월 4일 10시,토요일,서울특별시 강서구 개화동,경상사고,0,0,1,0,차대차 - 측면충돌,안전거리미확보,포장 - 건조,맑음,단일로 - 기타,승용,남,73세,상해없음,승용,남,71세,경상
2019050400100483,2019년 5월 4일 17시,토요일,서울특별시 강서구 염창동,경상사고,0,0,1,0,차대차 - 추돌,안전운전불이행,포장 - 건조,맑음,단일로 - 기타,승용,여,38세,상해없음,승용,여,60세,경상
2019050400100484,2019년 5월 4일 17시,토요일,서울특별시 강서구 방화동,경상사고,0,0,1,0,차대차 - 측면충돌,안전운전불이행,포장 - 건조,맑음,교차로 - 교차로안,승용,남,58세,상해없음,자전거,남,64세,경상
2019050500100021,2019년 5월 5일 00시,일요일,서울특별시 강서구 가양동,경상사고,0,0,1,0,차대차 - 기타,신호위반,포장 - 건조,맑음,교차로 - 교차로안,이륜,남,17세,경상,승용,남,42세,상해없음
2019050500100201,2019년 5월 5일 12시,일요일,서울특별시 강서구 방화동,경상사고,0,0,1,0,차대차 - 기타,신호위반,포장 - 건조,맑음,단일로 - 기타,승용,남,28세,상해없음,승용,남,41세,경상
2019050500100406,2019년 5월 5일 17시,일요일,서울특별시 강서구 방화동,중상사고,0,1,0,0,차대차 - 측면충돌,안전운전불이행,포장 - 기타,맑음,교차로 - 교차로횡단보도내,화물,남,44세,상해없음,개인형이동수단(PM),남,23세,중상
2019050600100038,2019년 5월 6일 01시,월요일,서울특별시 강서구 공항동,사망사고,1,0,0,0,차대사람 - 횡단중,과속,포장 - 건조,맑음,단일로 - 기타,승용,남,67세,상해없음,보행자,남,23세,사망
2019050600100052,2019년 5월 6일 02시,월요일,서울특별시 강서구 화곡동,사망사고,1,0,0,0,차대사람 - 횡단중,안전운전불이행,포장 - 건조,흐림,단일로 - 기타,승용,남,59세,상해없음,보행자,남,60세,사망
2019050600100053,2019년 5월 6일 02시,월요일,서울특별시 강서구 마곡동,경상사고,0,0,1,0,차대차 - 측면충돌,교차로운행방법위반,포장 - 건조,맑음,교차로 - 교차로안,승용,남,35세,기타불명,승용,여,58세,경상
2019050600100075,2019년 5월 6일 04시,월요일,서울특별시 강서구 등촌동,경상사고,0,0,1,0,차대차 - 추돌,안전거리미확보,포장 - 건조,맑음,단일로 - 기타,승용,남,53세,상해없음,승용,남,46세,경상
2019050600100197,2019년 5월 6일 12시,월요일,서울특별시 강서구 외발산동,경상사고,0,0,1,1,차대차 - 추돌,안전운전불이행,포장 - 건조,맑음,교차로 - 교차로부근,화물,남,59세,상해없음,승용,남,53세,부상신고
2019050600100359,2019년 5월 6일 16시,월요일,서울특별시 강서구 내발산동,중상사고,0,2,0,0,차대차 - 측면충돌,신호위반,포장 - 건조,맑음,교차로 - 교차로부근,이륜,남,29세,상해없음,승용,남,36세,중상
2019050600100579,2019년 5월 6일 22시,월요일,서울특별시 강서구 화곡동,중상사고,0,1,0,0,차대사람 - 보도통행중,보행자보호의무위반,포장 - 건조,맑음,교차로 - 교차로횡단보도내,이륜,남,59세,상해없음,보행자,여,53세,중상
2019050700100113,2019년 5월 7일 08시,화요일,서울특별시 강서구 염창동,경상사고,0,0,1,0,차대차 - 측면충돌,안전운전불이행,포장 - 건조,맑음,단일로 - 기타,승용,여,25세,상해없음,자전거,남,33세,경상
2019050700100178,2019년 5월 7일 09시,화요일,서울특별시 강서구 마곡동,사망사고,1,0,0,0,차대사람 - 횡단중,안전운전불이행,포장 - 건조,맑음,단일로 - 기타,승합,남,48세,상해없음,보행자,여,58세,사망
2019050700100508,2019년 5월 7일 17시,화요일,서울특별시 강서구 공항동,사망사고,1,0,0,0,차대사람 - 차도통행중,기타,포장 - 건조,맑음,단일로 - 기타,승용,여,65세,상해없음,보행자,남,4세,사망
2019050700100650,2019년 5월 7일 20시,화요일,서울특별시 강서구 공항동,경상사고,0,0,1,0,차대차 - 측면충돌,안전운전불이행,포장 - 건조,맑음,교차로 - 교차로안,승용,남,46세,상해없음,화물,남,46세,경상
2019050800100081,2019년 5월 8일 07시,수요일,서울특별시 강서구 가양동,경상사고,0,0,1,0,차대사람 - 횡단중,신호위반,포장 - 건조,맑음,교차로 - 교차로횡단보도내,승합,남,53세,상해없음,보행자,여,55세,경상
2019050800100200,2019년 5월 8일 10시,수요일,서울특별시 강서구 화곡동,중상사고,0,1,0,0,차대차 - 측면충돌,안전운전불이행,포장 - 건조,맑음,교차로 - 교차로안,특수,남,48세,상해없음,자전거,남,46세,중상
2019050800100245,2019년 5월 8일 11시,수요일,서울특별시 강서구 방화동,경상사고,0,0,1,0,차대차 - 추돌,안전거리미확보,포장 - 건조,맑음,단일로 - 기타,화물,남,38세,상해없음,승용,여,50세,경상
2019050800100312,2019년 5월 8일 13시,수요일,서울특별시 강서구 화곡동,경상사고,0,0,1,0,차대사람 - 차도통행중,안전운전불이행,포장 - 기타,맑음,기타 - 기타,이륜,남,33세,상해없음,보행자,여,48세,경상