사고번호,사고일시,요일,시군구,사고내용,사망자수,중상자수,경상자수,부상신고자수,사고유형,법규위반,노면상태,기상상태,도로형태,가해운전자 차종,가해운전자 성별,가해운전자 연령,가해운전자 상해정도,피해운전자 차종,피해운전자 성별,피해운전자 연령,피해운전자 상해정도
2019053100100235,2019년 5월 31일 11시,금요일,서울특별시 강서구 가양동,경상사고,0,0,1,0,차대사람 - 횡단중,안전운전불이행,포장 - 건조,맑음,단일로 - 기타,승용,남,29세,상해없음,보행자,남,49세,경상
2019053100100508,2019년 5월 31일 17시,금요일,서울특별시 강서구 화곡동,경상사고,0,0,4,0,차대차 - 측면충돌,안전운전불이행,포장 - 건조,맑음,교차로 - 교차로안,승용,남,45세,경상,승용,남,40세,경상
2019053100100554,2019년 5월 31일 18시,금요일,서울특별시 강서구 방화동,경상사고,0,0,1,0,차대차 - 기타,안전운전불이행,포장 - 건조,맑음,단일로 - 기타,이륜,남,23세,상해없음,승합,남,67세,경상
2019060100100503,2019년 6월 1일 19시,토요일,서울특별시 강서구 등촌동,중상사고,0,1,0,0,차대차 - 측면충돌,안전운전불이행,포장 - 건조,맑음,단일로 - 기타,승용,남,50세,상해없음,이륜,남,55세,중상
2019060100100580,2019년 6월 1일 22시,토요일,서울특별시 강서구 화곡동,경상사고,0,0,1,0,차대차 - 측면충돌,안전운전불이행,포장 - 건조,맑음,교차로 - 교차로안,자전거,여,60세,경상,승용,남,63세,상해없음
2019060100100610,2019년 6월 1일 23시,토요일,서울특별시 강서구 화곡동,경상사고,0,0,3,0,차대차 - 측면충돌,기타,포장 - 건조,맑음,교차로 - 교차로안,이륜,남,27세,상해없음,승용,남,50세,경상
2019060200100055,2019년 6월 2일 03시,일요일,서울특별시 강서구 공항동,중상사고,0,1,0,0,차량단독 - 기타,안전운전불이행,포장 - 건조,흐림,교차로 - 교차로부근,이륜,남,19세,상해없음,,,,
2019060200100192,2019년 6월 2일 13시,일요일,서울특별시 강서구 화곡동,경상사고,0,0,1,0,차대사람 - 기타,안전운전불이행,포장 - 건조,맑음,교차로 - 교차로안,승용,여,34세,상해없음,보행자,여,90세 이상,경상
2019060200100221,2019년 6월 2일 14시,일요일,서울특별시 강서구 등촌동,경상사고,0,0,3,0,차대차 - 측면충돌,교차로운행방법위반,포장 - 건조,맑음,교차로 - 교차로안,이륜,남,27세,경상,승용,여,42세,경상
2019060200100360,2019년 6월 2일 18시,일요일,서울특별시 강서구 등촌동,경상사고,0,0,1,0,차대차 - 기타,안전운전불이행,포장 - 건조,맑음,단일로 - 기타,승용,남,29세,상해없음,이륜,남,20세,경상
2019060200100450,2019년 6월 2일 21시,일요일,서울특별시 강서구 내발산동,부상신고사고,0,0,0,1,차대사람 - 기타,보행자보호의무위반,포장 - 건조,맑음,교차로 - 교차로횡단보도내,승용,남,46세,상해없음,보행자,남,48세,부상신고
2019060300100034,2019년 6월 3일 00시,월요일,서울특별시 강서구 등촌동,중상사고,0,1,0,0,차대차 - 측면충돌,신호위반,포장 - 건조,맑음,교차로 - 교차로안,승용,남,72세,상해없음,승용,남,39세,중상
2019060300100035,2019년 6월 3일 00시,월요일,서울특별시 강서구 화곡동,경상사고,0,0,1,0,차대차 - 측면충돌,안전운전불이행,포장 - 건조,흐림,교차로 - 교차로안,승용,남,36세,상해없음,승용,남,71세,경상
2019060300100334,2019년 6월 3일 14시,월요일,서울특별시 강서구 화곡동,경상사고,0,0,1,0,차량단독 - 기타,안전운전불이행,포장 - 기타,맑음,단일로 - 기타,승합,남,57세,상해없음,,,,
2019060300100484,2019년 6월 3일 18시,월요일,서울특별시 강서구 내발산동,경상사고,0,0,1,0,차대차 - 추돌,안전거리미확보,포장 - 건조,맑음,교차로 - 교차로부근,승용,남,39세,상해없음,승용,여,64세,경상
2019060400100402,2019년 6월 4일 16시,화요일,서울특별시 강서구 마곡동,중상사고,0,1,0,0,차대사람 - 기타,중앙선침범,포장 - 건조,맑음,단일로 - 기타,승용,남,22세,상해없음,보행자,남,37세,중상
2019060400100451,2019년 6월 4일 17시,화요일,서울특별시 강서구 염창동,경상사고,0,0,1,0,차대차 - 측면충돌,안전거리미확보,포장 - 건조,맑음,단일로 - 기타,승용,남,65세,상해없음,승합,남,35세,경상
2019060400100452,2019년 6월 4일 17시,화요일,서울특별시 강서구 등촌동,경상사고,0,0,1,0,차대차 - 정면충돌,교차로운행방법위반,포장 - 건조,맑음,교차로 - 교차로부근,승용,남,29세,상해없음,이륜,남,27세,경상
2019060400100516,2019년 6월 4일 18시,화요일,서울특별시 강서구 등촌동,경상사고,0,0,1,0,차대차 - 기타,신호위반,포장 - 건조,맑음,단일로 - 기타,기타불명,기타불명,미분류,기타불명,원동기,남,19세,경상
2019060400100628,2019년 6월 4일 21시,화요일,서울특별시 강서구 화곡동,경상사고,0,0,2,0,차대차 - 측면충돌,차로위반,포장 - 건조,맑음,단일로 - 기타,이륜,남,17세,경상,승용,여,36세,경상
2019060500100115,2019년 6월 5일 08시,수요일,서울특별시 강서구 등촌동,부상신고사고,0,0,0,1,차대차 - 추돌,안전거리미확보,포장 - 건조,맑음,단일로 - 기타,특수,남,47세,상해없음,승용,남,62세,부상신고
2019060500100266,2019년 6월 5일 12시,수요일,서울특별시 강서구 화곡동,중상사고,0,1,0,0,차대차 - 측면충돌,안전운전불이행,포장 - 건조,맑음,교차로 - 교차로부근,이륜,남,83세,중상,승합,남,55세,상해없음
2019060500100597,2019년 6월 5일 19시,수요일,서울특별시 강서구 화곡동,부상신고사고,0,0,0,1,차대차 - 측면충돌,안전운전불이행,포장 - 건조,맑음,단일로 - 기타,기타불명,기타불명,미분류,기타불명,승용,여,30세,부상신고
2019060600100040,2019년 6월 6일 01시,목요일,서울특별시 강서구 내발산동,경상사고,0,0,1,0,차대차 - 추돌,안전운전불이행,포장 - 건조,맑음,단일로 - 기타,승용,남,56세,상해없음,승용,남,40세,경상
2019060600100082,2019년 6월 6일 03시,목요일,서울특별시 강서구 화곡동,경상사고,0,0,1,0,차대차 - 측면충돌,안전운전불이행,포장 - 건조,맑음,단일로 - 기타,승용,남,38세,상해없음,승용,남,55세,경상
2019060600100247,2019년 6월 6일 13시,목요일,서울특별시 강서구 내발산동,부상신고사고,0,0,0,1,차대차 - 측면충돌,신호위반,포장 - 건조,맑음,교차로 - 교차로안,이륜,남,30세,부상신고,승합,남,59세,상해없음
2019060700100134,2019년 6월 7일 08시,금요일,서울특별시 강서구 등촌동,경상사고,0,0,1,0,차대차 - 기타,안전거리미확보,포장 - 젖음/습기,비,단일로 - 기타,화물,남,45세,상해없음,승용,남,65세,경상
2019060700100339,2019년 6월 7일 14시,금요일,서울특별시 강서구 마곡동,중상사고,0,2,6,7,차대차 - 추돌,안전운전불이행,포장 - 건조,맑음,교차로 - 교차로부근,승합,남,78세,상해없음,승합,남,40세,경상
2019060700100406,2019년 6월 7일 16시,금요일,서울특별시 강서구 가양동,경상사고,0,0,1,0,차대차 - 추돌,안전운전불이행,포장 - 건조,맑음,교차로 - 교차로부근,승용,여,40세,상해없음,승용,남,46세,경상
2019060700100447,2019년 6월 7일 17시,금요일,서울특별시 강서구 화곡동,경상사고,0,0,1,0,차대차 - 기타,교차로운행방법위반,포장 - 건조,맑음,교차로 - 교차로부근,이륜,남,38세,경상,승용,남,63세,상해없음
2019060700100600,2019년 6월 7일 21시,금요일,서울특별시 강서구 등촌동,경상사고,0,0,1,0,차대차 - 기타,기타,포장 - 건조,맑음,교차로 - 교차로부근,이륜,남,54세,경상,승용,남,60세,상해없음
2019060800100068,2019년 6월 8일 03시,토요일,서울특별시 강서구 화곡동,경상사고,0,0,1,0,차대사람 - 차도통행중,신호위반,포장 - 젖음/습기,흐림,교차로 - 교차로횡단보도내,이륜,남,26세,상해없음,보행자,여,56세,경상
2019060800100076,2019년 6월 8일 04시,토요일,서울특별시 강서구 등촌동,경상사고,0,0,1,0,차대차 - 기타,불법유턴,포장 - 건조,맑음,교차로 - 교차로부근,자전거,남,72세,경상,승합,남,66세,상해없음
2019060800100126,2019년 6월 8일 08시,토요일,서울특별시 강서구 가양동,중상사고,0,1,0,0,차대차 - 기타,차로위반,포장 - 건조,맑음,단일로 - 기타,건설기계,남,48세,상해없음,승용,여,25세,중상
2019060800100486,2019년 6월 8일 18시,토요일,서울특별시 강서구 화곡동,경상사고,0,0,1,0,차대차 - 측면충돌,안전운전불이행,포장 - 건조,맑음,교차로 - 교차로부근,이륜,남,22세,경상,승용,남,53세,상해없음
2019060800100641,2019년 6월 8일 23시,토요일,서울특별시 강서구 화곡동,경상사고,0,0,1,0,차대차 - 기타,안전운전불이행,포장 - 건조,맑음,교차로 - 교차로부근,원동기,기타불명,미분류,기타불명,자전거,여,53세,경상
2019060900100359,2019년 6월 9일 18시,일요일,서울특별시 강서구 마곡동,사망사고,1,0,0,0,차대차 - 기타,신호위반,포장 - 건조,맑음,교차로 - 교차로안,이륜,남,44세,사망,승합,남,59세,상해없음
2019060900100402,2019년 6월 9일 20시,일요일,서울특별시 강서구 화곡동,중상사고,0,1,0,0,차대사람 - 차도통행중,안전운전불이행,포장 - 건조,흐림,단일로 - 기타,승용,여,54세,상해없음,보행자,남,47세,중상
2019060900100403,2019년 6월 9일 20시,일요일,서울특별시 강서구 공항동,경상사고,0,0,1,0,차대사람 - 기타,중앙선침범,포장 - 건조,맑음,교차로 - 교차로부근,승용,여,47세,상해없음,보행자,여,55세,경상
2019060900100404,2019년 6월 9일 20시,일요일,서울특별시 강서구 등촌동,경상사고,0,0,1,0,차대사람 - 횡단중,안전운전불이행,포장 - 건조,맑음,단일로 - 기타,기타불명,기타불명,미분류,기타불명,보행자,여,29세,경상
2019060900100425,2019년 6월 9일 21시,일요일,서울특별시 강서구 개화동,경상사고,0,0,1,0,차대차 - 측면충돌,안전운전불이행,포장 - 젖음/습기,비,단일로 - 기타,승용,남,63세,상해없음,승용,여,60세,경상
2019061000100025,2019년 6월 10일 00시,월요일,서울특별시 강서구 개화동,경상사고,0,0,2,0,차대차 - 추돌,안전운전불이행,포장 - 젖음/습기,비,교차로 - 교차로부근,승용,여,53세,상해없음,승용,남,56세,경상
2019061000100069,2019년 6월 10일 05시,월요일,서울특별시 강서구 오곡동,중상사고,0,1,0,0,차대사람 - 횡단중,신호위반,포장 - 젖음/습기,비,교차로 - 교차로부근,승용,남,67세,상해없음,보행자,여,60세,중상
2019061000100423,2019년 6월 10일 16시,월요일,서울특별시 강서구 염창동,중상사고,0,1,0,0,차대사람 - 차도통행중,안전운전불이행,포장 - 건조,맑음,기타 - 기타,승용,남,59세,상해없음,보행자,여,60세,중상
2019061000100458,2019년 6월 10일 17시,월요일,서울특별시 강서구 가양동,경상사고,0,0,2,0,차대차 - 측면충돌,차로위반,포장 - 건조,맑음,단일로 - 기타,승용,여,55세,경상,승용,여,52세,경상
2019061000100550,2019년 6월 10일 19시,월요일,서울특별시 강서구 등촌동,경상사고,0,0,1,0,차대차 - 기타,신호위반,포장 - 건조,맑음,교차로 - 교차로부근,기타불명,기타불명,미분류,기타불명,승합,남,54세,상해없음
2019061000100603,2019년 6월 10일 21시,월요일,서울특별시 강서구 내발산동,경상사고,0,0,1,0,차대차 - 기타,신호위반,포장 - 건조,맑음,단일로 - 기타,승합,여,49세,상해없음,이륜,남,20세,경상
2019061100100271,2019년 6월 11일 12시,화요일,서울특별시 강서구 등촌동,부상신고사고,0,0,0,1,차대차 - 기타,중앙선침범,포장 - 건조,맑음,단일로 - 기타,자전거,남,90세 이상,부상신고,승용,남,35세,상해없음
2019061100100272,2019년 6월 11일 12시,화요일,서울특별시 강서구 공항동,경상사고,0,0,1,0,차대차 - 측면충돌,기타,포장 - 건조,맑음,단일로 - 기타,승용,남,75세,상해없음,자전거,여,57세,경상
2019061100100302,2019년 6월 11일 13시,화요일,서울특별시 강서구 마곡동,경상사고,0,0,1,0,차대사람 - 횡단중,보행자보호의무위반,포장 - 건조,맑음,교차로 - 교차로부근,승용,여,67세,상해없음,보행자,여,8세,경상
2019061100100377,2019년 6월 11일 15시,화요일,서울특별시 강서구 등촌동,경상사고,0,0,1,1,차대차 - 측면충돌,안전거리미확보,포장 - 기타,맑음,교차로 - 교차로부근,승용,여,39세,상해없음,승용,여,34세,경상
2019061100100546,2019년 6월 11일 20시,화요일,서울특별시 강서구 가양동,경상사고,0,0,2,0,차대차 - 추돌,안전운전불이행,포장 - 건조,맑음,단일로 - 기타,승용,남,27세,상해없음,승용,여,43세,경상
2019061200100185,2019년 6월 12일 10시,수요일,서울특별시 강서구 가양동,경상사고,0,0,1,0,차대사람 - 횡단중,안전운전불이행,포장 - 건조,맑음,교차로 - 교차로안,화물,남,41세,기타불명,보행자,남,57세,경상
2019061200100262,2019년 6월 12일 12시,수요일,서울특별시 강서구 화곡동,경상사고,0,0,1,0,차대사람 - 기타,안전운전불이행,포장 - 건조,맑음,단일로 - 기타,승합,남,70세,상해없음,보행자,여,20세,경상
2019061200100449,2019년 6월 12일 18시,수요일,서울특별시 강서구 화곡동,경상사고,0,0,1,0,차대사람 - 보도통행중,안전운전불이행,포장 - 건조,맑음,단일로 - 기타,자전거,여,63세,상해없음,보행자,여,25세,경상
2019061200100622,2019년 6월 12일 23시,수요일,서울특별시 강서구 화곡동,경상사고,0,0,1,0,차대사람 - 횡단중,안전운전불이행,포장 - 건조,맑음,단일로 - 기타,승용,남,28세,상해없음,보행자,여,20세,경상
2019061300100320,2019년 6월 13일 14시,목요일,서울특별시 강서구 가양동,중상사고,0,1,1,0,차대차 - 기타,안전운전불이행,포장 - 건조,기타,교차로 - 교차로부근,승용,여,60세,상해없음,승용,남,40세,경상
2019061300100321,2019년 6월 13일 14시,목요일,서울특별시 강서구 등촌동,경상사고,0,0,1,0,차대차 - 측면충돌,안전운전불이행,포장 - 건조,맑음,교차로 - 교차로안,승용,여,49세,상해없음,이륜,남,29세,경상
2019061300100425,2019년 6월 13일 17시,목요일,서울특별시 강서구 등촌동,경상사고,0,0,1,0,차대차 - 측면충돌,신호위반,포장 - 건조,맑음,단일로 - 기타,승용,여,65세,상해없음,자전거,남,11세,경상
2019061400100399,2019년 6월 14일 16시,금요일,서울특별시 강서구 마곡동,중상사고,0,1,0,0,차대차 - 후진중충돌,안전운전불이행,포장 - 건조,맑음,기타 - 기타,승용,여,36세,상해없음,자전거,여,75세,중상
2019061400100400,2019년 6월 14일 16시,금요일,서울특별시 강서구 가양동,경상사고,0,0,2,0,차대차 - 기타,안전운전불이행,포장 - 기타,맑음,단일로 - 기타,이륜,남,25세,경상,승용,여,40세,경상
2019061400100444,2019년 6월 14일 17시,금요일,서울특별시 강서구 등촌동,경상사고,0,0,2,0,차대차 - 기타,차로위반,포장 - 건조,맑음,단일로 - 기타,승용,여,69세,상해없음,승용,여,38세,경상
2019061400100629,2019년 6월 14일 21시,금요일,서울특별시 강서구 화곡동,경상사고,0,0,1,0,차대차 - 기타,안전운전불이행,포장 - 건조,맑음,교차로 - 교차로부근,원동기,남,20세,경상,승용,남,34세,상해없음
2019061500100037,2019년 6월 15일 01시,토요일,서울특별시 강서구 화곡동,중상사고,0,1,0,0,차대차 - 측면충돌,안전거리미확보,포장 - 건조,기타,단일로 - 기타,승용,남,55세,상해없음,승용,여,52세,중상
2019061500100079,2019년 6월 15일 04시,토요일,서울특별시 강서구 화곡동,경상사고,0,0,1,0,차대사람 - 차도통행중,안전운전불이행,포장 - 건조,맑음,단일로 - 기타,이륜,남,24세,기타불명,보행자,여,41세,경상
2019061500100122,2019년 6월 15일 07시,토요일,서울특별시 강서구 개화동,경상사고,0,0,2,0,차대차 - 측면충돌,안전운전불이행,포장 - 건조,맑음,단일로 - 기타,승용,여,56세,상해없음,승용,여,67세,경상
2019061500100156,2019년 6월 15일 09시,토요일,서울특별시 강서구 화곡동,경상사고,0,0,1,0,차대사람 - 기타,중앙선침범,포장 - 건조,맑음,단일로 - 기타,승용,여,56세,상해없음,보행자,여,25세,경상
2019061500100320,2019년 6월 15일 13시,토요일,서울특별시 강서구 가양동,경상사고,0,0,1,0,차대차 - 추돌,안전거리미확보,포장 - 건조,맑음,단일로 - 기타,승용,남,50세,상해없음,승용,남,62세,경상
2019061500100547,2019년 6월 15일 18시,토요일,서울특별시 강서구 화곡동,경상사고,0,0,1,0,차대차 - 측면충돌,안전운전불이행,포장 - 건조,맑음,교차로 - 교차로안,개인형이동수단(PM),여,21세,경상,승용,남,45세,상해없음
2019061600100208,2019년 6월 16일 12시,일요일,서울특별시 강서구 화곡동,경상사고,0,0,1,0,차대차 - 측면충돌,안전운전불이행,포장 - 건조,맑음,교차로 - 교차로안,승용,남,67세,상해없음,이륜,남,29세,경상
2019061600100238,2019년 6월 16일 13시,일요일,서울특별시 강서구 화곡동,부상신고사고,0,0,0,1,차대차 - 기타,안전운전불이행,포장 - 건조,맑음,교차로 - 교차로부근,자전거,남,8세,부상신고,승용,남,62세,상해없음
2019061600100508,2019년 6월 16일 23시,일요일,서울특별시 강서구 화곡동,중상사고,0,1,0,0,차대사람 - 길가장자리구역통행중,안전운전불이행,포장 - 건조,맑음,단일로 - 기타,승용,남,72세,상해없음,보행자,남,17세,중상
2019061700100018,2019년 6월 17일 00시,월요일,서울특별시 강서구 내발산동,경상사고,0,0,2,0,차대차 - 기타,안전운전불이행,포장 - 건조,맑음,단일로 - 기타,이륜,남,28세,경상,이륜,남,44세,경상
2019061700100283,2019년 6월 17일 13시,월요일,서울특별시 강서구 마곡동,중상사고,0,1,0,0,차대차 - 측면충돌,안전운전불이행,포장 - 건조,맑음,교차로 - 교차로안,승용,남,69세,상해없음,화물,남,57세,중상
2019061700100366,2019년 6월 17일 15시,월요일,서울특별시 강서구 화곡동,중상사고,0,1,0,0,차대사람 - 길가장자리구역통행중,안전운전불이행,포장 - 건조,맑음,단일로 - 기타,승용,여,29세,상해없음,보행자,여,7세,중상
2019061700100522,2019년 6월 17일 18시,월요일,서울특별시 강서구 화곡동,경상사고,0,0,1,0,차대사람 - 보도통행중,보행자보호의무위반,포장 - 건조,맑음,교차로 - 교차로횡단보도내,승용,남,19세,상해없음,보행자,여,10세,경상
2019061800100071,2019년 6월 18일 05시,화요일,서울특별시 강서구 공항동,경상사고,0,0,1,0,차대차 - 추돌,안전운전불이행,포장 - 젖음/습기,비,단일로 - 기타,승용,남,45세,기타불명,승용,남,63세,경상
2019061800100082,2019년 6월 18일 06시,화요일,서울특별시 강서구 방화동,경상사고,0,0,1,0,차량단독 - 공작물충돌,안전운전불이행,포장 - 젖음/습기,비,단일로 - 기타,승용,남,63세,상해없음,,,,
2019061800100083,2019년 6월 18일 06시,화요일,서울특별시 강서구 염창동,중상사고,0,1,0,0,차대차 - 추돌,안전운전불이행,포장 - 젖음/습기,비,단일로 - 기타,승용,남,62세,상해없음,승용,남,50세,중상
2019061800100399,2019년 6월 18일 16시,화요일,서울특별시 강서구 화곡동,경상사고,0,0,1,0,차대차 - 기타,안전운전불이행,포장 - 건조,맑음,교차로 - 교차로안,이륜,남,25세,경상,승합,남,59세,상해없음
2019061800100459,2019년 6월 18일 18시,화요일,서울특별시 강서구 등촌동,경상사고,0,0,1,0,차대차 - 측면충돌,안전운전불이행,포장 - 건조,맑음,교차로 - 교차로부근,이륜,남,40세,경상,승용,여,61세,상해없음
2019061900100196,2019년 6월 19일 10시,수요일,서울특별시 강서구 화곡동,중상사고,0,1,0,0,차대사람 - 횡단중,안전운전불이행,포장 - 건조,맑음,교차로 - 교차로안,승용,남,76세,상해없음,보행자,남,65세,중상
2019061900100465,2019년 6월 19일 18시,수요일,서울특별시 강서구 화곡동,경상사고,0,0,1,0,차대차 - 기타,직진우회전진행방해,포장 - 건조,맑음,교차로 - 교차로안,승용,여,51세,경상,승용,여,64세,상해없음
2019061900100514,2019년 6월 19일 19시,수요일,서울특별시 강서구 가양동,중상사고,0,1,10,0,차량단독 - 기타,안전운전불이행,포장 - 건조,맑음,단일로 - 기타,승합,남,63세,상해없음,,,,
2019061900100589,2019년 6월 19일 21시,수요일,서울특별시 강서구 가양동,경상사고,0,0,1,0,차대사람 - 기타,신호위반,포장 - 건조,맑음,교차로 - 교차로안,이륜,남,17세,상해없음,보행자,남,5세,경상
2019062000100032,2019년 6월 20일 00시,목요일,서울특별시 강서구 등촌동,경상사고,0,0,1,0,차대차 - 측면충돌,안전거리미확보,포장 - 건조,맑음,단일로 - 기타,승용,여,23세,상해없음,승용,남,70세,상해없음
2019062000100033,2019년 6월 20일 00시,목요일,서울특별시 강서구 마곡동,중상사고,0,1,1,0,차대차 - 추돌,안전운전불이행,포장 - 건조,맑음,교차로 - 교차로부근,승용,남,47세,상해없음,승용,남,53세,중상
2019062000100128,2019년 6월 20일 08시,목요일,서울특별시 강서구 가양동,경상사고,0,0,1,0,차대차 - 측면충돌,안전운전불이행,포장 - 건조,맑음,단일로 - 기타,승용,남,40세,상해없음,건설기계,남,38세,경상
2019062000100178,2019년 6월 20일 09시,목요일,서울특별시 강서구 내발산동,중상사고,0,1,0,0,차대차 - 측면충돌,중앙선침범,포장 - 건조,맑음,기타 - 기타,화물,남,57세,상해없음,이륜,남,26세,중상
2019062000100500,2019년 6월 20일 18시,목요일,서울특별시 강서구 화곡동,중상사고,0,1,0,0,차대사람 - 기타,안전운전불이행,포장 - 건조,맑음,교차로 - 교차로안,승용,남,65세,상해없음,보행자,여,74세,중상
2019062000100607,2019년 6월 20일 21시,목요일,서울특별시 강서구 화곡동,경상사고,0,0,2,0,차대차 - 측면충돌,안전거리미확보,포장 - 건조,맑음,단일로 - 기타,원동기,남,30세,경상,승용,남,54세,경상
2019062000100640,2019년 6월 20일 22시,목요일,서울특별시 강서구 화곡동,경상사고,0,0,3,1,차대차 - 추돌,안전운전불이행,포장 - 건조,맑음,단일로 - 기타,승용,남,31세,상해없음,승용,남,59세,경상
2019062100100110,2019년 6월 21일 08시,금요일,서울특별시 강서구 마곡동,경상사고,0,0,1,0,차대차 - 측면충돌,안전운전불이행,포장 - 건조,맑음,단일로 - 기타,승용,남,73세,상해없음,승용,남,38세,경상
2019062100100149,2019년 6월 21일 09시,금요일,서울특별시 강서구 등촌동,경상사고,0,0,1,0,차대차 - 기타,신호위반,포장 - 건조,맑음,단일로 - 기타,승용,남,39세,상해없음,승용,남,39세,경상
2019062100100188,2019년 6월 21일 10시,금요일,서울특별시 강서구 화곡동,경상사고,0,0,1,0,차대차 - 기타,기타,포장 - 건조,맑음,교차로 - 교차로안,승합,남,62세,상해없음,승용,남,38세,경상
2019062100100316,2019년 6월 21일 14시,금요일,서울특별시 강서구 개화동,경상사고,0,0,1,0,차대차 - 기타,안전운전불이행,포장 - 기타,맑음,단일로 - 기타,화물,남,80세,상해없음,건설기계,남,50세,경상
2019062100100598,2019년 6월 21일 20시,금요일,서울특별시 강서구 방화동,부상신고사고,0,0,0,1,차대사람 - 차도통행중,안전운전불이행,포장 - 건조,흐림,교차로 - 교차로안,승용,남,41세,상해없음,보행자,여,77세,부상신고
2019062100100726,2019년 6월 21일 23시,금요일,서울특별시 강서구 개화동,경상사고,0,0,2,0,차대차 - 기타,안전거리미확보,포장 - 건조,맑음,단일로 - 기타,승용,남,45세,상해없음,승용,남,59세,경상
2019062200100125,2019년 6월 22일 05시,토요일,서울특별시 강서구 화곡동,경상사고,0,0,1,0,차대차 - 추돌,안전운전불이행,포장 - 건조,맑음,교차로 - 교차로부근,승용,남,20세,상해없음,승용,남,60세,경상
2019062200100203,2019년 6월 22일 10시,토요일,서울특별시 강서구 내발산동,경상사고,0,0,1,0,차대차 - 추돌,안전거리미확보,포장 - 건조,맑음,기타 - 기타,승용,남,26세,상해없음,승용,남,31세,경상
2019062200100502,2019년 6월 22일 17시,토요일,서울특별시 강서구 염창동,경상사고,0,0,2,0,차대차 - 추돌,안전운전불이행,포장 - 기타,맑음,단일로 - 기타,자전거,남,13세,경상,자전거,여,28세,경상
2019062300100295,2019년 6월 23일 14시,일요일,서울특별시 강서구 염창동,경상사고,0,0,6,0,차대차 - 기타,차로위반,포장 - 건조,맑음,단일로 - 기타,승용,여,48세,경상,승용,남,49세,경상
2019062300100409,2019년 6월 23일 17시,일요일,서울특별시 강서구 화곡동,부상신고사고,0,0,0,1,차대사람 - 기타,안전운전불이행,포장 - 건조,맑음,단일로 - 기타,승용,남,78세,상해없음,보행자,남,9세,부상신고
2019062300100571,2019년 6월 23일 22시,일요일,서울특별시 강서구 마곡동,경상사고,0,0,2,0,차대차 - 기타,신호위반,포장 - 건조,맑음,교차로 - 교차로안,승용,남,26세,상해없음,승용,남,41세,경상
2019062400100083,2019년 6월 24일 07시,월요일,서울특별시 강서구 화곡동,중상사고,0,1,0,0,차대사람 - 차도통행중,안전운전불이행,포장 - 건조,맑음,교차로 - 교차로안,승합,남,63세,상해없음,보행자,여,72세,중상
2019062400100212,2019년 6월 24일 10시,월요일,서울특별시 강서구 등촌동,중상사고,0,1,0,0,차대사람 - 차도통행중,안전운전불이행,포장 - 건조,맑음,교차로 - 교차로안,승용,여,41세,상해없음,보행자,여,80세,중상
2019062400100213,2019년 6월 24일 10시,월요일,서울특별시 강서구 화곡동,경상사고,0,0,1,0,차대사람 - 기타,불법유턴,포장 - 건조,맑음,단일로 - 기타,승용,여,27세,상해없음,보행자,여,51세,경상
2019062400100257,2019년 6월 24일 11시,월요일,서울특별시 강서구 개화동,중상사고,0,1,1,0,차대차 - 기타,안전운전불이행,포장 - 건조,맑음,단일로 - 기타,승용,남,77세,상해없음,승용,남,67세,경상
2019062400100287,2019년 6월 24일 12시,월요일,서울특별시 강서구 화곡동,경상사고,0,0,2,0,차대차 - 측면충돌,안전운전불이행,포장 - 건조,맑음,교차로 - 교차로안,승용,여,40세,상해없음,승용,남,44세,경상
2019062400100386,2019년 6월 24일 15시,월요일,서울특별시 강서구 등촌동,경상사고,0,0,1,0,차대차 - 측면충돌,안전운전불이행,포장 - 건조,맑음,단일로 - 기타,승용,남,60세,상해없음,자전거,남,8세,경상
2019062400100530,2019년 6월 24일 18시,월요일,서울특별시 강서구 마곡동,경상사고,0,0,1,1,차대차 - 기타,신호위반,포장 - 건조,맑음,교차로 - 교차로안,이륜,남,49세,부상신고,승용,남,59세,경상
2019062400100662,2019년 6월 24일 21시,월요일,서울특별시 강서구 방화동,경상사고,0,0,1,0,차대차 - 기타,안전운전불이행,포장 - 건조,맑음,교차로 - 교차로안,승용,여,48세,상해없음,자전거,남,57세,경상
2019062400100688,2019년 6월 24일 22시,월요일,서울특별시 강서구 화곡동,부상신고사고,0,0,0,1,차대차 - 측면충돌,안전운전불이행,포장 - 건조,맑음,교차로 - 교차로부근,이륜,남,26세,부상신고,승합,남,39세,상해없음
2019062500100072,2019년 6월 25일 06시,화요일,서울특별시 강서구 등촌동,경상사고,0,0,1,0,차대차 - 측면충돌,안전운전불이행,포장 - 건조,맑음,교차로 - 교차로안,화물,남,58세,상해없음,승용,남,46세,경상
2019062500100088,2019년 6월 25일 07시,화요일,서울특별시 강서구 마곡동,경상사고,0,0,1,0,차대차 - 측면충돌,안전운전불이행,포장 - 건조,맑음,교차로 - 교차로부근,승용,남,64세,상해없음,이륜,남,19세,경상
2019062500100301,2019년 6월 25일 13시,화요일,서울특별시 강서구 화곡동,중상사고,0,1,1,1,차대차 - 측면충돌,안전거리미확보,포장 - 건조,맑음,단일로 - 기타,승용,여,53세,경상,승합,남,51세,부상신고
2019062500100639,2019년 6월 25일 20시,화요일,서울특별시 강서구 화곡동,경상사고,0,0,1,0,차대차 - 측면충돌,신호위반,포장 - 건조,맑음,교차로 - 교차로안,이륜,남,37세,경상,승용,남,64세,상해없음