사고번호,사고일시,요일,시군구,사고내용,사망자수,중상자수,경상자수,부상신고자수,사고유형,법규위반,노면상태,기상상태,도로형태,가해운전자 차종,가해운전자 성별,가해운전자 연령,가해운전자 상해정도,피해운전자 차종,피해운전자 성별,피해운전자 연령,피해운전자 상해정도
2019062600100021,2019년 6월 26일 00시,수요일,서울특별시 강서구 가양동,경상사고,0,0,1,0,차대차 - 측면충돌,신호위반,포장 - 건조,흐림,교차로 - 교차로안,승용,남,58세,상해없음,승용,남,36세,경상
2019062600100215,2019년 6월 26일 11시,수요일,서울특별시 강서구 화곡동,경상사고,0,0,1,0,차대사람 - 길가장자리구역통행중,안전운전불이행,포장 - 건조,맑음,단일로 - 기타,승용,여,63세,상해없음,보행자,여,59세,경상
2019062600100216,2019년 6월 26일 11시,수요일,서울특별시 강서구 화곡동,경상사고,0,0,1,0,차대차 - 추돌,안전운전불이행,포장 - 건조,맑음,단일로 - 기타,승용,남,61세,상해없음,승용,남,33세,경상
2019062600100217,2019년 6월 26일 11시,수요일,서울특별시 강서구 화곡동,경상사고,0,0,1,0,차대차 - 후진중충돌,안전운전불이행,포장 - 건조,맑음,교차로 - 교차로안,승용,여,57세,상해없음,승용,남,25세,경상
2019062600100563,2019년 6월 26일 19시,수요일,서울특별시 강서구 화곡동,경상사고,0,0,1,1,차대차 - 측면충돌,안전운전불이행,포장 - 건조,맑음,단일로 - 기타,승용,여,50세,부상신고,이륜,남,17세,경상
2019062600100564,2019년 6월 26일 19시,수요일,서울특별시 강서구 화곡동,경상사고,0,0,2,0,차대차 - 추돌,안전운전불이행,포장 - 건조,맑음,교차로 - 교차로부근,승용,남,58세,상해없음,승용,남,43세,경상
2019062700100085,2019년 6월 27일 07시,목요일,서울특별시 강서구 화곡동,경상사고,0,0,1,0,차대차 - 기타,안전운전불이행,포장 - 건조,맑음,교차로 - 교차로부근,자전거,남,26세,경상,승용,남,25세,상해없음
2019062700100118,2019년 6월 27일 08시,목요일,서울특별시 강서구 외발산동,경상사고,0,0,1,0,차대차 - 추돌,안전운전불이행,포장 - 건조,맑음,단일로 - 기타,이륜,남,65세,상해없음,승용,남,38세,경상
2019062700100119,2019년 6월 27일 08시,목요일,서울특별시 강서구 화곡동,경상사고,0,0,1,0,차대사람 - 길가장자리구역통행중,안전운전불이행,포장 - 건조,맑음,기타 - 기타,승용,여,43세,기타불명,보행자,남,56세,경상
2019062700100408,2019년 6월 27일 16시,목요일,서울특별시 강서구 화곡동,경상사고,0,0,1,0,차대차 - 기타,안전운전불이행,포장 - 건조,맑음,단일로 - 기타,승용,남,63세,상해없음,승용,남,64세,경상
2019062700100494,2019년 6월 27일 18시,목요일,서울특별시 강서구 마곡동,중상사고,0,1,1,0,차대차 - 측면충돌,신호위반,포장 - 건조,맑음,단일로 - 기타,이륜,남,32세,경상,자전거,남,12세,중상
2019062700100495,2019년 6월 27일 18시,목요일,서울특별시 강서구 화곡동,경상사고,0,0,2,0,차대차 - 측면충돌,안전운전불이행,포장 - 건조,맑음,교차로 - 교차로부근,승합,여,54세,상해없음,승용,여,23세,경상
2019062800100188,2019년 6월 28일 10시,금요일,서울특별시 강서구 화곡동,중상사고,0,1,0,0,차대사람 - 기타,안전운전불이행,포장 - 건조,흐림,교차로 - 교차로안,승용,남,71세,상해없음,보행자,여,74세,중상
2019062800100229,2019년 6월 28일 11시,금요일,서울특별시 강서구 공항동,경상사고,0,0,1,0,차대차 - 후진중충돌,안전운전불이행,포장 - 건조,맑음,단일로 - 기타,승합,남,70세,상해없음,화물,남,28세,경상
2019062800100466,2019년 6월 28일 17시,금요일,서울특별시 강서구 마곡동,경상사고,0,0,1,0,차대차 - 측면충돌,교차로운행방법위반,포장 - 건조,맑음,교차로 - 교차로부근,승용,남,43세,상해없음,이륜,남,23세,경상
2019062800100467,2019년 6월 28일 17시,금요일,서울특별시 강서구 화곡동,중상사고,0,1,0,0,차대사람 - 횡단중,보행자보호의무위반,포장 - 건조,맑음,단일로 - 기타,승합,여,58세,상해없음,보행자,여,60세,중상
2019062800100507,2019년 6월 28일 18시,금요일,서울특별시 강서구 화곡동,경상사고,0,0,1,0,차대사람 - 기타,안전운전불이행,포장 - 건조,흐림,단일로 - 기타,승용,여,28세,상해없음,보행자,여,69세,경상
2019062800100508,2019년 6월 28일 18시,금요일,서울특별시 강서구 개화동,경상사고,0,0,1,0,차대차 - 측면충돌,안전거리미확보,포장 - 건조,맑음,단일로 - 기타,자전거,남,48세,상해없음,자전거,남,77세,경상
2019062800100592,2019년 6월 28일 20시,금요일,서울특별시 강서구 마곡동,경상사고,0,0,1,0,차대차 - 기타,안전운전불이행,포장 - 건조,맑음,단일로 - 기타,승용,남,69세,상해없음,원동기,남,48세,경상
2019062800100593,2019년 6월 28일 20시,금요일,서울특별시 강서구 화곡동,경상사고,0,0,1,0,차대사람 - 길가장자리구역통행중,안전운전불이행,포장 - 건조,맑음,단일로 - 기타,화물,남,39세,상해없음,보행자,남,56세,경상
2019062800100675,2019년 6월 28일 22시,금요일,서울특별시 강서구 화곡동,경상사고,0,0,1,0,차대차 - 측면충돌,안전운전불이행,포장 - 건조,흐림,교차로 - 교차로안,승용,남,66세,상해없음,승용,남,52세,경상
2019062900100085,2019년 6월 29일 03시,토요일,서울특별시 강서구 화곡동,경상사고,0,0,1,0,차대차 - 기타,신호위반,포장 - 건조,맑음,단일로 - 기타,승용,남,51세,상해없음,승용,남,27세,경상
2019062900100217,2019년 6월 29일 11시,토요일,서울특별시 강서구 개화동,경상사고,0,0,1,0,차대차 - 추돌,안전운전불이행,포장 - 건조,맑음,단일로 - 기타,승용,남,68세,상해없음,승용,여,41세,경상
2019062900100247,2019년 6월 29일 12시,토요일,서울특별시 강서구 개화동,중상사고,0,1,1,0,차대차 - 추돌,안전거리미확보,포장 - 건조,맑음,단일로 - 기타,승용,여,31세,상해없음,승용,여,62세,중상
2019062900100375,2019년 6월 29일 15시,토요일,서울특별시 강서구 마곡동,경상사고,0,0,1,0,차대사람 - 기타,안전운전불이행,포장 - 건조,맑음,교차로 - 교차로부근,승용,여,59세,상해없음,보행자,여,26세,경상
2019062900100406,2019년 6월 29일 16시,토요일,서울특별시 강서구 가양동,경상사고,0,0,1,0,차대차 - 측면충돌,안전운전불이행,포장 - 건조,맑음,단일로 - 기타,승용,남,30세,상해없음,승용,남,43세,경상
2019062900100407,2019년 6월 29일 16시,토요일,서울특별시 강서구 방화동,경상사고,0,0,2,0,차대차 - 측면충돌,교차로운행방법위반,포장 - 건조,맑음,교차로 - 교차로안,승용,남,60세,경상,승용,여,48세,경상
2019063000100070,2019년 6월 30일 04시,일요일,서울특별시 강서구 화곡동,경상사고,0,0,1,0,차대차 - 추돌,중앙선침범,포장 - 건조,흐림,교차로 - 교차로부근,승용,남,30세,상해없음,승용,남,70세,경상
2019063000100407,2019년 6월 30일 21시,일요일,서울특별시 강서구 마곡동,경상사고,0,0,3,0,차대차 - 추돌,안전운전불이행,포장 - 건조,흐림,단일로 - 기타,승용,남,62세,상해없음,승용,남,26세,경상
2019070100100218,2019년 7월 1일 10시,월요일,서울특별시 강서구 과해동,경상사고,0,0,1,0,차대차 - 기타,차로위반,포장 - 건조,맑음,단일로 - 기타,승용,남,75세,상해없음,화물,남,38세,경상
2019070100100313,2019년 7월 1일 13시,월요일,서울특별시 강서구 등촌동,경상사고,0,0,1,0,차대차 - 측면충돌,안전거리미확보,포장 - 건조,맑음,단일로 - 기타,승용,여,56세,상해없음,승용,남,26세,경상
2019070200100167,2019년 7월 2일 09시,화요일,서울특별시 강서구 화곡동,경상사고,0,0,1,0,차대차 - 기타,안전운전불이행,포장 - 건조,맑음,단일로 - 기타,승용,남,56세,상해없음,이륜,남,40세,경상
2019070300100058,2019년 7월 3일 06시,수요일,서울특별시 강서구 가양동,경상사고,0,0,2,0,차대차 - 추돌,안전운전불이행,포장 - 건조,맑음,교차로 - 교차로안,승용,남,24세,상해없음,승용,남,58세,경상
2019070300100073,2019년 7월 3일 07시,수요일,서울특별시 강서구 마곡동,경상사고,0,0,1,0,차대차 - 측면충돌,신호위반,포장 - 건조,맑음,교차로 - 교차로안,승용,여,60세,상해없음,승용,남,64세,경상
2019070300100102,2019년 7월 3일 08시,수요일,서울특별시 강서구 마곡동,경상사고,0,0,3,0,차대차 - 측면충돌,안전운전불이행,포장 - 건조,맑음,교차로 - 교차로부근,승용,남,64세,경상,승용,남,46세,경상
2019070300100148,2019년 7월 3일 09시,수요일,서울특별시 강서구 마곡동,중상사고,0,1,1,0,차대차 - 측면충돌,신호위반,포장 - 건조,맑음,교차로 - 교차로안,승용,남,69세,상해없음,승용,남,36세,경상
2019070300100179,2019년 7월 3일 10시,수요일,서울특별시 강서구 개화동,경상사고,0,0,1,0,차대차 - 추돌,안전운전불이행,포장 - 건조,맑음,단일로 - 기타,기타불명,기타불명,미분류,기타불명,승용,남,66세,경상
2019070300100238,2019년 7월 3일 12시,수요일,서울특별시 강서구 가양동,중상사고,0,1,0,0,차대차 - 기타,신호위반,포장 - 건조,맑음,교차로 - 교차로횡단보도내,승용,여,53세,상해없음,자전거,남,31세,중상
2019070300100341,2019년 7월 3일 15시,수요일,서울특별시 강서구 화곡동,부상신고사고,0,0,0,1,차대사람 - 기타,안전운전불이행,포장 - 건조,맑음,교차로 - 교차로안,화물,남,56세,상해없음,보행자,남,8세,부상신고
2019070300100374,2019년 7월 3일 16시,수요일,서울특별시 강서구 등촌동,경상사고,0,0,2,0,차대차 - 측면충돌,신호위반,포장 - 건조,맑음,단일로 - 기타,화물,남,63세,상해없음,승합,여,52세,경상
2019070300100375,2019년 7월 3일 16시,수요일,서울특별시 강서구 공항동,중상사고,0,1,2,0,차대사람 - 기타,안전운전불이행,포장 - 건조,맑음,단일로 - 기타,승합,남,50세,상해없음,보행자,남,54세,상해없음
2019070300100414,2019년 7월 3일 17시,수요일,서울특별시 강서구 화곡동,부상신고사고,0,0,0,1,차대차 - 기타,안전운전불이행,포장 - 건조,맑음,교차로 - 교차로안,원동기,남,27세,부상신고,화물,남,71세,상해없음
2019070300100471,2019년 7월 3일 18시,수요일,서울특별시 강서구 내발산동,경상사고,0,0,1,0,차대차 - 측면충돌,신호위반,포장 - 건조,흐림,교차로 - 교차로안,이륜,남,36세,상해없음,승용,남,48세,경상
2019070300100612,2019년 7월 3일 23시,수요일,서울특별시 강서구 등촌동,경상사고,0,0,1,0,차대차 - 측면충돌,안전운전불이행,포장 - 건조,흐림,교차로 - 교차로안,승용,여,61세,상해없음,자전거,남,13세,경상
2019070400100049,2019년 7월 4일 03시,목요일,서울특별시 강서구 화곡동,경상사고,0,0,2,0,차대차 - 측면충돌,교차로운행방법위반,포장 - 건조,맑음,교차로 - 교차로안,이륜,여,19세,경상,이륜,남,22세,경상
2019070400100112,2019년 7월 4일 08시,목요일,서울특별시 강서구 화곡동,경상사고,0,0,1,0,차대사람 - 길가장자리구역통행중,안전운전불이행,포장 - 건조,맑음,단일로 - 기타,승합,여,38세,상해없음,보행자,여,48세,경상
2019070400100179,2019년 7월 4일 09시,목요일,서울특별시 강서구 화곡동,경상사고,0,0,1,2,차대차 - 기타,안전운전불이행,포장 - 건조,맑음,교차로 - 교차로안,승용,남,66세,상해없음,승용,남,38세,경상
2019070400100414,2019년 7월 4일 16시,목요일,서울특별시 강서구 방화동,중상사고,0,1,0,0,차대사람 - 기타,보행자보호의무위반,포장 - 건조,맑음,교차로 - 교차로부근,승합,남,66세,상해없음,보행자,남,8세,중상
2019070500100037,2019년 7월 5일 01시,금요일,서울특별시 강서구 마곡동,중상사고,0,1,2,0,차대차 - 측면충돌,신호위반,포장 - 건조,맑음,교차로 - 교차로안,화물,남,37세,상해없음,승용,남,61세,중상
2019070500100038,2019년 7월 5일 01시,금요일,서울특별시 강서구 염창동,경상사고,0,0,1,1,차대차 - 후진중충돌,안전운전불이행,포장 - 건조,맑음,단일로 - 기타,승용,남,50세,부상신고,승용,남,27세,경상
2019070500100070,2019년 7월 5일 05시,금요일,서울특별시 강서구 화곡동,경상사고,0,0,1,0,차대차 - 기타,안전운전불이행,포장 - 건조,맑음,교차로 - 교차로안,화물,남,58세,상해없음,화물,남,48세,경상
2019070500100092,2019년 7월 5일 07시,금요일,서울특별시 강서구 염창동,경상사고,0,0,1,0,차대차 - 추돌,안전운전불이행,포장 - 건조,맑음,교차로 - 교차로부근,승합,남,46세,상해없음,승용,남,59세,경상
2019070500100414,2019년 7월 5일 16시,금요일,서울특별시 강서구 개화동,경상사고,0,0,1,0,차대차 - 측면충돌,안전거리미확보,포장 - 건조,맑음,단일로 - 기타,화물,남,69세,상해없음,승용,남,41세,경상
2019070500100465,2019년 7월 5일 17시,금요일,서울특별시 강서구 방화동,경상사고,0,0,1,0,차대차 - 추돌,안전운전불이행,포장 - 건조,기타,교차로 - 교차로부근,승용,남,23세,상해없음,승용,남,41세,경상
2019070500100516,2019년 7월 5일 18시,금요일,서울특별시 강서구 내발산동,경상사고,0,0,1,0,차대차 - 측면충돌,안전운전불이행,포장 - 건조,맑음,단일로 - 기타,승용,남,42세,상해없음,이륜,남,22세,경상
2019070500100576,2019년 7월 5일 19시,금요일,서울특별시 강서구 마곡동,경상사고,0,0,1,0,차대차 - 측면충돌,안전운전불이행,포장 - 건조,맑음,단일로 - 기타,승용,남,55세,상해없음,이륜,남,29세,경상
2019070500100605,2019년 7월 5일 20시,금요일,서울특별시 강서구 화곡동,중상사고,0,1,1,0,차대차 - 추돌,안전거리미확보,포장 - 건조,맑음,단일로 - 기타,승용,남,50세,상해없음,승용,여,30세,경상
2019070500100606,2019년 7월 5일 20시,금요일,서울특별시 강서구 화곡동,경상사고,0,0,1,0,차대차 - 기타,안전운전불이행,포장 - 건조,맑음,교차로 - 교차로안,승용,남,32세,상해없음,이륜,남,31세,경상
2019070500100687,2019년 7월 5일 23시,금요일,서울특별시 강서구 화곡동,경상사고,0,0,1,0,차대사람 - 횡단중,안전운전불이행,포장 - 건조,맑음,교차로 - 교차로부근,승용,남,60세,상해없음,보행자,여,17세,경상
2019070600100248,2019년 7월 6일 11시,토요일,서울특별시 강서구 마곡동,경상사고,0,0,1,0,차대사람 - 기타,안전운전불이행,포장 - 건조,맑음,단일로 - 기타,승용,여,64세,상해없음,보행자,여,30세,경상
2019070600100288,2019년 7월 6일 12시,토요일,서울특별시 강서구 염창동,경상사고,0,0,1,0,차대차 - 추돌,안전거리미확보,포장 - 건조,맑음,단일로 - 기타,승용,남,35세,상해없음,승용,남,30세,경상
2019070600100347,2019년 7월 6일 13시,토요일,서울특별시 강서구 마곡동,경상사고,0,0,1,0,차대사람 - 횡단중,보행자보호의무위반,포장 - 건조,맑음,교차로 - 교차로횡단보도내,승용,남,51세,상해없음,보행자,남,58세,경상
2019070700100133,2019년 7월 7일 10시,일요일,서울특별시 강서구 화곡동,중상사고,0,1,0,0,차대사람 - 기타,안전운전불이행,포장 - 기타,맑음,단일로 - 기타,승용,남,85세,상해없음,보행자,남,55세,중상
2019070700100250,2019년 7월 7일 14시,일요일,서울특별시 강서구 방화동,중상사고,0,1,0,0,차대차 - 기타,안전운전불이행,포장 - 건조,맑음,교차로 - 교차로안,승용,여,42세,상해없음,이륜,남,45세,중상
2019070800100395,2019년 7월 8일 16시,월요일,서울특별시 강서구 가양동,경상사고,0,0,1,0,차대차 - 측면충돌,안전운전불이행,포장 - 건조,맑음,단일로 - 기타,승용,남,48세,상해없음,승용,남,29세,경상
2019070800100438,2019년 7월 8일 17시,월요일,서울특별시 강서구 등촌동,경상사고,0,0,1,0,차대차 - 기타,안전운전불이행,포장 - 기타,맑음,교차로 - 교차로안,승용,여,60세,상해없음,이륜,남,26세,경상
2019070800100581,2019년 7월 8일 22시,월요일,서울특별시 강서구 화곡동,경상사고,0,0,1,0,차대차 - 추돌,안전운전불이행,포장 - 건조,맑음,기타 - 기타,승용,남,48세,상해없음,승용,남,67세,경상
2019070800100605,2019년 7월 8일 23시,월요일,서울특별시 강서구 화곡동,중상사고,0,1,0,0,차대사람 - 기타,안전운전불이행,포장 - 건조,맑음,교차로 - 교차로안,승용,남,62세,상해없음,보행자,남,57세,중상
2019070900100244,2019년 7월 9일 11시,화요일,서울특별시 강서구 화곡동,경상사고,0,0,1,0,차대차 - 측면충돌,안전운전불이행,포장 - 건조,맑음,단일로 - 기타,승용,남,33세,상해없음,승용,여,57세,경상
2019070900100281,2019년 7월 9일 12시,화요일,서울특별시 강서구 화곡동,중상사고,0,1,0,0,차대사람 - 횡단중,안전운전불이행,포장 - 건조,맑음,교차로 - 교차로안,화물,남,46세,상해없음,보행자,여,77세,중상
2019070900100307,2019년 7월 9일 13시,화요일,서울특별시 강서구 방화동,경상사고,0,0,2,0,차대차 - 측면충돌,신호위반,포장 - 건조,맑음,교차로 - 교차로안,승용,여,61세,상해없음,승용,남,26세,경상
2019070900100366,2019년 7월 9일 15시,화요일,서울특별시 강서구 방화동,경상사고,0,0,1,0,차대사람 - 보도통행중,기타,포장 - 건조,맑음,단일로 - 기타,승용,여,40세,상해없음,보행자,여,67세,경상
2019070900100367,2019년 7월 9일 15시,화요일,서울특별시 강서구 화곡동,경상사고,0,0,1,0,차대사람 - 횡단중,보행자보호의무위반,포장 - 건조,맑음,단일로 - 기타,승용,남,47세,상해없음,보행자,남,43세,경상
2019070900100368,2019년 7월 9일 15시,화요일,서울특별시 강서구 등촌동,부상신고사고,0,0,0,1,차대차 - 기타,안전운전불이행,포장 - 건조,맑음,교차로 - 교차로부근,기타불명,기타불명,미분류,기타불명,기타불명,여,86세,부상신고
2019070900100477,2019년 7월 9일 18시,화요일,서울특별시 강서구 화곡동,경상사고,0,0,1,0,차대사람 - 길가장자리구역통행중,안전운전불이행,포장 - 건조,맑음,단일로 - 기타,승용,남,73세,상해없음,보행자,여,59세,경상
2019070900100478,2019년 7월 9일 18시,화요일,서울특별시 강서구 공항동,경상사고,0,0,1,0,차대사람 - 기타,안전운전불이행,포장 - 건조,기타,단일로 - 기타,승용,남,56세,상해없음,보행자,남,77세,경상
2019071000100077,2019년 7월 10일 07시,수요일,서울특별시 강서구 공항동,중상사고,0,1,0,0,차대사람 - 기타,안전운전불이행,포장 - 건조,맑음,단일로 - 기타,승용,여,56세,상해없음,보행자,여,74세,중상
2019071000100171,2019년 7월 10일 10시,수요일,서울특별시 강서구 방화동,경상사고,0,0,4,0,차대차 - 측면충돌,안전운전불이행,포장 - 젖음/습기,비,교차로 - 교차로안,승용,남,39세,경상,승용,여,60세,경상
2019071000100358,2019년 7월 10일 16시,수요일,서울특별시 강서구 내발산동,경상사고,0,0,1,0,차대차 - 정면충돌,안전운전불이행,포장 - 건조,맑음,단일로 - 기타,이륜,남,17세,상해없음,승용,여,51세,경상
2019071000100397,2019년 7월 10일 17시,수요일,서울특별시 강서구 내발산동,경상사고,0,0,1,0,차대사람 - 기타,안전운전불이행,포장 - 젖음/습기,비,단일로 - 기타,승용,남,53세,기타불명,보행자,여,50세,경상
2019071000100498,2019년 7월 10일 19시,수요일,서울특별시 강서구 방화동,경상사고,0,0,2,0,차대차 - 추돌,안전운전불이행,포장 - 건조,맑음,교차로 - 교차로부근,승합,남,47세,상해없음,승용,여,48세,경상
2019071000100595,2019년 7월 10일 21시,수요일,서울특별시 강서구 화곡동,부상신고사고,0,0,0,1,차량단독 - 기타,안전운전불이행,포장 - 젖음/습기,비,단일로 - 기타,이륜,남,29세,부상신고,,,,
2019071100100040,2019년 7월 11일 01시,목요일,서울특별시 강서구 방화동,중상사고,0,1,1,0,차대차 - 정면충돌,신호위반,포장 - 젖음/습기,비,교차로 - 교차로안,승용,남,31세,상해없음,승용,여,48세,중상
2019071100100134,2019년 7월 11일 08시,목요일,서울특별시 강서구 방화동,중상사고,0,1,0,0,차대차 - 측면충돌,신호위반,포장 - 기타,맑음,단일로 - 기타,승용,남,64세,상해없음,자전거,여,50세,중상
2019071100100135,2019년 7월 11일 08시,목요일,서울특별시 강서구 가양동,경상사고,0,0,2,0,차대차 - 측면충돌,교차로운행방법위반,포장 - 건조,맑음,교차로 - 교차로안,승용,남,78세,경상,승용,남,26세,경상
2019071100100180,2019년 7월 11일 09시,목요일,서울특별시 강서구 화곡동,경상사고,0,0,2,0,차대차 - 기타,안전운전불이행,포장 - 건조,맑음,교차로 - 교차로안,승용,여,68세,기타불명,승용,남,59세,경상
2019071200100059,2019년 7월 12일 03시,금요일,서울특별시 강서구 가양동,경상사고,0,0,1,0,차대차 - 측면충돌,안전거리미확보,포장 - 건조,맑음,단일로 - 기타,승용,남,59세,상해없음,승용,남,61세,상해없음
2019071200100362,2019년 7월 12일 14시,금요일,서울특별시 강서구 가양동,경상사고,0,0,1,0,차대차 - 측면충돌,신호위반,포장 - 건조,맑음,교차로 - 교차로부근,이륜,남,29세,상해없음,승용,남,58세,경상
2019071200100398,2019년 7월 12일 15시,금요일,서울특별시 강서구 방화동,중상사고,0,1,1,0,차대사람 - 횡단중,신호위반,포장 - 건조,맑음,단일로 - 기타,이륜,남,18세,경상,보행자,여,5세,중상
2019071200100477,2019년 7월 12일 17시,금요일,서울특별시 강서구 등촌동,중상사고,0,1,0,0,차대사람 - 기타,안전운전불이행,포장 - 건조,맑음,교차로 - 교차로부근,승용,여,32세,상해없음,보행자,남,59세,중상
2019071200100630,2019년 7월 12일 20시,금요일,서울특별시 강서구 방화동,경상사고,0,0,1,0,차대사람 - 보도통행중,기타,포장 - 건조,맑음,기타 - 기타,원동기,남,35세,상해없음,보행자,남,49세,경상
2019071300100116,2019년 7월 13일 08시,토요일,서울특별시 강서구 공항동,경상사고,0,0,1,0,차대차 - 추돌,안전운전불이행,포장 - 건조,맑음,교차로 - 교차로부근,화물,남,63세,상해없음,승용,남,38세,경상
2019071300100117,2019년 7월 13일 08시,토요일,서울특별시 강서구 가양동,경상사고,0,0,1,0,차대차 - 측면충돌,안전운전불이행,포장 - 건조,맑음,단일로 - 기타,승용,남,55세,상해없음,승용,남,27세,경상
2019071300100137,2019년 7월 13일 09시,토요일,서울특별시 강서구 방화동,중상사고,0,1,0,0,차대차 - 추돌,안전운전불이행,포장 - 건조,맑음,단일로 - 기타,기타불명,기타불명,미분류,기타불명,자전거,남,58세,중상
2019071300100306,2019년 7월 13일 14시,토요일,서울특별시 강서구 방화동,부상신고사고,0,0,0,1,차대차 - 측면충돌,안전운전불이행,포장 - 건조,흐림,교차로 - 교차로안,승용,남,27세,상해없음,이륜,남,23세,부상신고
2019071300100375,2019년 7월 13일 16시,토요일,서울특별시 강서구 화곡동,경상사고,0,0,1,0,차대차 - 후진중충돌,안전운전불이행,포장 - 건조,맑음,기타 - 기타,승용,남,69세,상해없음,승용,남,30세,경상
2019071300100376,2019년 7월 13일 16시,토요일,서울특별시 강서구 마곡동,중상사고,0,1,0,0,차대사람 - 기타,중앙선침범,포장 - 건조,맑음,단일로 - 기타,승용,남,48세,상해없음,보행자,여,65세,중상
2019071300100452,2019년 7월 13일 18시,토요일,서울특별시 강서구 외발산동,경상사고,0,0,1,0,차대차 - 추돌,안전운전불이행,포장 - 건조,맑음,교차로 - 교차로부근,승용,여,31세,상해없음,승합,남,59세,경상
2019071400100088,2019년 7월 14일 06시,일요일,서울특별시 강서구 등촌동,경상사고,0,0,2,0,차대차 - 추돌,안전운전불이행,포장 - 건조,기타,단일로 - 기타,승용,남,27세,상해없음,승용,남,67세,경상
2019071400100137,2019년 7월 14일 10시,일요일,서울특별시 강서구 화곡동,경상사고,0,0,1,0,차대사람 - 길가장자리구역통행중,안전운전불이행,포장 - 건조,맑음,단일로 - 기타,승용,남,75세,상해없음,보행자,남,56세,경상
2019071400100191,2019년 7월 14일 12시,일요일,서울특별시 강서구 등촌동,중상사고,0,1,0,0,차대차 - 정면충돌,안전운전불이행,포장 - 건조,맑음,교차로 - 교차로안,승용,여,49세,상해없음,이륜,남,27세,중상
2019071400100501,2019년 7월 14일 23시,일요일,서울특별시 강서구 화곡동,경상사고,0,0,1,0,차대차 - 측면충돌,직진우회전진행방해,포장 - 건조,맑음,교차로 - 교차로안,승용,여,39세,상해없음,승용,남,35세,경상
2019071500100069,2019년 7월 15일 07시,월요일,서울특별시 강서구 등촌동,경상사고,0,0,4,0,차대차 - 추돌,안전운전불이행,포장 - 건조,맑음,단일로 - 기타,승용,남,67세,상해없음,승합,남,52세,상해없음
2019071500100215,2019년 7월 15일 12시,월요일,서울특별시 강서구 공항동,중상사고,0,1,0,0,차대사람 - 기타,기타,포장 - 건조,맑음,단일로 - 기타,승합,남,49세,상해없음,보행자,남,75세,중상
2019071600100215,2019년 7월 16일 12시,화요일,서울특별시 강서구 가양동,경상사고,0,0,1,0,차대차 - 측면충돌,안전운전불이행,포장 - 건조,맑음,단일로 - 기타,승용,여,26세,상해없음,승용,남,33세,경상
2019071600100286,2019년 7월 16일 14시,화요일,서울특별시 강서구 등촌동,경상사고,0,0,1,0,차대차 - 기타,안전운전불이행,포장 - 건조,맑음,교차로 - 교차로안,승용,남,36세,상해없음,승용,여,35세,경상
2019071600100408,2019년 7월 16일 17시,화요일,서울특별시 강서구 화곡동,경상사고,0,0,1,0,차대사람 - 길가장자리구역통행중,안전운전불이행,포장 - 건조,맑음,단일로 - 기타,승용,여,70세,상해없음,보행자,여,68세,경상
2019071600100518,2019년 7월 16일 19시,화요일,서울특별시 강서구 화곡동,경상사고,0,0,1,0,차대사람 - 기타,안전운전불이행,포장 - 기타,맑음,단일로 - 기타,승용,남,70세,상해없음,보행자,남,72세,경상
2019071600100549,2019년 7월 16일 20시,화요일,서울특별시 강서구 방화동,경상사고,0,0,1,0,차대차 - 기타,안전운전불이행,포장 - 건조,맑음,교차로 - 교차로부근,승용,여,54세,상해없음,승용,여,34세,경상
2019071600100600,2019년 7월 16일 22시,화요일,서울특별시 강서구 방화동,경상사고,0,0,1,0,차대차 - 측면충돌,안전운전불이행,포장 - 건조,맑음,단일로 - 기타,승합,남,47세,상해없음,승용,남,62세,상해없음
2019071700100094,2019년 7월 17일 07시,수요일,서울특별시 강서구 등촌동,경상사고,0,0,1,0,차대차 - 기타,신호위반,포장 - 건조,맑음,교차로 - 교차로안,승용,남,74세,기타불명,승합,남,63세,경상
2019071700100270,2019년 7월 17일 13시,수요일,서울특별시 강서구 내발산동,경상사고,0,0,1,0,차대차 - 측면충돌,안전운전불이행,포장 - 건조,맑음,교차로 - 교차로안,승용,여,45세,상해없음,승용,남,62세,경상
2019071700100391,2019년 7월 17일 16시,수요일,서울특별시 강서구 화곡동,경상사고,0,0,1,0,차대차 - 기타,안전운전불이행,포장 - 건조,맑음,기타 - 기타,승용,남,59세,경상,승용,여,44세,상해없음
2019071700100613,2019년 7월 17일 22시,수요일,서울특별시 강서구 화곡동,경상사고,0,0,1,0,차대사람 - 보도통행중,보행자보호의무위반,포장 - 건조,맑음,교차로 - 교차로부근,승용,남,72세,상해없음,보행자,남,59세,경상
2019071800100330,2019년 7월 18일 15시,목요일,서울특별시 강서구 화곡동,부상신고사고,0,0,0,1,차대차 - 측면충돌,안전운전불이행,포장 - 건조,맑음,단일로 - 기타,원동기,남,16세,부상신고,승용,남,61세,상해없음
2019071800100366,2019년 7월 18일 16시,목요일,서울특별시 강서구 염창동,경상사고,0,0,1,0,차대차 - 후진중충돌,안전운전불이행,포장 - 기타,맑음,기타 - 기타,승용,남,27세,상해없음,승용,남,48세,경상
2019071800100439,2019년 7월 18일 18시,목요일,서울특별시 강서구 내발산동,중상사고,0,1,0,0,차대차 - 기타,안전운전불이행,포장 - 건조,맑음,교차로 - 교차로안,승용,여,26세,상해없음,원동기,남,33세,중상