사고번호,사고일시,요일,시군구,사고내용,사망자수,중상자수,경상자수,부상신고자수,사고유형,법규위반,노면상태,기상상태,도로형태,가해운전자 차종,가해운전자 성별,가해운전자 연령,가해운전자 상해정도,피해운전자 차종,피해운전자 성별,피해운전자 연령,피해운전자 상해정도
2019071800100611,2019년 7월 18일 23시,목요일,서울특별시 강서구 마곡동,중상사고,0,1,0,0,차대차 - 측면충돌,안전운전불이행,포장 - 건조,맑음,교차로 - 교차로부근,승용,남,60세,상해없음,자전거,남,21세,중상
2019071900100130,2019년 7월 19일 08시,금요일,서울특별시 강서구 내발산동,경상사고,0,0,1,0,차량단독 - 기타,안전운전불이행,포장 - 건조,맑음,단일로 - 기타,승합,남,61세,상해없음,,,,
2019071900100177,2019년 7월 19일 09시,금요일,서울특별시 강서구 마곡동,중상사고,0,1,0,0,차대사람 - 보도통행중,보행자보호의무위반,포장 - 건조,맑음,단일로 - 기타,승용,남,77세,상해없음,보행자,여,30세,중상
2019071900100443,2019년 7월 19일 16시,금요일,서울특별시 강서구 화곡동,중상사고,0,1,0,0,차대차 - 측면충돌,안전운전불이행,포장 - 건조,맑음,단일로 - 기타,승용,남,64세,상해없음,자전거,여,61세,중상
2019071900100484,2019년 7월 19일 17시,금요일,서울특별시 강서구 마곡동,경상사고,0,0,1,0,차대차 - 기타,차로위반,포장 - 건조,맑음,단일로 - 기타,이륜,남,54세,경상,승용,남,65세,상해없음
2019071900100485,2019년 7월 19일 17시,금요일,서울특별시 강서구 화곡동,경상사고,0,0,1,0,차대차 - 후진중충돌,안전운전불이행,포장 - 건조,맑음,단일로 - 기타,화물,남,42세,상해없음,승용,여,28세,경상
2019071900100578,2019년 7월 19일 19시,금요일,서울특별시 강서구 화곡동,경상사고,0,0,1,0,차대차 - 측면충돌,안전운전불이행,포장 - 건조,맑음,교차로 - 교차로안,승용,남,57세,상해없음,이륜,남,36세,경상
2019072000100277,2019년 7월 20일 13시,토요일,서울특별시 강서구 마곡동,경상사고,0,0,2,0,차대차 - 기타,안전운전불이행,포장 - 건조,맑음,단일로 - 기타,승용,여,39세,상해없음,승용,남,36세,경상
2019072000100323,2019년 7월 20일 14시,토요일,서울특별시 강서구 염창동,경상사고,0,0,2,0,차대차 - 추돌,안전운전불이행,포장 - 건조,맑음,단일로 - 기타,승합,남,56세,상해없음,승용,남,59세,경상
2019072000100439,2019년 7월 20일 18시,토요일,서울특별시 강서구 등촌동,경상사고,0,0,1,0,차대사람 - 기타,안전운전불이행,포장 - 기타,맑음,단일로 - 기타,승용,여,58세,상해없음,보행자,남,6세,경상
2019072000100579,2019년 7월 20일 22시,토요일,서울특별시 강서구 공항동,경상사고,0,0,1,0,차대차 - 추돌,안전운전불이행,포장 - 기타,기타,단일로 - 기타,승용,남,49세,상해없음,화물,남,42세,경상
2019072100100102,2019년 7월 21일 05시,일요일,서울특별시 강서구 가양동,경상사고,0,0,1,0,차대사람 - 횡단중,안전운전불이행,포장 - 기타,맑음,기타 - 기타,승용,남,59세,상해없음,보행자,남,62세,경상
2019072100100114,2019년 7월 21일 06시,일요일,서울특별시 강서구 화곡동,경상사고,0,0,2,0,차대차 - 추돌,안전운전불이행,포장 - 건조,맑음,단일로 - 기타,화물,남,38세,상해없음,승용,여,58세,경상
2019072100100166,2019년 7월 21일 10시,일요일,서울특별시 강서구 화곡동,중상사고,0,1,0,0,차대차 - 기타,기타,포장 - 젖음/습기,비,단일로 - 기타,승용,남,71세,상해없음,이륜,남,39세,중상
2019072100100449,2019년 7월 21일 21시,일요일,서울특별시 강서구 마곡동,경상사고,0,0,1,0,차대사람 - 차도통행중,안전운전불이행,포장 - 건조,맑음,단일로 - 기타,승용,남,33세,상해없음,보행자,남,55세,경상
2019072200100307,2019년 7월 22일 13시,월요일,서울특별시 강서구 방화동,부상신고사고,0,0,0,1,차대차 - 측면충돌,안전운전불이행,포장 - 건조,맑음,단일로 - 기타,이륜,남,22세,부상신고,승용,남,60세,상해없음
2019072200100308,2019년 7월 22일 13시,월요일,서울특별시 강서구 가양동,경상사고,0,0,3,0,차대차 - 추돌,안전운전불이행,포장 - 건조,맑음,단일로 - 기타,승용,남,42세,기타불명,승용,여,60세,경상
2019072200100390,2019년 7월 22일 15시,월요일,서울특별시 강서구 마곡동,경상사고,0,0,1,0,차대차 - 기타,안전운전불이행,포장 - 건조,맑음,교차로 - 교차로안,건설기계,남,52세,상해없음,승용,남,24세,경상
2019072200100432,2019년 7월 22일 16시,월요일,서울특별시 강서구 내발산동,경상사고,0,0,1,0,차대차 - 정면충돌,안전운전불이행,포장 - 건조,맑음,교차로 - 교차로안,승용,남,67세,상해없음,자전거,남,62세,경상
2019072200100633,2019년 7월 22일 20시,월요일,서울특별시 강서구 화곡동,부상신고사고,0,0,0,1,차대차 - 측면충돌,안전운전불이행,포장 - 건조,맑음,교차로 - 교차로안,이륜,남,16세,부상신고,승용,남,37세,상해없음
2019072300100217,2019년 7월 23일 11시,화요일,서울특별시 강서구 방화동,중상사고,0,1,0,0,차대차 - 측면충돌,안전운전불이행,포장 - 건조,맑음,교차로 - 교차로안,승용,남,45세,상해없음,이륜,남,48세,중상
2019072300100322,2019년 7월 23일 14시,화요일,서울특별시 강서구 내발산동,중상사고,0,1,0,0,차대사람 - 보도통행중,신호위반,포장 - 건조,맑음,단일로 - 기타,승용,여,46세,상해없음,보행자,남,15세,중상
2019072300100406,2019년 7월 23일 16시,화요일,서울특별시 강서구 염창동,경상사고,0,0,1,0,차대사람 - 횡단중,안전운전불이행,포장 - 건조,맑음,단일로 - 기타,승용,여,51세,상해없음,보행자,여,55세,경상
2019072300100407,2019년 7월 23일 16시,화요일,서울특별시 강서구 내발산동,경상사고,0,0,1,0,차대차 - 측면충돌,안전운전불이행,포장 - 기타,맑음,기타 - 기타,승용,여,29세,상해없음,자전거,남,72세,경상
2019072300100645,2019년 7월 23일 22시,화요일,서울특별시 강서구 공항동,경상사고,0,0,1,0,차대차 - 측면충돌,중앙선침범,포장 - 건조,흐림,단일로 - 기타,승용,남,58세,상해없음,이륜,남,20세,경상
2019072400100028,2019년 7월 24일 00시,수요일,서울특별시 강서구 방화동,경상사고,0,0,1,0,차대사람 - 기타,안전운전불이행,포장 - 건조,맑음,단일로 - 기타,승용,남,25세,상해없음,보행자,남,24세,경상
2019072400100104,2019년 7월 24일 08시,수요일,서울특별시 강서구 개화동,경상사고,0,0,2,0,차대차 - 추돌,안전운전불이행,포장 - 건조,맑음,단일로 - 기타,승용,남,69세,상해없음,승용,여,39세,경상
2019072400100182,2019년 7월 24일 10시,수요일,서울특별시 강서구 염창동,경상사고,0,0,1,0,차대차 - 기타,신호위반,포장 - 젖음/습기,비,교차로 - 교차로안,승용,여,55세,상해없음,승용,여,36세,경상
2019072400100251,2019년 7월 24일 12시,수요일,서울특별시 강서구 외발산동,중상사고,0,1,0,0,차량단독 - 공작물충돌,안전운전불이행,포장 - 젖음/습기,흐림,단일로 - 기타,승용,여,48세,중상,,,,
2019072400100564,2019년 7월 24일 19시,수요일,서울특별시 강서구 염창동,경상사고,0,0,1,0,차대사람 - 기타,안전운전불이행,포장 - 건조,흐림,단일로 - 기타,승합,남,56세,상해없음,보행자,남,55세,경상
2019072400100593,2019년 7월 24일 20시,수요일,서울특별시 강서구 방화동,경상사고,0,0,1,0,차대차 - 측면충돌,신호위반,포장 - 건조,흐림,단일로 - 기타,승합,남,40세,상해없음,승용,남,64세,경상
2019072500100122,2019년 7월 25일 08시,목요일,서울특별시 강서구 화곡동,경상사고,0,0,1,0,차대차 - 추돌,안전운전불이행,포장 - 젖음/습기,비,단일로 - 고가도로위,승용,남,30세,상해없음,승용,여,59세,경상
2019072500100193,2019년 7월 25일 10시,목요일,서울특별시 강서구 방화동,중상사고,0,1,0,0,차대차 - 기타,안전운전불이행,포장 - 젖음/습기,비,단일로 - 기타,승용,남,80세,상해없음,원동기,남,40세,중상
2019072500100285,2019년 7월 25일 13시,목요일,서울특별시 강서구 화곡동,경상사고,0,0,1,0,차대차 - 기타,안전운전불이행,포장 - 젖음/습기,비,단일로 - 기타,승용,남,64세,상해없음,승용,남,68세,경상
2019072500100462,2019년 7월 25일 18시,목요일,서울특별시 강서구 화곡동,경상사고,0,0,1,0,차대사람 - 기타,안전운전불이행,포장 - 젖음/습기,비,단일로 - 기타,기타불명,기타불명,미분류,기타불명,보행자,여,24세,경상
2019072500100540,2019년 7월 25일 20시,목요일,서울특별시 강서구 화곡동,경상사고,0,0,2,0,차대차 - 측면충돌,안전운전불이행,포장 - 젖음/습기,흐림,단일로 - 기타,승용,남,56세,상해없음,승용,남,24세,경상
2019072600100196,2019년 7월 26일 11시,금요일,서울특별시 강서구 마곡동,경상사고,0,0,1,0,차대차 - 측면충돌,안전운전불이행,포장 - 젖음/습기,비,교차로 - 교차로안,이륜,남,41세,경상,승용,여,36세,상해없음
2019072600100495,2019년 7월 26일 19시,금요일,서울특별시 강서구 등촌동,경상사고,0,0,2,0,차대차 - 측면충돌,안전운전불이행,포장 - 젖음/습기,비,교차로 - 교차로안,원동기,남,19세,경상,승용,남,58세,경상
2019072600100496,2019년 7월 26일 19시,금요일,서울특별시 강서구 화곡동,경상사고,0,0,1,0,차대차 - 후진중충돌,안전운전불이행,포장 - 젖음/습기,흐림,교차로 - 교차로부근,승용,여,48세,상해없음,이륜,남,26세,경상
2019072600100567,2019년 7월 26일 21시,금요일,서울특별시 강서구 마곡동,경상사고,0,0,1,0,차대차 - 후진중충돌,안전운전불이행,포장 - 건조,맑음,교차로 - 교차로부근,승용,남,42세,상해없음,승용,남,27세,경상
2019072700100026,2019년 7월 27일 00시,토요일,서울특별시 강서구 화곡동,부상신고사고,0,0,0,1,차대사람 - 기타,안전운전불이행,포장 - 젖음/습기,비,단일로 - 기타,승용,남,51세,상해없음,보행자,남,58세,부상신고
2019072700100097,2019년 7월 27일 03시,토요일,서울특별시 강서구 화곡동,경상사고,0,0,1,0,차대사람 - 기타,안전운전불이행,포장 - 건조,맑음,교차로 - 교차로부근,승용,남,58세,상해없음,보행자,여,30세,경상
2019072700100133,2019년 7월 27일 06시,토요일,서울특별시 강서구 화곡동,중상사고,0,1,2,0,차대차 - 측면충돌,안전운전불이행,포장 - 건조,맑음,교차로 - 교차로안,이륜,남,42세,경상,이륜,남,27세,경상
2019072700100243,2019년 7월 27일 11시,토요일,서울특별시 강서구 개화동,중상사고,0,1,0,0,차량단독 - 기타,안전운전불이행,포장 - 기타,맑음,단일로 - 기타,승합,남,58세,기타불명,,,,
2019072800100174,2019년 7월 28일 13시,일요일,서울특별시 강서구 화곡동,중상사고,0,1,0,0,차대사람 - 횡단중,안전운전불이행,포장 - 젖음/습기,비,단일로 - 기타,승합,남,69세,상해없음,보행자,여,72세,중상
2019072900100031,2019년 7월 29일 00시,월요일,서울특별시 강서구 등촌동,부상신고사고,0,0,0,1,차대사람 - 기타,기타,포장 - 기타,맑음,기타 - 기타,승용,남,64세,상해없음,보행자,여,64세,부상신고
2019072900100032,2019년 7월 29일 00시,월요일,서울특별시 강서구 화곡동,경상사고,0,0,1,0,차대사람 - 횡단중,보행자보호의무위반,포장 - 젖음/습기,비,교차로 - 교차로안,승용,남,31세,상해없음,보행자,여,40세,경상
2019073000100117,2019년 7월 30일 08시,화요일,서울특별시 강서구 등촌동,경상사고,0,0,1,0,차대차 - 측면충돌,신호위반,포장 - 건조,흐림,교차로 - 교차로안,승용,남,60세,상해없음,승용,남,76세,경상
2019073000100413,2019년 7월 30일 16시,화요일,서울특별시 강서구 화곡동,경상사고,0,0,1,0,차대사람 - 기타,안전운전불이행,포장 - 젖음/습기,비,단일로 - 기타,승용,남,67세,상해없음,보행자,여,72세,경상
2019073000100507,2019년 7월 30일 18시,화요일,서울특별시 강서구 가양동,경상사고,0,0,1,0,차대차 - 기타,안전운전불이행,포장 - 건조,맑음,교차로 - 교차로안,자전거,남,14세,경상,승용,남,37세,상해없음
2019073100100088,2019년 7월 31일 07시,수요일,서울특별시 강서구 염창동,경상사고,0,0,1,0,차대차 - 측면충돌,안전운전불이행,포장 - 건조,맑음,교차로 - 교차로안,자전거,남,77세,경상,승용,남,67세,상해없음
2019073100100089,2019년 7월 31일 07시,수요일,서울특별시 강서구 개화동,경상사고,0,0,1,0,차대차 - 측면충돌,안전거리미확보,포장 - 건조,맑음,단일로 - 기타,승합,남,52세,상해없음,승합,남,60세,경상
2019073100100116,2019년 7월 31일 08시,수요일,서울특별시 강서구 방화동,중상사고,0,1,0,1,차대차 - 측면충돌,안전운전불이행,포장 - 젖음/습기,비,단일로 - 기타,승용,남,35세,부상신고,승합,남,49세,상해없음
2019073100100174,2019년 7월 31일 10시,수요일,서울특별시 강서구 화곡동,경상사고,0,0,1,0,차대사람 - 기타,안전운전불이행,포장 - 젖음/습기,비,기타 - 기타,자전거,남,58세,경상,보행자,여,59세,상해없음
2019073100100261,2019년 7월 31일 12시,수요일,서울특별시 강서구 화곡동,경상사고,0,0,1,0,차대차 - 측면충돌,안전운전불이행,포장 - 젖음/습기,비,단일로 - 기타,이륜,남,32세,경상,승용,남,31세,상해없음
2019073100100435,2019년 7월 31일 17시,수요일,서울특별시 강서구 화곡동,중상사고,0,1,0,0,차대차 - 기타,직진우회전진행방해,포장 - 건조,맑음,교차로 - 교차로안,승용,남,37세,상해없음,승용,여,63세,중상
2019073100100473,2019년 7월 31일 18시,수요일,서울특별시 강서구 개화동,경상사고,0,0,1,0,차대차 - 추돌,안전운전불이행,포장 - 젖음/습기,비,단일로 - 기타,승용,남,60세,상해없음,승용,남,34세,경상
2019073100100598,2019년 7월 31일 21시,수요일,서울특별시 강서구 화곡동,경상사고,0,0,1,0,차대사람 - 기타,안전운전불이행,포장 - 건조,흐림,교차로 - 교차로안,화물,남,63세,상해없음,보행자,남,51세,경상
2019073100100634,2019년 7월 31일 22시,수요일,서울특별시 강서구 방화동,경상사고,0,0,1,0,차대차 - 측면충돌,안전운전불이행,포장 - 젖음/습기,비,단일로 - 기타,승용,남,55세,상해없음,이륜,남,18세,경상
2019080100100042,2019년 8월 1일 01시,목요일,서울특별시 강서구 염창동,경상사고,0,0,4,0,차대차 - 기타,안전운전불이행,포장 - 젖음/습기,비,단일로 - 기타,승용,남,55세,상해없음,승용,남,34세,경상
2019080100100128,2019년 8월 1일 08시,목요일,서울특별시 강서구 방화동,경상사고,0,0,1,0,차대사람 - 보도통행중,기타,포장 - 젖음/습기,비,기타 - 기타,화물,남,58세,상해없음,보행자,여,67세,경상
2019080100100198,2019년 8월 1일 10시,목요일,서울특별시 강서구 등촌동,부상신고사고,0,0,0,1,차대사람 - 기타,안전운전불이행,포장 - 건조,맑음,교차로 - 교차로횡단보도내,기타불명,기타불명,미분류,기타불명,보행자,남,27세,부상신고
2019080100100310,2019년 8월 1일 13시,목요일,서울특별시 강서구 화곡동,경상사고,0,0,1,0,차대차 - 정면충돌,안전운전불이행,포장 - 건조,맑음,교차로 - 교차로안,승용,여,53세,상해없음,이륜,남,30세,경상
2019080100100417,2019년 8월 1일 16시,목요일,서울특별시 강서구 등촌동,중상사고,0,1,0,0,차대사람 - 횡단중,신호위반,포장 - 건조,맑음,교차로 - 교차로부근,승용,남,53세,상해없음,보행자,여,81세,중상
2019080100100502,2019년 8월 1일 18시,목요일,서울특별시 강서구 화곡동,경상사고,0,0,1,0,차대사람 - 횡단중,안전운전불이행,포장 - 건조,맑음,단일로 - 기타,승용,남,71세,상해없음,보행자,남,25세,경상
2019080200100029,2019년 8월 2일 00시,금요일,서울특별시 강서구 염창동,부상신고사고,0,0,0,1,차대사람 - 기타,안전운전불이행,포장 - 건조,흐림,교차로 - 교차로안,승용,남,72세,상해없음,보행자,남,22세,부상신고
2019080200100165,2019년 8월 2일 10시,금요일,서울특별시 강서구 등촌동,중상사고,0,1,0,0,차대차 - 측면충돌,신호위반,포장 - 건조,맑음,교차로 - 교차로안,승용,여,63세,상해없음,승용,여,56세,중상
2019080200100166,2019년 8월 2일 10시,금요일,서울특별시 강서구 마곡동,경상사고,0,0,1,0,차대차 - 측면충돌,교차로운행방법위반,포장 - 건조,맑음,교차로 - 교차로안,승용,여,39세,상해없음,승용,남,41세,경상
2019080200100509,2019년 8월 2일 18시,금요일,서울특별시 강서구 내발산동,경상사고,0,0,2,0,차대차 - 측면충돌,안전운전불이행,포장 - 건조,맑음,교차로 - 교차로부근,승합,남,54세,상해없음,승용,남,29세,경상
2019080200100510,2019년 8월 2일 18시,금요일,서울특별시 강서구 마곡동,중상사고,0,1,1,0,차대차 - 기타,안전운전불이행,포장 - 건조,맑음,단일로 - 기타,승용,여,34세,중상,승용,남,57세,경상
2019080200100594,2019년 8월 2일 20시,금요일,서울특별시 강서구 가양동,경상사고,0,0,1,0,차대사람 - 기타,안전운전불이행,포장 - 건조,맑음,기타 - 기타,자전거,남,72세,상해없음,보행자,여,31세,경상
2019080200100595,2019년 8월 2일 20시,금요일,서울특별시 강서구 내발산동,중상사고,0,1,2,0,차량단독 - 공작물충돌,안전운전불이행,비포장 - 건조,맑음,단일로 - 기타,승용,여,61세,경상,,,,
2019080200100629,2019년 8월 2일 21시,금요일,서울특별시 강서구 방화동,중상사고,0,1,1,0,차대차 - 기타,중앙선침범,포장 - 건조,맑음,교차로 - 교차로부근,승용,남,51세,상해없음,승합,남,70세,상해없음
2019080200100664,2019년 8월 2일 22시,금요일,서울특별시 강서구 등촌동,경상사고,0,0,2,0,차대차 - 추돌,안전운전불이행,포장 - 건조,맑음,교차로 - 교차로부근,승용,남,27세,상해없음,승용,남,53세,경상
2019080300100027,2019년 8월 3일 00시,토요일,서울특별시 강서구 내발산동,중상사고,0,1,0,0,차대차 - 측면충돌,교차로운행방법위반,포장 - 건조,맑음,교차로 - 교차로부근,승용,남,63세,상해없음,이륜,남,24세,중상
2019080300100093,2019년 8월 3일 07시,토요일,서울특별시 강서구 화곡동,경상사고,0,0,1,0,차대사람 - 기타,안전운전불이행,포장 - 건조,맑음,단일로 - 기타,승용,남,74세,상해없음,보행자,남,60세,경상
2019080300100151,2019년 8월 3일 10시,토요일,서울특별시 강서구 등촌동,경상사고,0,0,1,0,차대사람 - 차도통행중,안전운전불이행,포장 - 건조,맑음,교차로 - 교차로부근,승용,여,67세,상해없음,보행자,남,7세,경상
2019080300100356,2019년 8월 3일 16시,토요일,서울특별시 강서구 화곡동,경상사고,0,0,1,0,차대차 - 기타,차로위반,포장 - 젖음/습기,흐림,단일로 - 기타,이륜,남,19세,경상,화물,남,49세,상해없음
2019080300100417,2019년 8월 3일 18시,토요일,서울특별시 강서구 방화동,경상사고,0,0,1,0,차대차 - 정면충돌,중앙선침범,포장 - 건조,맑음,단일로 - 기타,승용,남,60세,상해없음,자전거,남,19세,경상
2019080300100499,2019년 8월 3일 21시,토요일,서울특별시 강서구 가양동,부상신고사고,0,0,0,1,차대차 - 기타,신호위반,포장 - 건조,맑음,교차로 - 교차로안,자전거,남,42세,부상신고,승합,여,50세,상해없음
2019080400100041,2019년 8월 4일 01시,일요일,서울특별시 강서구 공항동,중상사고,0,1,2,0,차대차 - 측면충돌,안전운전불이행,포장 - 건조,맑음,단일로 - 기타,승용,남,45세,상해없음,승용,남,50세,경상
2019080400100086,2019년 8월 4일 05시,일요일,서울특별시 강서구 화곡동,경상사고,0,0,2,0,차대차 - 측면충돌,신호위반,포장 - 건조,맑음,교차로 - 교차로안,승용,여,21세,상해없음,승용,남,59세,경상
2019080400100260,2019년 8월 4일 14시,일요일,서울특별시 강서구 방화동,경상사고,0,0,1,0,차대사람 - 기타,안전운전불이행,포장 - 건조,맑음,단일로 - 기타,승용,남,56세,상해없음,보행자,남,64세,경상
2019080400100290,2019년 8월 4일 15시,일요일,서울특별시 강서구 화곡동,경상사고,0,0,2,0,차대차 - 측면충돌,안전운전불이행,포장 - 건조,맑음,단일로 - 기타,승용,여,48세,상해없음,승용,남,43세,경상
2019080400100391,2019년 8월 4일 18시,일요일,서울특별시 강서구 화곡동,부상신고사고,0,0,0,1,차대차 - 측면충돌,안전운전불이행,포장 - 건조,맑음,단일로 - 기타,이륜,남,20세,부상신고,승용,남,23세,상해없음
2019080400100457,2019년 8월 4일 20시,일요일,서울특별시 강서구 화곡동,경상사고,0,0,1,0,차대사람 - 기타,안전운전불이행,포장 - 건조,맑음,단일로 - 기타,승용,남,41세,상해없음,보행자,여,27세,경상
2019080500100558,2019년 8월 5일 19시,월요일,서울특별시 강서구 염창동,경상사고,0,0,2,0,차대차 - 측면충돌,안전운전불이행,포장 - 건조,맑음,교차로 - 교차로안,승용,남,61세,상해없음,이륜,남,27세,경상
2019080500100588,2019년 8월 5일 20시,월요일,서울특별시 강서구 방화동,경상사고,0,0,1,0,차대차 - 측면충돌,안전거리미확보,포장 - 기타,맑음,교차로 - 교차로부근,화물,남,54세,상해없음,승용,남,37세,경상
2019080600100176,2019년 8월 6일 10시,화요일,서울특별시 강서구 가양동,경상사고,0,0,1,0,차대차 - 기타,안전거리미확보,포장 - 건조,맑음,단일로 - 기타,승용,남,77세,상해없음,승용,남,59세,상해없음
2019080600100443,2019년 8월 6일 17시,화요일,서울특별시 강서구 등촌동,경상사고,0,0,2,0,차대차 - 측면충돌,교차로운행방법위반,포장 - 건조,맑음,교차로 - 교차로안,승용,남,39세,경상,승용,여,48세,경상
2019080600100615,2019년 8월 6일 21시,화요일,서울특별시 강서구 개화동,중상사고,0,1,0,0,차량단독 - 기타,안전운전불이행,포장 - 건조,맑음,단일로 - 기타,승합,남,34세,상해없음,,,,
2019080700100103,2019년 8월 7일 07시,수요일,서울특별시 강서구 가양동,중상사고,0,1,0,0,차대차 - 기타,신호위반,포장 - 건조,맑음,교차로 - 교차로안,승합,남,63세,상해없음,승용,남,49세,중상
2019080700100209,2019년 8월 7일 11시,수요일,서울특별시 강서구 화곡동,경상사고,0,0,2,0,차대차 - 측면충돌,안전운전불이행,포장 - 건조,맑음,단일로 - 기타,승용,남,63세,상해없음,승용,여,34세,경상
2019080700100496,2019년 8월 7일 18시,수요일,서울특별시 강서구 가양동,경상사고,0,0,5,0,차대차 - 추돌,안전운전불이행,포장 - 건조,맑음,단일로 - 기타,승용,남,55세,상해없음,승용,남,51세,경상
2019080700100497,2019년 8월 7일 18시,수요일,서울특별시 강서구 화곡동,경상사고,0,0,1,0,차대차 - 측면충돌,안전운전불이행,포장 - 건조,맑음,단일로 - 기타,승용,남,61세,상해없음,이륜,남,31세,경상
2019080700100605,2019년 8월 7일 21시,수요일,서울특별시 강서구 가양동,경상사고,0,0,1,0,차대차 - 추돌,안전거리미확보,포장 - 건조,맑음,기타 - 기타,승용,여,65세,기타불명,승용,남,39세,경상
2019080700100655,2019년 8월 7일 23시,수요일,서울특별시 강서구 염창동,중상사고,0,1,0,0,차대사람 - 차도통행중,안전운전불이행,포장 - 건조,맑음,단일로 - 기타,승합,남,64세,상해없음,보행자,남,61세,중상
2019080800100018,2019년 8월 8일 00시,목요일,서울특별시 강서구 방화동,경상사고,0,0,1,0,차대차 - 기타,기타,포장 - 건조,맑음,교차로 - 교차로부근,승용,남,61세,상해없음,승용,남,31세,경상
2019080800100029,2019년 8월 8일 01시,목요일,서울특별시 강서구 화곡동,중상사고,0,1,0,0,차대차 - 기타,신호위반,포장 - 건조,맑음,교차로 - 교차로안,승용,남,67세,상해없음,승용,남,62세,중상
2019080800100080,2019년 8월 8일 07시,목요일,서울특별시 강서구 내발산동,경상사고,0,0,1,0,차대사람 - 보도통행중,기타,포장 - 건조,맑음,단일로 - 기타,승용,여,47세,상해없음,보행자,여,59세,경상
2019080800100137,2019년 8월 8일 09시,목요일,서울특별시 강서구 방화동,중상사고,0,1,0,0,차대사람 - 기타,안전운전불이행,포장 - 건조,맑음,기타 - 기타,승용,여,62세,상해없음,보행자,남,68세,중상
2019080800100138,2019년 8월 8일 09시,목요일,서울특별시 강서구 화곡동,중상사고,0,1,0,0,차대사람 - 차도통행중,안전운전불이행,포장 - 기타,맑음,교차로 - 교차로안,승용,남,62세,상해없음,보행자,남,70세,중상
2019080800100183,2019년 8월 8일 10시,목요일,서울특별시 강서구 오쇠동,중상사고,0,1,0,0,차대차 - 측면충돌,중앙선침범,포장 - 건조,맑음,단일로 - 기타,이륜,남,18세,중상,화물,남,43세,상해없음
2019080800100299,2019년 8월 8일 13시,목요일,서울특별시 강서구 화곡동,경상사고,0,0,1,0,차대사람 - 길가장자리구역통행중,안전운전불이행,포장 - 건조,맑음,단일로 - 기타,승용,남,77세,상해없음,보행자,남,10세,경상
2019080800100390,2019년 8월 8일 16시,목요일,서울특별시 강서구 염창동,중상사고,0,1,0,0,차대사람 - 길가장자리구역통행중,안전운전불이행,포장 - 건조,맑음,단일로 - 기타,승용,남,63세,상해없음,보행자,여,63세,중상
2019080800100432,2019년 8월 8일 17시,목요일,서울특별시 강서구 화곡동,경상사고,0,0,1,0,차대차 - 측면충돌,안전운전불이행,포장 - 건조,맑음,교차로 - 교차로안,이륜,남,32세,기타불명,승용,남,44세,경상
2019080800100586,2019년 8월 8일 21시,목요일,서울특별시 강서구 화곡동,경상사고,0,0,1,0,차대사람 - 횡단중,보행자보호의무위반,포장 - 건조,맑음,교차로 - 교차로안,자전거,남,73세,상해없음,보행자,남,27세,경상
2019080900100402,2019년 8월 9일 15시,금요일,서울특별시 강서구 화곡동,경상사고,0,0,2,0,차대차 - 측면충돌,기타,포장 - 건조,맑음,교차로 - 교차로안,승용,여,57세,경상,승용,남,45세,경상
2019080900100432,2019년 8월 9일 16시,금요일,서울특별시 강서구 화곡동,경상사고,0,0,1,0,차대사람 - 기타,안전운전불이행,포장 - 건조,맑음,기타 - 기타,승용,여,70세,상해없음,보행자,남,6세,경상
2019080900100480,2019년 8월 9일 17시,금요일,서울특별시 강서구 화곡동,경상사고,0,0,1,0,차대차 - 측면충돌,안전운전불이행,포장 - 건조,맑음,교차로 - 교차로안,승용,남,28세,상해없음,이륜,여,28세,경상
2019080900100539,2019년 8월 9일 18시,금요일,서울특별시 강서구 등촌동,경상사고,0,0,2,0,차대사람 - 횡단중,보행자보호의무위반,포장 - 건조,맑음,교차로 - 교차로안,승합,여,51세,상해없음,보행자,여,29세,경상
2019080900100540,2019년 8월 9일 18시,금요일,서울특별시 강서구 화곡동,경상사고,0,0,1,0,차대차 - 기타,안전운전불이행,포장 - 건조,맑음,단일로 - 기타,승용,남,53세,상해없음,이륜,남,30세,경상
2019080900100594,2019년 8월 9일 19시,금요일,서울특별시 강서구 공항동,경상사고,0,0,1,0,차대사람 - 기타,안전운전불이행,포장 - 건조,맑음,단일로 - 기타,승합,남,56세,상해없음,보행자,여,72세,경상
2019080900100595,2019년 8월 9일 19시,금요일,서울특별시 강서구 방화동,경상사고,0,0,1,0,차량단독 - 공작물충돌,안전운전불이행,포장 - 건조,맑음,단일로 - 기타,승합,남,25세,상해없음,,,,
2019080900100673,2019년 8월 9일 21시,금요일,서울특별시 강서구 가양동,중상사고,0,1,0,0,차대차 - 측면충돌,중앙선침범,포장 - 건조,맑음,단일로 - 기타,승용,남,63세,상해없음,원동기,남,17세,중상
2019081000100121,2019년 8월 10일 06시,토요일,서울특별시 강서구 화곡동,중상사고,0,1,3,0,차량단독 - 기타,안전운전불이행,포장 - 건조,맑음,단일로 - 기타,승용,남,14세,상해없음,,,,
2019081000100148,2019년 8월 10일 08시,토요일,서울특별시 강서구 화곡동,경상사고,0,0,1,0,차대차 - 측면충돌,신호위반,포장 - 건조,맑음,교차로 - 교차로안,자전거,남,84세,경상,승용,여,42세,상해없음