사고번호,사고일시,요일,시군구,사고내용,사망자수,중상자수,경상자수,부상신고자수,사고유형,법규위반,노면상태,기상상태,도로형태,가해운전자 차종,가해운전자 성별,가해운전자 연령,가해운전자 상해정도,피해운전자 차종,피해운전자 성별,피해운전자 연령,피해운전자 상해정도
2019081000100265,2019년 8월 10일 11시,토요일,서울특별시 강서구 마곡동,경상사고,0,0,1,0,차대차 - 측면충돌,안전운전불이행,포장 - 건조,맑음,교차로 - 교차로안,승용,남,65세,기타불명,이륜,남,35세,경상
2019081000100681,2019년 8월 10일 23시,토요일,서울특별시 강서구 염창동,경상사고,0,0,1,0,차대차 - 기타,안전거리미확보,포장 - 건조,맑음,단일로 - 기타,승용,남,62세,상해없음,승용,남,62세,상해없음
2019081100100086,2019년 8월 11일 07시,일요일,서울특별시 강서구 마곡동,경상사고,0,0,2,0,차대차 - 추돌,안전운전불이행,포장 - 건조,맑음,기타 - 기타,승용,남,20세,상해없음,승용,여,35세,경상
2019081100100129,2019년 8월 11일 10시,일요일,서울특별시 강서구 마곡동,중상사고,0,1,0,0,차대차 - 측면충돌,안전운전불이행,포장 - 건조,맑음,교차로 - 교차로안,자전거,여,74세,중상,승용,남,57세,상해없음
2019081100100210,2019년 8월 11일 13시,일요일,서울특별시 강서구 화곡동,경상사고,0,0,1,0,차대차 - 측면충돌,안전운전불이행,포장 - 건조,맑음,단일로 - 기타,이륜,남,38세,경상,승용,여,30세,상해없음
2019081100100211,2019년 8월 11일 13시,일요일,서울특별시 강서구 마곡동,중상사고,0,1,0,0,차량단독 - 기타,안전운전불이행,포장 - 건조,맑음,교차로 - 교차로부근,승합,남,42세,상해없음,,,,
2019081100100271,2019년 8월 11일 15시,일요일,서울특별시 강서구 내발산동,중상사고,0,1,0,0,차대차 - 기타,안전운전불이행,포장 - 건조,맑음,단일로 - 기타,승용,남,50세,상해없음,자전거,여,14세,중상
2019081100100272,2019년 8월 11일 15시,일요일,서울특별시 강서구 등촌동,경상사고,0,0,1,0,차대차 - 측면충돌,신호위반,포장 - 건조,맑음,교차로 - 교차로부근,승용,남,37세,상해없음,승용,남,47세,경상
2019081100100386,2019년 8월 11일 19시,일요일,서울특별시 강서구 등촌동,부상신고사고,0,0,0,1,차량단독 - 기타,기타,포장 - 건조,맑음,기타 - 기타,승합,남,69세,상해없음,,,,
2019081100100454,2019년 8월 11일 21시,일요일,서울특별시 강서구 마곡동,경상사고,0,0,2,0,차대차 - 기타,안전운전불이행,포장 - 건조,맑음,교차로 - 교차로부근,승용,남,67세,상해없음,승용,남,50세,경상
2019081200100071,2019년 8월 12일 05시,월요일,서울특별시 강서구 화곡동,경상사고,0,0,1,0,차대사람 - 횡단중,안전운전불이행,포장 - 젖음/습기,비,단일로 - 기타,승용,남,71세,상해없음,보행자,여,67세,경상
2019081200100209,2019년 8월 12일 10시,월요일,서울특별시 강서구 등촌동,경상사고,0,0,1,0,차대차 - 후진중충돌,안전운전불이행,포장 - 젖음/습기,비,주차장 - 주차장,승용,남,59세,상해없음,승용,여,32세,경상
2019081200100381,2019년 8월 12일 14시,월요일,서울특별시 강서구 등촌동,경상사고,0,0,1,0,차대차 - 추돌,안전운전불이행,포장 - 기타,맑음,교차로 - 교차로부근,화물,남,52세,상해없음,승용,여,61세,경상
2019081200100518,2019년 8월 12일 17시,월요일,서울특별시 강서구 화곡동,중상사고,0,2,5,0,차대차 - 측면충돌,신호위반,포장 - 건조,맑음,단일로 - 기타,승합,남,48세,상해없음,이륜,여,55세,경상
2019081200100601,2019년 8월 12일 19시,월요일,서울특별시 강서구 화곡동,중상사고,0,1,0,0,차대차 - 측면충돌,신호위반,포장 - 젖음/습기,비,교차로 - 교차로안,승용,여,52세,상해없음,승용,남,41세,중상
2019081300100222,2019년 8월 13일 11시,화요일,서울특별시 강서구 화곡동,경상사고,0,0,1,0,차대차 - 추돌,안전운전불이행,포장 - 건조,맑음,단일로 - 기타,승용,남,54세,상해없음,승용,남,40세,경상
2019081400100137,2019년 8월 14일 08시,수요일,서울특별시 강서구 화곡동,경상사고,0,0,1,0,차대사람 - 횡단중,보행자보호의무위반,포장 - 기타,맑음,교차로 - 교차로횡단보도내,화물,남,22세,상해없음,보행자,남,30세,경상
2019081400100187,2019년 8월 14일 09시,수요일,서울특별시 강서구 화곡동,경상사고,0,0,1,0,차대차 - 추돌,안전운전불이행,포장 - 건조,맑음,교차로 - 교차로부근,승용,남,39세,상해없음,승용,남,59세,경상
2019081400100386,2019년 8월 14일 14시,수요일,서울특별시 강서구 화곡동,경상사고,0,0,1,0,차대차 - 후진중충돌,안전운전불이행,포장 - 건조,맑음,교차로 - 교차로부근,승용,남,62세,상해없음,승용,남,54세,경상
2019081400100633,2019년 8월 14일 19시,수요일,서울특별시 강서구 화곡동,중상사고,0,1,0,0,차대사람 - 차도통행중,안전운전불이행,포장 - 건조,맑음,교차로 - 교차로부근,화물,남,37세,상해없음,보행자,여,23세,중상
2019081400100634,2019년 8월 14일 19시,수요일,서울특별시 강서구 개화동,경상사고,0,0,1,0,차량단독 - 기타,안전운전불이행,포장 - 건조,맑음,단일로 - 기타,승합,남,50세,상해없음,,,,
2019081400100785,2019년 8월 14일 23시,수요일,서울특별시 강서구 등촌동,경상사고,0,0,1,0,차대사람 - 기타,안전운전불이행,포장 - 건조,맑음,단일로 - 기타,기타불명,기타불명,미분류,기타불명,보행자,남,52세,경상
2019081500100518,2019년 8월 15일 23시,목요일,서울특별시 강서구 가양동,경상사고,0,0,1,0,차대차 - 기타,중앙선침범,포장 - 건조,맑음,교차로 - 교차로횡단보도내,자전거,남,13세,경상,승용,남,38세,상해없음
2019081600100028,2019년 8월 16일 01시,금요일,서울특별시 강서구 방화동,중상사고,0,1,1,0,차대차 - 추돌,안전운전불이행,포장 - 건조,맑음,교차로 - 교차로부근,승용,남,74세,상해없음,승용,남,42세,경상
2019081600100035,2019년 8월 16일 02시,금요일,서울특별시 강서구 화곡동,경상사고,0,0,1,0,차대차 - 기타,안전운전불이행,포장 - 건조,맑음,단일로 - 기타,기타불명,기타불명,미분류,기타불명,자전거,남,25세,경상
2019081600100142,2019년 8월 16일 09시,금요일,서울특별시 강서구 등촌동,부상신고사고,0,0,0,1,차대차 - 측면충돌,신호위반,포장 - 기타,맑음,교차로 - 교차로횡단보도내,자전거,남,11세,부상신고,승용,남,56세,상해없음
2019081600100191,2019년 8월 16일 10시,금요일,서울특별시 강서구 화곡동,경상사고,0,0,1,0,차대차 - 기타,안전운전불이행,포장 - 젖음/습기,비,교차로 - 교차로부근,화물,남,60세,상해없음,승용,남,68세,경상
2019081600100265,2019년 8월 16일 12시,금요일,서울특별시 강서구 방화동,경상사고,0,0,1,0,차대차 - 측면충돌,안전운전불이행,포장 - 건조,기타,단일로 - 기타,승합,남,66세,상해없음,승합,남,49세,경상
2019081600100347,2019년 8월 16일 14시,금요일,서울특별시 강서구 화곡동,중상사고,0,1,0,0,차대사람 - 보도통행중,보행자보호의무위반,포장 - 기타,맑음,교차로 - 교차로안,승용,여,30세,상해없음,보행자,여,33세,중상
2019081600100456,2019년 8월 16일 17시,금요일,서울특별시 강서구 염창동,경상사고,0,0,1,0,차대차 - 측면충돌,차로위반,포장 - 건조,맑음,단일로 - 기타,승합,남,56세,상해없음,승용,남,58세,상해없음
2019081600100564,2019년 8월 16일 19시,금요일,서울특별시 강서구 개화동,경상사고,0,0,1,0,차량단독 - 기타,안전운전불이행,포장 - 건조,맑음,교차로 - 교차로부근,승합,남,58세,상해없음,,,,
2019081600100603,2019년 8월 16일 20시,금요일,서울특별시 강서구 외발산동,경상사고,0,0,1,0,차대차 - 측면충돌,중앙선침범,포장 - 건조,맑음,교차로 - 교차로부근,승용,남,56세,상해없음,승용,남,55세,경상
2019081700100558,2019년 8월 17일 20시,토요일,서울특별시 강서구 등촌동,경상사고,0,0,1,0,차대차 - 추돌,안전거리미확보,포장 - 건조,맑음,단일로 - 기타,승용,여,44세,상해없음,승용,여,27세,경상
2019081700100559,2019년 8월 17일 20시,토요일,서울특별시 강서구 내발산동,경상사고,0,0,1,0,차대차 - 측면충돌,안전운전불이행,포장 - 건조,흐림,단일로 - 기타,승용,남,54세,상해없음,이륜,남,21세,경상
2019081700100621,2019년 8월 17일 22시,토요일,서울특별시 강서구 화곡동,경상사고,0,0,1,0,차대차 - 후진중충돌,안전운전불이행,포장 - 기타,맑음,기타 - 기타,승용,남,63세,경상,승용,남,52세,상해없음
2019081800100023,2019년 8월 18일 00시,일요일,서울특별시 강서구 등촌동,부상신고사고,0,0,0,1,차대사람 - 기타,안전운전불이행,포장 - 건조,흐림,단일로 - 기타,이륜,남,35세,부상신고,보행자,남,67세,상해없음
2019081800100075,2019년 8월 18일 04시,일요일,서울특별시 강서구 등촌동,중상사고,0,1,0,0,차대사람 - 기타,안전운전불이행,포장 - 건조,맑음,단일로 - 기타,화물,남,51세,상해없음,보행자,남,27세,중상
2019081800100085,2019년 8월 18일 05시,일요일,서울특별시 강서구 화곡동,경상사고,0,0,1,0,차대차 - 정면충돌,신호위반,포장 - 기타,흐림,교차로 - 교차로안,승용,남,20세,상해없음,이륜,남,57세,경상
2019081800100086,2019년 8월 18일 05시,일요일,서울특별시 강서구 마곡동,경상사고,0,0,1,0,차대차 - 추돌,안전운전불이행,포장 - 건조,맑음,교차로 - 교차로부근,승용,남,52세,상해없음,승용,남,36세,경상
2019081800100172,2019년 8월 18일 12시,일요일,서울특별시 강서구 가양동,경상사고,0,0,1,0,차대차 - 측면충돌,안전거리미확보,포장 - 건조,맑음,단일로 - 기타,승용,남,60세,상해없음,승용,남,29세,경상
2019081800100194,2019년 8월 18일 13시,일요일,서울특별시 강서구 화곡동,중상사고,0,1,0,0,차대차 - 측면충돌,안전운전불이행,포장 - 건조,맑음,단일로 - 기타,승용,남,45세,상해없음,이륜,남,40세,중상
2019081800100255,2019년 8월 18일 15시,일요일,서울특별시 강서구 화곡동,부상신고사고,0,0,0,1,차대차 - 기타,안전운전불이행,포장 - 건조,맑음,교차로 - 교차로부근,승용,남,54세,부상신고,승용,남,48세,상해없음
2019081800100424,2019년 8월 18일 21시,일요일,서울특별시 강서구 염창동,경상사고,0,0,3,0,차대차 - 측면충돌,안전운전불이행,포장 - 건조,맑음,단일로 - 기타,이륜,남,21세,경상,승용,남,31세,경상
2019081900100043,2019년 8월 19일 02시,월요일,서울특별시 강서구 화곡동,부상신고사고,0,0,0,1,차대차 - 기타,신호위반,포장 - 건조,맑음,교차로 - 교차로안,이륜,남,18세,상해없음,승용,남,22세,부상신고
2019081900100259,2019년 8월 19일 12시,월요일,서울특별시 강서구 화곡동,경상사고,0,0,3,0,차대차 - 추돌,안전운전불이행,포장 - 건조,맑음,교차로 - 교차로부근,승합,남,42세,상해없음,승용,남,43세,경상
2019081900100280,2019년 8월 19일 13시,월요일,서울특별시 강서구 개화동,경상사고,0,0,1,0,차량단독 - 기타,안전운전불이행,포장 - 건조,맑음,단일로 - 기타,승합,남,46세,기타불명,,,,
2019081900100416,2019년 8월 19일 17시,월요일,서울특별시 강서구 방화동,경상사고,0,0,1,0,차대차 - 기타,안전운전불이행,포장 - 건조,맑음,교차로 - 교차로안,승합,남,60세,상해없음,승합,남,38세,경상
2019082000100022,2019년 8월 20일 00시,화요일,서울특별시 강서구 염창동,경상사고,0,0,1,0,차대차 - 측면충돌,안전거리미확보,포장 - 건조,맑음,단일로 - 기타,승용,남,58세,상해없음,승용,남,63세,경상
2019082000100075,2019년 8월 20일 06시,화요일,서울특별시 강서구 가양동,경상사고,0,0,1,0,차대차 - 측면충돌,안전운전불이행,포장 - 기타,맑음,기타 - 기타,승용,남,28세,상해없음,승용,남,43세,경상
2019082000100153,2019년 8월 20일 09시,화요일,서울특별시 강서구 가양동,중상사고,0,1,0,0,차대차 - 후진중충돌,안전운전불이행,포장 - 건조,맑음,단일로 - 기타,화물,남,72세,상해없음,자전거,남,67세,중상
2019082000100154,2019년 8월 20일 09시,화요일,서울특별시 강서구 마곡동,중상사고,0,1,0,0,차대사람 - 횡단중,안전운전불이행,포장 - 건조,맑음,단일로 - 기타,승용,남,66세,상해없음,보행자,남,64세,중상
2019082000100356,2019년 8월 20일 15시,화요일,서울특별시 강서구 화곡동,경상사고,0,0,1,0,차대차 - 기타,안전거리미확보,포장 - 건조,맑음,단일로 - 기타,기타불명,기타불명,미분류,기타불명,이륜,남,40세,경상
2019082000100357,2019년 8월 20일 15시,화요일,서울특별시 강서구 가양동,경상사고,0,0,1,0,차대차 - 추돌,안전운전불이행,포장 - 건조,맑음,단일로 - 기타,승용,여,62세,상해없음,승용,남,64세,경상
2019082000100437,2019년 8월 20일 17시,화요일,서울특별시 강서구 화곡동,경상사고,0,0,1,0,차대차 - 측면충돌,안전운전불이행,포장 - 건조,맑음,교차로 - 교차로안,승용,남,28세,상해없음,이륜,남,26세,경상
2019082000100527,2019년 8월 20일 19시,화요일,서울특별시 강서구 염창동,경상사고,0,0,1,0,차대차 - 추돌,안전운전불이행,포장 - 건조,맑음,단일로 - 기타,승용,남,53세,상해없음,승용,여,49세,경상
2019082100100098,2019년 8월 21일 07시,수요일,서울특별시 강서구 마곡동,경상사고,0,0,1,0,차대차 - 기타,안전거리미확보,포장 - 건조,맑음,단일로 - 기타,승합,남,46세,상해없음,승합,남,49세,상해없음
2019082100100544,2019년 8월 21일 19시,수요일,서울특별시 강서구 등촌동,중상사고,0,1,0,0,차대차 - 측면충돌,안전운전불이행,포장 - 건조,맑음,교차로 - 교차로안,승용,남,53세,상해없음,승용,남,30세,중상
2019082200100061,2019년 8월 22일 02시,목요일,서울특별시 강서구 화곡동,경상사고,0,0,2,0,차대차 - 측면충돌,안전거리미확보,포장 - 건조,맑음,교차로 - 교차로안,승용,남,56세,상해없음,승합,남,38세,경상
2019082200100135,2019년 8월 22일 08시,목요일,서울특별시 강서구 화곡동,경상사고,0,0,1,0,차대사람 - 기타,안전운전불이행,포장 - 건조,맑음,교차로 - 교차로부근,기타불명,기타불명,미분류,기타불명,보행자,여,39세,경상
2019082200100182,2019년 8월 22일 09시,목요일,서울특별시 강서구 등촌동,경상사고,0,0,1,0,차대차 - 추돌,안전운전불이행,포장 - 건조,맑음,단일로 - 기타,승용,남,65세,상해없음,승용,남,39세,경상
2019082200100247,2019년 8월 22일 11시,목요일,서울특별시 강서구 등촌동,경상사고,0,0,1,0,차량단독 - 기타,안전운전불이행,포장 - 건조,맑음,기타 - 기타,승합,남,29세,상해없음,,,,
2019082200100383,2019년 8월 22일 15시,목요일,서울특별시 강서구 마곡동,중상사고,0,1,0,0,차대차 - 기타,안전운전불이행,포장 - 건조,맑음,교차로 - 교차로안,승용,남,70세,상해없음,승용,여,32세,중상
2019082200100414,2019년 8월 22일 16시,목요일,서울특별시 강서구 등촌동,경상사고,0,0,1,0,차대차 - 정면충돌,안전운전불이행,포장 - 건조,맑음,단일로 - 기타,승용,남,49세,상해없음,승용,남,63세,경상
2019082200100498,2019년 8월 22일 18시,목요일,서울특별시 강서구 화곡동,경상사고,0,0,1,0,차대사람 - 길가장자리구역통행중,기타,포장 - 건조,맑음,단일로 - 기타,승용,남,65세,상해없음,보행자,여,11세,경상
2019082200100557,2019년 8월 22일 19시,목요일,서울특별시 강서구 가양동,경상사고,0,0,2,0,차대차 - 측면충돌,안전운전불이행,포장 - 건조,맑음,단일로 - 기타,이륜,남,40세,경상,승용,남,52세,상해없음
2019082200100558,2019년 8월 22일 19시,목요일,서울특별시 강서구 가양동,경상사고,0,0,1,0,차대사람 - 기타,안전운전불이행,포장 - 건조,맑음,단일로 - 기타,승용,남,49세,상해없음,보행자,여,21세,경상
2019082300100138,2019년 8월 23일 08시,금요일,서울특별시 강서구 방화동,경상사고,0,0,2,0,차대차 - 측면충돌,직진우회전진행방해,포장 - 건조,맑음,교차로 - 교차로안,화물,남,56세,상해없음,승용,남,33세,경상
2019082300100341,2019년 8월 23일 14시,금요일,서울특별시 강서구 공항동,경상사고,0,0,1,0,차대사람 - 횡단중,보행자보호의무위반,포장 - 건조,맑음,교차로 - 교차로횡단보도내,화물,남,52세,상해없음,보행자,남,52세,경상
2019082300100569,2019년 8월 23일 19시,금요일,서울특별시 강서구 화곡동,경상사고,0,0,1,0,차대차 - 기타,안전운전불이행,포장 - 건조,맑음,단일로 - 기타,원동기,남,27세,경상,승용,남,41세,상해없음
2019082300100570,2019년 8월 23일 19시,금요일,서울특별시 강서구 마곡동,중상사고,0,1,0,0,차대차 - 측면충돌,안전거리미확보,포장 - 건조,맑음,단일로 - 기타,승용,남,58세,상해없음,이륜,남,17세,중상
2019082300100704,2019년 8월 23일 23시,금요일,서울특별시 강서구 공항동,경상사고,0,0,2,0,차대차 - 측면충돌,안전거리미확보,포장 - 건조,맑음,단일로 - 기타,승용,남,55세,상해없음,승용,여,30세,경상
2019082400100050,2019년 8월 24일 01시,토요일,서울특별시 강서구 화곡동,중상사고,0,1,0,0,차대사람 - 기타,안전운전불이행,포장 - 기타,맑음,단일로 - 기타,승용,남,39세,상해없음,보행자,여,61세,중상
2019082400100303,2019년 8월 24일 13시,토요일,서울특별시 강서구 염창동,중상사고,0,1,0,0,차대차 - 추돌,안전운전불이행,포장 - 건조,맑음,단일로 - 기타,승용,남,60세,상해없음,승용,여,49세,중상
2019082400100305,2019년 8월 24일 13시,토요일,서울특별시 강서구 등촌동,경상사고,0,0,1,0,차대사람 - 보도통행중,신호위반,포장 - 건조,맑음,단일로 - 기타,원동기,남,40세,상해없음,보행자,여,46세,경상
2019082400100306,2019년 8월 24일 13시,토요일,서울특별시 강서구 화곡동,경상사고,0,0,1,0,차대차 - 측면충돌,신호위반,포장 - 건조,맑음,교차로 - 교차로안,승용,남,61세,상해없음,원동기,남,28세,경상
2019082400100436,2019년 8월 24일 17시,토요일,서울특별시 강서구 내발산동,중상사고,0,1,0,0,차대차 - 측면충돌,안전운전불이행,포장 - 건조,맑음,교차로 - 교차로안,승용,남,32세,상해없음,이륜,남,34세,중상
2019082400100615,2019년 8월 24일 22시,토요일,서울특별시 강서구 가양동,경상사고,0,0,2,0,차대차 - 추돌,안전운전불이행,포장 - 건조,흐림,단일로 - 지하차도(도로)내,화물,남,43세,기타불명,승용,남,39세,경상
2019082400100644,2019년 8월 24일 23시,토요일,서울특별시 강서구 화곡동,중상사고,0,1,0,0,차대차 - 측면충돌,중앙선침범,포장 - 건조,맑음,단일로 - 기타,이륜,남,56세,상해없음,이륜,남,33세,중상
2019082500100322,2019년 8월 25일 16시,일요일,서울특별시 강서구 화곡동,경상사고,0,0,4,0,차대차 - 측면충돌,안전운전불이행,포장 - 건조,맑음,교차로 - 교차로안,승용,남,38세,상해없음,승용,남,35세,경상
2019082500100323,2019년 8월 25일 16시,일요일,서울특별시 강서구 내발산동,경상사고,0,0,1,0,차대차 - 추돌,안전운전불이행,포장 - 건조,맑음,단일로 - 기타,승용,남,37세,상해없음,이륜,남,32세,경상
2019082500100380,2019년 8월 25일 18시,일요일,서울특별시 강서구 등촌동,경상사고,0,0,1,0,차대차 - 기타,안전운전불이행,포장 - 건조,맑음,교차로 - 교차로부근,승용,남,72세,상해없음,자전거,남,69세,경상
2019082500100418,2019년 8월 25일 19시,일요일,서울특별시 강서구 마곡동,경상사고,0,0,2,0,차대차 - 측면충돌,안전거리미확보,포장 - 건조,맑음,단일로 - 기타,이륜,남,29세,경상,승용,남,34세,경상
2019082500100456,2019년 8월 25일 20시,일요일,서울특별시 강서구 화곡동,경상사고,0,0,1,0,차대차 - 측면충돌,안전운전불이행,포장 - 기타,흐림,교차로 - 교차로안,승합,남,48세,상해없음,자전거,남,70세,경상
2019082500100511,2019년 8월 25일 22시,일요일,서울특별시 강서구 공항동,중상사고,0,1,0,0,차대사람 - 기타,기타,포장 - 건조,맑음,단일로 - 기타,승합,남,59세,상해없음,보행자,남,63세,중상
2019082600100369,2019년 8월 26일 14시,월요일,서울특별시 강서구 공항동,중상사고,0,1,0,0,차대차 - 측면충돌,안전운전불이행,포장 - 건조,맑음,단일로 - 기타,승용,남,53세,상해없음,승용,여,19세,상해없음
2019082600100549,2019년 8월 26일 18시,월요일,서울특별시 강서구 화곡동,경상사고,0,0,1,0,차대차 - 측면충돌,기타,포장 - 건조,맑음,단일로 - 기타,승용,남,51세,상해없음,자전거,여,58세,경상
2019082600100676,2019년 8월 26일 22시,월요일,서울특별시 강서구 마곡동,경상사고,0,0,1,0,차대차 - 추돌,안전거리미확보,포장 - 젖음/습기,비,단일로 - 기타,승용,남,36세,경상,화물,남,52세,상해없음
2019082700100044,2019년 8월 27일 01시,화요일,서울특별시 강서구 화곡동,경상사고,0,0,1,0,차대차 - 측면충돌,안전거리미확보,포장 - 젖음/습기,비,단일로 - 기타,승용,남,51세,상해없음,승용,남,63세,경상
2019082700100082,2019년 8월 27일 05시,화요일,서울특별시 강서구 내발산동,경상사고,0,0,1,0,차대차 - 추돌,안전운전불이행,포장 - 젖음/습기,흐림,단일로 - 기타,승용,남,67세,상해없음,화물,남,62세,기타불명
2019082700100282,2019년 8월 27일 12시,화요일,서울특별시 강서구 등촌동,경상사고,0,0,1,0,차대사람 - 기타,안전운전불이행,포장 - 건조,맑음,기타 - 기타,자전거,남,78세,상해없음,보행자,여,80세,경상
2019082700100305,2019년 8월 27일 13시,화요일,서울특별시 강서구 염창동,중상사고,0,1,0,0,차대사람 - 차도통행중,안전운전불이행,포장 - 건조,맑음,교차로 - 교차로안,승용,남,71세,상해없음,보행자,여,54세,중상
2019082700100421,2019년 8월 27일 16시,화요일,서울특별시 강서구 내발산동,중상사고,0,1,0,0,차대사람 - 차도통행중,안전운전불이행,포장 - 건조,맑음,단일로 - 기타,승용,여,28세,상해없음,보행자,여,62세,중상
2019082700100453,2019년 8월 27일 17시,화요일,서울특별시 강서구 내발산동,경상사고,0,0,1,0,차량단독 - 기타,안전운전불이행,포장 - 건조,맑음,단일로 - 기타,원동기,남,17세,상해없음,,,,
2019082700100494,2019년 8월 27일 18시,화요일,서울특별시 강서구 염창동,중상사고,0,1,1,0,차대차 - 추돌,안전운전불이행,포장 - 건조,맑음,교차로 - 교차로부근,승용,여,53세,상해없음,승합,남,53세,중상
2019082700100534,2019년 8월 27일 19시,화요일,서울특별시 강서구 화곡동,경상사고,0,0,1,0,차대사람 - 길가장자리구역통행중,안전운전불이행,포장 - 건조,맑음,단일로 - 기타,승용,남,69세,기타불명,보행자,여,51세,경상
2019082700100535,2019년 8월 27일 19시,화요일,서울특별시 강서구 화곡동,부상신고사고,0,0,0,1,차대차 - 기타,안전운전불이행,포장 - 건조,맑음,기타 - 기타,자전거,여,59세,부상신고,자전거,남,13세,상해없음
2019082700100536,2019년 8월 27일 19시,화요일,서울특별시 강서구 과해동,경상사고,0,0,1,0,차대차 - 기타,안전운전불이행,포장 - 건조,맑음,단일로 - 기타,기타불명,기타불명,미분류,기타불명,승용,남,40세,경상
2019082700100582,2019년 8월 27일 20시,화요일,서울특별시 강서구 등촌동,경상사고,0,0,1,0,차대사람 - 기타,신호위반,포장 - 건조,맑음,단일로 - 기타,이륜,남,24세,상해없음,보행자,남,55세,경상
2019082700100583,2019년 8월 27일 20시,화요일,서울특별시 강서구 화곡동,경상사고,0,0,1,0,차대차 - 추돌,안전운전불이행,포장 - 건조,흐림,교차로 - 교차로부근,승용,남,22세,상해없음,승용,남,29세,경상
2019082700100584,2019년 8월 27일 20시,화요일,서울특별시 강서구 염창동,경상사고,0,0,2,0,차대차 - 측면충돌,안전운전불이행,포장 - 건조,맑음,단일로 - 기타,승용,남,28세,경상,승용,여,30세,경상
2019082800100166,2019년 8월 28일 09시,수요일,서울특별시 강서구 화곡동,경상사고,0,0,1,0,차대차 - 측면충돌,안전거리미확보,포장 - 건조,맑음,교차로 - 교차로안,승용,남,63세,기타불명,승용,여,35세,경상
2019082800100167,2019년 8월 28일 09시,수요일,서울특별시 강서구 방화동,경상사고,0,0,1,0,차대차 - 기타,안전운전불이행,포장 - 건조,맑음,단일로 - 기타,승용,여,46세,상해없음,승합,남,34세,경상
2019082800100232,2019년 8월 28일 11시,수요일,서울특별시 강서구 방화동,경상사고,0,0,2,0,차대차 - 추돌,안전운전불이행,포장 - 건조,맑음,기타 - 기타,승합,남,51세,기타불명,승용,남,59세,경상
2019082800100357,2019년 8월 28일 15시,수요일,서울특별시 강서구 마곡동,중상사고,0,1,1,1,차대차 - 측면충돌,안전운전불이행,포장 - 건조,맑음,교차로 - 교차로부근,이륜,남,22세,부상신고,승합,남,31세,경상
2019082800100391,2019년 8월 28일 16시,수요일,서울특별시 강서구 화곡동,경상사고,0,0,3,0,차대사람 - 기타,안전운전불이행,포장 - 기타,맑음,기타 - 기타,자전거,여,33세,상해없음,보행자,여,33세,경상
2019082800100467,2019년 8월 28일 18시,수요일,서울특별시 강서구 방화동,경상사고,0,0,1,0,차대차 - 기타,안전운전불이행,포장 - 건조,맑음,단일로 - 기타,자전거,남,42세,경상,화물,남,58세,기타불명
2019082800100611,2019년 8월 28일 22시,수요일,서울특별시 강서구 염창동,중상사고,0,1,0,0,차대차 - 정면충돌,안전운전불이행,포장 - 건조,맑음,단일로 - 기타,화물,남,47세,상해없음,승용,남,45세,중상
2019082800100635,2019년 8월 28일 23시,수요일,서울특별시 강서구 등촌동,중상사고,0,1,0,0,차대차 - 측면충돌,기타,포장 - 건조,맑음,교차로 - 교차로안,승용,남,21세,상해없음,이륜,남,29세,중상
2019082900100029,2019년 8월 29일 00시,목요일,서울특별시 강서구 화곡동,경상사고,0,0,1,0,차대차 - 기타,안전거리미확보,포장 - 건조,맑음,단일로 - 기타,승용,남,31세,상해없음,이륜,남,29세,경상
2019082900100040,2019년 8월 29일 01시,목요일,서울특별시 강서구 화곡동,경상사고,0,0,1,0,차대차 - 측면충돌,신호위반,포장 - 건조,맑음,교차로 - 교차로안,승용,남,34세,상해없음,승용,남,67세,경상
2019082900100049,2019년 8월 29일 02시,목요일,서울특별시 강서구 방화동,경상사고,0,0,1,0,차대차 - 추돌,안전운전불이행,포장 - 기타,기타,교차로 - 교차로부근,승용,남,45세,상해없음,승합,남,53세,경상
2019082900100081,2019년 8월 29일 07시,목요일,서울특별시 강서구 등촌동,사망사고,1,0,0,0,차대사람 - 차도통행중,안전운전불이행,포장 - 건조,맑음,단일로 - 기타,승용,남,50세,상해없음,보행자,여,69세,사망
2019082900100097,2019년 8월 29일 08시,목요일,서울특별시 강서구 내발산동,경상사고,0,0,1,0,차대차 - 기타,안전운전불이행,포장 - 건조,맑음,교차로 - 교차로안,승합,남,59세,기타불명,승용,남,50세,경상
2019082900100172,2019년 8월 29일 10시,목요일,서울특별시 강서구 마곡동,경상사고,0,0,1,0,차대차 - 측면충돌,안전운전불이행,포장 - 건조,맑음,단일로 - 기타,승용,남,34세,상해없음,승용,남,39세,경상
2019082900100290,2019년 8월 29일 14시,목요일,서울특별시 강서구 염창동,경상사고,0,0,2,1,차대차 - 추돌,안전운전불이행,포장 - 건조,맑음,단일로 - 기타,승용,남,27세,경상,승용,남,43세,경상
2019082900100671,2019년 8월 29일 23시,목요일,서울특별시 강서구 염창동,경상사고,0,0,1,0,차대차 - 측면충돌,안전운전불이행,포장 - 건조,흐림,기타 - 기타,자전거,남,36세,상해없음,자전거,남,31세,경상
2019083000100082,2019년 8월 30일 06시,금요일,서울특별시 강서구 방화동,중상사고,0,1,0,0,차대차 - 측면충돌,안전운전불이행,포장 - 건조,맑음,교차로 - 교차로부근,화물,남,63세,상해없음,이륜,남,31세,중상