사고번호,사고일시,요일,시군구,사고내용,사망자수,중상자수,경상자수,부상신고자수,사고유형,법규위반,노면상태,기상상태,도로형태,가해운전자 차종,가해운전자 성별,가해운전자 연령,가해운전자 상해정도,피해운전자 차종,피해운전자 성별,피해운전자 연령,피해운전자 상해정도
2019091900100662,2019년 9월 19일 23시,목요일,서울특별시 강서구 화곡동,경상사고,0,0,2,0,차대차 - 추돌,안전운전불이행,포장 - 건조,맑음,교차로 - 교차로안,화물,남,55세,상해없음,승용,남,46세,경상
2019092000100034,2019년 9월 20일 01시,금요일,서울특별시 강서구 화곡동,경상사고,0,0,1,0,차대차 - 추돌,안전운전불이행,포장 - 건조,맑음,단일로 - 기타,승용,남,35세,상해없음,승용,남,61세,경상
2019092000100129,2019년 9월 20일 08시,금요일,서울특별시 강서구 외발산동,경상사고,0,0,1,4,차대차 - 측면충돌,안전운전불이행,포장 - 건조,맑음,단일로 - 기타,이륜,남,23세,경상,승용,여,51세,상해없음
2019092000100130,2019년 9월 20일 08시,금요일,서울특별시 강서구 마곡동,경상사고,0,0,1,0,차대사람 - 횡단중,보행자보호의무위반,포장 - 건조,맑음,단일로 - 기타,승용,남,57세,상해없음,보행자,여,52세,경상
2019092000100263,2019년 9월 20일 11시,금요일,서울특별시 강서구 마곡동,경상사고,0,0,1,0,차대사람 - 횡단중,신호위반,포장 - 건조,맑음,교차로 - 교차로횡단보도내,승용,여,46세,상해없음,보행자,여,59세,경상
2019092100100055,2019년 9월 21일 01시,토요일,서울특별시 강서구 화곡동,중상사고,0,2,0,0,차대차 - 측면충돌,신호위반,포장 - 건조,맑음,교차로 - 교차로안,승용,남,61세,상해없음,화물,남,60세,중상
2019092100100068,2019년 9월 21일 02시,토요일,서울특별시 강서구 마곡동,부상신고사고,0,0,0,1,차대차 - 측면충돌,중앙선침범,포장 - 건조,맑음,단일로 - 기타,이륜,남,28세,부상신고,승용,남,43세,상해없음
2019092100100106,2019년 9월 21일 05시,토요일,서울특별시 강서구 화곡동,경상사고,0,0,1,0,차대사람 - 횡단중,신호위반,포장 - 건조,맑음,교차로 - 교차로횡단보도내,기타불명,기타불명,미분류,기타불명,보행자,남,24세,경상
2019092100100110,2019년 9월 21일 05시,토요일,서울특별시 강서구 개화동,경상사고,0,0,3,0,차대차 - 정면충돌,신호위반,포장 - 건조,맑음,교차로 - 교차로안,화물,남,46세,경상,승용,남,65세,경상
2019092100100272,2019년 9월 21일 12시,토요일,서울특별시 강서구 화곡동,경상사고,0,0,1,0,차대사람 - 길가장자리구역통행중,안전운전불이행,포장 - 건조,맑음,단일로 - 기타,승용,남,55세,기타불명,보행자,여,23세,경상
2019092100100273,2019년 9월 21일 12시,토요일,서울특별시 강서구 등촌동,경상사고,0,0,4,0,차대차 - 기타,안전거리미확보,포장 - 건조,맑음,교차로 - 교차로부근,원동기,남,56세,경상,원동기,남,22세,경상
2019092100100338,2019년 9월 21일 14시,토요일,서울특별시 강서구 마곡동,중상사고,0,1,0,0,차대차 - 측면충돌,신호위반,포장 - 건조,맑음,교차로 - 교차로안,승용,남,65세,상해없음,이륜,남,24세,중상
2019092100100339,2019년 9월 21일 14시,토요일,서울특별시 강서구 가양동,중상사고,0,1,0,0,차대차 - 정면충돌,중앙선침범,포장 - 기타,맑음,단일로 - 기타,승용,남,50세,상해없음,이륜,남,31세,중상
2019092100100414,2019년 9월 21일 16시,토요일,서울특별시 강서구 화곡동,경상사고,0,0,1,0,차대차 - 측면충돌,안전운전불이행,포장 - 건조,맑음,교차로 - 교차로안,자전거,남,50세,경상,승용,여,53세,상해없음
2019092100100484,2019년 9월 21일 18시,토요일,서울특별시 강서구 등촌동,경상사고,0,0,1,0,차대사람 - 횡단중,보행자보호의무위반,포장 - 건조,흐림,기타 - 기타,이륜,남,22세,상해없음,보행자,여,69세,경상
2019092100100653,2019년 9월 21일 21시,토요일,서울특별시 강서구 등촌동,중상사고,0,1,2,0,차대차 - 측면충돌,안전운전불이행,포장 - 건조,맑음,단일로 - 기타,승용,남,53세,상해없음,이륜,남,23세,중상
2019092100100724,2019년 9월 21일 23시,토요일,서울특별시 강서구 마곡동,경상사고,0,0,1,0,차대차 - 측면충돌,안전운전불이행,포장 - 건조,맑음,단일로 - 기타,이륜,남,51세,상해없음,승용,남,35세,경상
2019092200100145,2019년 9월 22일 09시,일요일,서울특별시 강서구 마곡동,중상사고,0,2,2,0,차대차 - 측면충돌,신호위반,포장 - 건조,흐림,교차로 - 교차로안,승용,남,29세,상해없음,승용,남,63세,경상
2019092200100419,2019년 9월 22일 20시,일요일,서울특별시 강서구 염창동,부상신고사고,0,0,0,1,차량단독 - 기타,안전운전불이행,포장 - 건조,맑음,단일로 - 기타,승합,남,49세,상해없음,,,,
2019092200100458,2019년 9월 22일 21시,일요일,서울특별시 강서구 등촌동,경상사고,0,0,1,0,차대차 - 측면충돌,신호위반,포장 - 건조,기타,교차로 - 교차로안,승용,남,38세,상해없음,이륜,여,22세,경상
2019092200100459,2019년 9월 22일 21시,일요일,서울특별시 강서구 화곡동,중상사고,0,1,0,0,차대차 - 기타,안전운전불이행,포장 - 젖음/습기,흐림,단일로 - 기타,승용,여,46세,상해없음,원동기,남,35세,중상
2019092200100479,2019년 9월 22일 22시,일요일,서울특별시 강서구 등촌동,경상사고,0,0,1,0,차대차 - 추돌,안전운전불이행,포장 - 건조,맑음,교차로 - 교차로부근,승용,남,30세,상해없음,승용,여,49세,경상
2019092300100233,2019년 9월 23일 11시,월요일,서울특별시 강서구 화곡동,중상사고,0,1,0,0,차대차 - 측면충돌,안전운전불이행,포장 - 건조,맑음,단일로 - 기타,원동기,남,52세,중상,승용,남,47세,상해없음
2019092300100263,2019년 9월 23일 12시,월요일,서울특별시 강서구 개화동,중상사고,0,1,0,0,차대차 - 측면충돌,신호위반,포장 - 건조,맑음,교차로 - 교차로안,승합,남,39세,상해없음,화물,남,42세,중상
2019092300100435,2019년 9월 23일 17시,월요일,서울특별시 강서구 방화동,경상사고,0,0,2,0,차대차 - 측면충돌,안전운전불이행,포장 - 건조,맑음,단일로 - 기타,승용,여,75세,경상,승용,여,57세,경상
2019092300100487,2019년 9월 23일 18시,월요일,서울특별시 강서구 방화동,경상사고,0,0,1,0,차대차 - 정면충돌,안전거리미확보,포장 - 건조,맑음,단일로 - 기타,이륜,남,44세,경상,화물,남,55세,상해없음
2019092400100017,2019년 9월 24일 00시,화요일,서울특별시 강서구 화곡동,경상사고,0,0,1,0,차대사람 - 기타,안전운전불이행,포장 - 건조,기타,단일로 - 기타,승용,남,40세,상해없음,보행자,남,45세,경상
2019092400100405,2019년 9월 24일 15시,화요일,서울특별시 강서구 마곡동,중상사고,0,1,1,0,차대차 - 측면충돌,신호위반,포장 - 건조,맑음,교차로 - 교차로안,승용,남,26세,경상,화물,남,23세,중상
2019092400100462,2019년 9월 24일 16시,화요일,서울특별시 강서구 방화동,부상신고사고,0,0,0,2,차대차 - 기타,안전운전불이행,포장 - 건조,맑음,단일로 - 기타,자전거,남,58세,부상신고,자전거,남,64세,부상신고
2019092400100504,2019년 9월 24일 17시,화요일,서울특별시 강서구 공항동,경상사고,0,0,1,0,차대사람 - 기타,안전운전불이행,포장 - 건조,맑음,단일로 - 기타,승용,남,49세,상해없음,보행자,여,72세,경상
2019092400100616,2019년 9월 24일 19시,화요일,서울특별시 강서구 마곡동,중상사고,0,1,0,0,차대차 - 측면충돌,신호위반,포장 - 건조,맑음,교차로 - 교차로안,승용,남,67세,상해없음,이륜,남,35세,중상
2019092500100029,2019년 9월 25일 00시,수요일,서울특별시 강서구 마곡동,중상사고,0,1,0,0,차대차 - 측면충돌,안전거리미확보,포장 - 건조,맑음,단일로 - 기타,승용,남,54세,상해없음,이륜,남,34세,중상
2019092500100337,2019년 9월 25일 14시,수요일,서울특별시 강서구 공항동,중상사고,0,2,0,0,차대차 - 측면충돌,안전운전불이행,포장 - 건조,맑음,주차장 - 주차장,화물,남,53세,상해없음,승합,남,34세,중상
2019092500100340,2019년 9월 25일 14시,수요일,서울특별시 강서구 화곡동,경상사고,0,0,4,0,차대차 - 측면충돌,안전운전불이행,포장 - 건조,맑음,단일로 - 기타,승용,남,36세,상해없음,승용,여,62세,경상
2019092500100463,2019년 9월 25일 17시,수요일,서울특별시 강서구 가양동,경상사고,0,0,1,0,차대차 - 기타,안전운전불이행,포장 - 건조,맑음,교차로 - 교차로안,승합,남,57세,상해없음,승용,여,34세,경상
2019092500100508,2019년 9월 25일 18시,수요일,서울특별시 강서구 화곡동,중상사고,0,1,0,0,차대사람 - 기타,안전운전불이행,포장 - 건조,맑음,단일로 - 기타,승용,남,35세,상해없음,보행자,여,75세,중상
2019092500100509,2019년 9월 25일 18시,수요일,서울특별시 강서구 가양동,경상사고,0,0,2,0,차대차 - 측면충돌,안전거리미확보,포장 - 건조,기타,단일로 - 기타,승용,여,67세,상해없음,화물,남,47세,경상
2019092600100285,2019년 9월 26일 13시,목요일,서울특별시 강서구 가양동,중상사고,0,1,0,0,차대차 - 측면충돌,안전거리미확보,포장 - 건조,맑음,단일로 - 기타,승용,여,62세,기타불명,승용,남,35세,중상
2019092600100631,2019년 9월 26일 22시,목요일,서울특별시 강서구 등촌동,경상사고,0,0,1,0,차대차 - 기타,안전운전불이행,포장 - 건조,흐림,교차로 - 교차로안,자전거,남,26세,경상,승용,남,53세,기타불명
2019092600100656,2019년 9월 26일 23시,목요일,서울특별시 강서구 화곡동,경상사고,0,0,1,0,차대사람 - 횡단중,안전운전불이행,포장 - 기타,맑음,교차로 - 교차로안,이륜,남,26세,경상,보행자,남,43세,상해없음
2019092700100035,2019년 9월 27일 00시,금요일,서울특별시 강서구 등촌동,경상사고,0,0,1,0,차대차 - 측면충돌,안전거리미확보,포장 - 기타,맑음,단일로 - 기타,화물,남,44세,상해없음,승용,남,33세,경상
2019092700100187,2019년 9월 27일 09시,금요일,서울특별시 강서구 화곡동,경상사고,0,0,1,0,차대차 - 측면충돌,직진우회전진행방해,포장 - 건조,맑음,교차로 - 교차로안,화물,남,75세,상해없음,승용,남,33세,경상
2019092700100544,2019년 9월 27일 18시,금요일,서울특별시 강서구 화곡동,중상사고,0,1,0,0,차대차 - 기타,안전운전불이행,포장 - 건조,맑음,단일로 - 기타,이륜,여,32세,중상,승용,여,61세,상해없음
2019092700100595,2019년 9월 27일 19시,금요일,서울특별시 강서구 가양동,경상사고,0,0,3,2,차대차 - 정면충돌,안전거리미확보,포장 - 건조,맑음,단일로 - 기타,승용,남,50세,상해없음,승합,남,65세,기타불명
2019092800100186,2019년 9월 28일 09시,토요일,서울특별시 강서구 염창동,경상사고,0,0,1,0,차대차 - 측면충돌,신호위반,포장 - 건조,맑음,교차로 - 교차로부근,승용,남,67세,상해없음,승용,남,39세,경상
2019092800100256,2019년 9월 28일 11시,토요일,서울특별시 강서구 방화동,경상사고,0,0,2,0,차대차 - 기타,신호위반,포장 - 건조,맑음,교차로 - 교차로부근,승합,남,47세,상해없음,승용,남,56세,상해없음
2019092800100343,2019년 9월 28일 13시,토요일,서울특별시 강서구 방화동,경상사고,0,0,1,0,차대사람 - 차도통행중,안전운전불이행,포장 - 건조,맑음,단일로 - 기타,기타불명,기타불명,미분류,기타불명,보행자,남,37세,경상
2019092800100344,2019년 9월 28일 13시,토요일,서울특별시 강서구 등촌동,중상사고,0,1,1,0,차대차 - 측면충돌,과속,포장 - 건조,맑음,교차로 - 교차로안,승용,남,41세,경상,화물,남,74세,중상
2019092800100491,2019년 9월 28일 16시,토요일,서울특별시 강서구 화곡동,경상사고,0,0,1,0,차대차 - 기타,안전운전불이행,포장 - 기타,맑음,교차로 - 교차로안,자전거,남,64세,경상,승용,남,42세,상해없음
2019092800100612,2019년 9월 28일 19시,토요일,서울특별시 강서구 화곡동,중상사고,0,1,0,0,차대차 - 기타,안전운전불이행,포장 - 건조,맑음,교차로 - 교차로안,승용,남,52세,상해없음,이륜,남,41세,중상
2019092800100613,2019년 9월 28일 19시,토요일,서울특별시 강서구 방화동,부상신고사고,0,0,0,1,차대사람 - 기타,안전운전불이행,포장 - 건조,맑음,단일로 - 기타,승합,남,57세,상해없음,보행자,남,64세,부상신고
2019092800100730,2019년 9월 28일 22시,토요일,서울특별시 강서구 화곡동,경상사고,0,0,1,0,차대차 - 측면충돌,안전운전불이행,포장 - 건조,맑음,단일로 - 기타,승용,남,57세,상해없음,승용,남,35세,경상
2019092800100731,2019년 9월 28일 22시,토요일,서울특별시 강서구 화곡동,경상사고,0,0,1,0,차대차 - 기타,안전운전불이행,포장 - 건조,맑음,단일로 - 기타,기타불명,기타불명,미분류,기타불명,승용,남,35세,경상
2019092900100041,2019년 9월 29일 01시,일요일,서울특별시 강서구 염창동,부상신고사고,0,0,0,1,차량단독 - 공작물충돌,안전운전불이행,포장 - 건조,맑음,단일로 - 기타,승용,남,47세,부상신고,,,,
2019092900100089,2019년 9월 29일 06시,일요일,서울특별시 강서구 방화동,경상사고,0,0,1,0,차대차 - 기타,안전거리미확보,포장 - 건조,맑음,단일로 - 기타,승용,남,75세,상해없음,승용,남,62세,경상
2019092900100154,2019년 9월 29일 10시,일요일,서울특별시 강서구 화곡동,경상사고,0,0,1,0,차대차 - 기타,안전운전불이행,포장 - 건조,맑음,교차로 - 교차로안,기타불명,기타불명,미분류,기타불명,기타불명,기타불명,미분류,기타불명
2019092900100582,2019년 9월 29일 23시,일요일,서울특별시 강서구 화곡동,경상사고,0,0,1,1,차대차 - 측면충돌,안전운전불이행,포장 - 건조,맑음,교차로 - 교차로안,이륜,남,24세,상해없음,승용,남,58세,경상
2019093000100130,2019년 9월 30일 08시,월요일,서울특별시 강서구 등촌동,경상사고,0,0,1,0,차대차 - 측면충돌,안전운전불이행,포장 - 건조,맑음,단일로 - 기타,승용,남,41세,상해없음,자전거,남,14세,경상
2019093000100311,2019년 9월 30일 13시,월요일,서울특별시 강서구 방화동,경상사고,0,0,2,0,차대차 - 추돌,안전운전불이행,포장 - 건조,맑음,단일로 - 기타,화물,남,55세,경상,건설기계,남,27세,경상
2019093000100604,2019년 9월 30일 19시,월요일,서울특별시 강서구 화곡동,경상사고,0,0,1,0,차대차 - 추돌,안전운전불이행,포장 - 기타,맑음,단일로 - 기타,승용,남,60세,상해없음,이륜,남,37세,경상
2019100100100125,2019년 10월 1일 08시,화요일,서울특별시 강서구 마곡동,사망사고,1,0,2,0,차대차 - 측면충돌,안전거리미확보,포장 - 기타,맑음,단일로 - 기타,이륜,남,52세,사망,승용,여,61세,경상
2019100100100126,2019년 10월 1일 08시,화요일,서울특별시 강서구 내발산동,경상사고,0,0,1,0,차대차 - 추돌,안전운전불이행,포장 - 건조,맑음,교차로 - 교차로부근,승용,남,32세,상해없음,화물,남,49세,경상
2019100100100411,2019년 10월 1일 16시,화요일,서울특별시 강서구 마곡동,경상사고,0,0,1,0,차대사람 - 횡단중,보행자보호의무위반,포장 - 건조,맑음,단일로 - 기타,승용,여,41세,상해없음,보행자,여,7세,경상
2019100100100655,2019년 10월 1일 21시,화요일,서울특별시 강서구 염창동,중상사고,0,1,0,0,차대차 - 기타,신호위반,포장 - 건조,맑음,교차로 - 교차로안,자전거,여,68세,중상,승용,남,66세,상해없음
2019100200100073,2019년 10월 2일 05시,수요일,서울특별시 강서구 마곡동,경상사고,0,0,1,0,차대차 - 기타,안전거리미확보,포장 - 건조,맑음,교차로 - 교차로부근,승합,남,56세,상해없음,화물,남,41세,경상
2019100200100632,2019년 10월 2일 19시,수요일,서울특별시 강서구 화곡동,경상사고,0,0,1,0,차대차 - 기타,안전운전불이행,포장 - 젖음/습기,비,교차로 - 교차로안,이륜,남,20세,경상,화물,남,66세,상해없음
2019100200100633,2019년 10월 2일 19시,수요일,서울특별시 강서구 마곡동,중상사고,0,1,0,0,차대차 - 측면충돌,안전거리미확보,포장 - 젖음/습기,비,교차로 - 교차로부근,승용,남,69세,상해없음,이륜,남,30세,중상
2019100200100895,2019년 10월 2일 23시,수요일,서울특별시 강서구 가양동,경상사고,0,0,1,0,차대사람 - 횡단중,신호위반,포장 - 젖음/습기,비,교차로 - 교차로부근,승용,여,50세,상해없음,보행자,남,40세,경상
2019100300100125,2019년 10월 3일 03시,목요일,서울특별시 강서구 화곡동,경상사고,0,0,3,0,차대차 - 측면충돌,안전거리미확보,포장 - 젖음/습기,흐림,기타 - 기타,승용,남,72세,기타불명,승용,남,58세,경상
2019100300100138,2019년 10월 3일 04시,목요일,서울특별시 강서구 등촌동,중상사고,0,1,0,0,차대사람 - 기타,안전운전불이행,포장 - 젖음/습기,비,교차로 - 교차로부근,화물,남,66세,상해없음,보행자,남,45세,중상
2019100300100139,2019년 10월 3일 04시,목요일,서울특별시 강서구 화곡동,경상사고,0,0,1,0,차대차 - 기타,안전운전불이행,포장 - 젖음/습기,비,단일로 - 기타,승용,남,36세,상해없음,원동기,남,35세,경상
2019100300100185,2019년 10월 3일 07시,목요일,서울특별시 강서구 마곡동,중상사고,0,1,0,0,차대차 - 후진중충돌,안전운전불이행,포장 - 건조,맑음,기타 - 기타,승용,남,33세,상해없음,승용,여,28세,중상
2019100300100275,2019년 10월 3일 12시,목요일,서울특별시 강서구 가양동,경상사고,0,0,1,1,차대차 - 기타,안전운전불이행,포장 - 기타,맑음,교차로 - 교차로부근,이륜,남,36세,경상,승용,남,60세,상해없음
2019100300100365,2019년 10월 3일 15시,목요일,서울특별시 강서구 화곡동,경상사고,0,0,1,0,차대차 - 측면충돌,신호위반,포장 - 건조,맑음,교차로 - 교차로안,이륜,남,27세,경상,승용,남,36세,상해없음
2019100300100414,2019년 10월 3일 16시,목요일,서울특별시 강서구 화곡동,경상사고,0,0,1,0,차대차 - 측면충돌,안전운전불이행,포장 - 기타,맑음,교차로 - 교차로안,승용,남,58세,상해없음,자전거,남,70세,경상
2019100300100582,2019년 10월 3일 22시,목요일,서울특별시 강서구 등촌동,중상사고,0,1,1,0,차대사람 - 차도통행중,안전운전불이행,포장 - 건조,맑음,단일로 - 기타,승용,남,69세,경상,보행자,여,61세,중상
2019100400100132,2019년 10월 4일 08시,금요일,서울특별시 강서구 등촌동,경상사고,0,0,2,0,차대차 - 측면충돌,신호위반,포장 - 건조,맑음,단일로 - 기타,이륜,남,33세,경상,승용,여,31세,경상
2019100400100703,2019년 10월 4일 21시,금요일,서울특별시 강서구 화곡동,경상사고,0,0,1,0,차대차 - 기타,안전거리미확보,포장 - 건조,맑음,교차로 - 교차로부근,원동기,남,17세,상해없음,원동기,남,23세,경상
2019100500100080,2019년 10월 5일 06시,토요일,서울특별시 강서구 염창동,경상사고,0,0,1,0,차대사람 - 기타,안전운전불이행,포장 - 건조,맑음,단일로 - 기타,자전거,남,73세,경상,보행자,남,49세,상해없음
2019100500100301,2019년 10월 5일 14시,토요일,서울특별시 강서구 등촌동,중상사고,0,1,0,0,차대차 - 측면충돌,안전거리미확보,포장 - 건조,맑음,단일로 - 기타,화물,남,81세,상해없음,이륜,남,36세,중상
2019100500100401,2019년 10월 5일 17시,토요일,서울특별시 강서구 화곡동,경상사고,0,0,1,0,차대차 - 측면충돌,안전운전불이행,포장 - 건조,맑음,단일로 - 기타,이륜,남,27세,상해없음,자전거,남,47세,경상
2019100500100474,2019년 10월 5일 19시,토요일,서울특별시 강서구 염창동,경상사고,0,0,2,0,차대차 - 정면충돌,중앙선침범,포장 - 건조,맑음,단일로 - 기타,자전거,남,44세,경상,자전거,남,13세,경상
2019100600100058,2019년 10월 6일 03시,일요일,서울특별시 강서구 화곡동,경상사고,0,0,1,0,차대사람 - 기타,안전운전불이행,포장 - 건조,맑음,교차로 - 교차로부근,승용,남,72세,상해없음,보행자,남,24세,경상
2019100600100070,2019년 10월 6일 04시,일요일,서울특별시 강서구 등촌동,경상사고,0,0,1,0,차대차 - 후진중충돌,안전운전불이행,포장 - 건조,맑음,교차로 - 교차로부근,승용,남,58세,상해없음,승용,남,31세,경상
2019100600100174,2019년 10월 6일 11시,일요일,서울특별시 강서구 공항동,경상사고,0,0,3,0,차대차 - 추돌,안전운전불이행,포장 - 건조,맑음,단일로 - 기타,승합,남,61세,상해없음,승합,남,55세,경상
2019100600100219,2019년 10월 6일 12시,일요일,서울특별시 강서구 개화동,중상사고,0,1,3,0,차대차 - 추돌,안전운전불이행,포장 - 건조,맑음,단일로 - 기타,승용,남,43세,상해없음,승용,남,58세,중상
2019100600100261,2019년 10월 6일 14시,일요일,서울특별시 강서구 화곡동,경상사고,0,0,2,0,차대차 - 측면충돌,교차로운행방법위반,포장 - 건조,맑음,교차로 - 교차로안,승용,남,51세,경상,화물,남,66세,경상
2019100600100427,2019년 10월 6일 19시,일요일,서울특별시 강서구 화곡동,중상사고,0,1,1,0,차대차 - 기타,중앙선침범,포장 - 건조,맑음,단일로 - 기타,이륜,남,50세,상해없음,이륜,남,24세,경상
2019100600100453,2019년 10월 6일 20시,일요일,서울특별시 강서구 등촌동,경상사고,0,0,1,0,차대사람 - 횡단중,보행자보호의무위반,포장 - 건조,맑음,교차로 - 교차로부근,화물,남,30세,상해없음,보행자,남,64세,경상
2019100600100454,2019년 10월 6일 20시,일요일,서울특별시 강서구 마곡동,경상사고,0,0,1,0,차대차 - 추돌,안전거리미확보,포장 - 건조,맑음,단일로 - 기타,승용,남,41세,기타불명,승용,여,59세,경상
2019100800100044,2019년 10월 8일 01시,화요일,서울특별시 강서구 화곡동,경상사고,0,0,1,0,차대사람 - 기타,안전운전불이행,포장 - 건조,맑음,교차로 - 교차로부근,승합,남,48세,상해없음,보행자,여,58세,경상
2019100800100087,2019년 10월 8일 06시,화요일,서울특별시 강서구 화곡동,경상사고,0,0,1,0,차대차 - 기타,안전운전불이행,포장 - 건조,맑음,교차로 - 교차로부근,승용,남,25세,상해없음,원동기,남,36세,경상
2019100800100142,2019년 10월 8일 08시,화요일,서울특별시 강서구 화곡동,경상사고,0,0,1,0,차대차 - 기타,안전운전불이행,포장 - 건조,맑음,단일로 - 기타,기타불명,기타불명,미분류,기타불명,자전거,여,36세,경상
2019100800100175,2019년 10월 8일 09시,화요일,서울특별시 강서구 화곡동,중상사고,0,1,0,0,차대차 - 기타,안전운전불이행,포장 - 건조,기타,교차로 - 교차로부근,승용,여,26세,상해없음,승합,남,55세,상해없음
2019100800100321,2019년 10월 8일 13시,화요일,서울특별시 강서구 등촌동,경상사고,0,0,2,1,차대차 - 기타,안전거리미확보,포장 - 건조,맑음,교차로 - 교차로부근,승용,남,68세,기타불명,승용,남,64세,경상
2019100800100355,2019년 10월 8일 14시,화요일,서울특별시 강서구 방화동,경상사고,0,0,1,0,차대차 - 기타,안전운전불이행,포장 - 건조,맑음,단일로 - 기타,이륜,남,72세,상해없음,승용,남,31세,경상
2019100800100487,2019년 10월 8일 17시,화요일,서울특별시 강서구 등촌동,경상사고,0,0,1,0,차대차 - 측면충돌,안전운전불이행,포장 - 기타,맑음,단일로 - 기타,승용,남,59세,상해없음,승용,여,46세,경상
2019100800100675,2019년 10월 8일 20시,화요일,서울특별시 강서구 화곡동,경상사고,0,0,1,0,차대차 - 측면충돌,안전운전불이행,포장 - 기타,맑음,교차로 - 교차로안,자전거,남,40세,경상,승용,남,55세,상해없음
2019100900100091,2019년 10월 9일 04시,수요일,서울특별시 강서구 화곡동,경상사고,0,0,2,0,차대차 - 기타,안전운전불이행,포장 - 기타,흐림,교차로 - 교차로안,승용,남,25세,상해없음,승용,남,65세,경상
2019100900100391,2019년 10월 9일 16시,수요일,서울특별시 강서구 등촌동,경상사고,0,0,1,0,차대사람 - 횡단중,신호위반,포장 - 건조,맑음,교차로 - 교차로안,원동기,남,27세,상해없음,보행자,남,9세,경상
2019100900100515,2019년 10월 9일 19시,수요일,서울특별시 강서구 방화동,경상사고,0,0,3,0,차대차 - 측면충돌,안전운전불이행,포장 - 건조,맑음,교차로 - 교차로부근,승용,남,65세,경상,승용,여,33세,경상
2019100900100562,2019년 10월 9일 20시,수요일,서울특별시 강서구 개화동,중상사고,0,1,2,0,차대차 - 측면충돌,신호위반,포장 - 건조,맑음,교차로 - 교차로부근,이륜,남,22세,중상,화물,남,37세,경상
2019100900100642,2019년 10월 9일 23시,수요일,서울특별시 강서구 화곡동,경상사고,0,0,1,0,차대차 - 기타,안전운전불이행,포장 - 건조,맑음,교차로 - 교차로안,승용,남,38세,상해없음,원동기,남,18세,경상
2019101000100064,2019년 10월 10일 06시,목요일,서울특별시 강서구 방화동,경상사고,0,0,2,0,차대차 - 측면충돌,신호위반,포장 - 건조,맑음,교차로 - 교차로안,승합,남,55세,경상,화물,남,39세,경상
2019101000100235,2019년 10월 10일 11시,목요일,서울특별시 강서구 등촌동,중상사고,0,1,0,0,차대사람 - 차도통행중,안전운전불이행,포장 - 건조,맑음,단일로 - 기타,화물,남,56세,상해없음,보행자,여,55세,중상
2019101000100482,2019년 10월 10일 17시,목요일,서울특별시 강서구 가양동,경상사고,0,0,1,0,차대차 - 측면충돌,안전거리미확보,포장 - 기타,맑음,단일로 - 기타,승합,남,52세,상해없음,승용,남,50세,경상
2019101000100575,2019년 10월 10일 19시,목요일,서울특별시 강서구 내발산동,부상신고사고,0,0,0,1,차대차 - 측면충돌,중앙선침범,포장 - 건조,흐림,교차로 - 교차로부근,이륜,남,50세,부상신고,승용,남,64세,상해없음
2019101000100700,2019년 10월 10일 22시,목요일,서울특별시 강서구 가양동,경상사고,0,0,2,0,차대차 - 추돌,안전운전불이행,포장 - 건조,맑음,단일로 - 기타,승용,남,39세,상해없음,승합,남,51세,상해없음
2019101100100052,2019년 10월 11일 01시,금요일,서울특별시 강서구 가양동,중상사고,0,1,0,0,차대차 - 측면충돌,신호위반,포장 - 건조,맑음,교차로 - 교차로안,승용,남,61세,상해없음,승용,남,57세,중상
2019101100100053,2019년 10월 11일 01시,금요일,서울특별시 강서구 화곡동,부상신고사고,0,0,0,1,차대차 - 기타,안전운전불이행,포장 - 건조,맑음,단일로 - 기타,자전거,남,55세,부상신고,이륜,남,30세,상해없음
2019101100100136,2019년 10월 11일 08시,금요일,서울특별시 강서구 화곡동,경상사고,0,0,1,0,차대차 - 측면충돌,직진우회전진행방해,포장 - 건조,맑음,교차로 - 교차로안,화물,남,56세,상해없음,승용,남,39세,경상
2019101100100137,2019년 10월 11일 08시,금요일,서울특별시 강서구 화곡동,중상사고,0,1,0,0,차량단독 - 기타,안전운전불이행,포장 - 건조,맑음,단일로 - 기타,승합,남,55세,상해없음,,,,
2019101100100355,2019년 10월 11일 14시,금요일,서울특별시 강서구 마곡동,경상사고,0,0,1,0,차대차 - 기타,안전운전불이행,포장 - 건조,맑음,단일로 - 기타,승용,남,60세,상해없음,승용,여,42세,경상
2019101100100397,2019년 10월 11일 15시,금요일,서울특별시 강서구 마곡동,중상사고,0,1,1,0,차대차 - 측면충돌,신호위반,포장 - 건조,맑음,교차로 - 교차로안,원동기,남,16세,중상,승용,남,48세,상해없음
2019101100100551,2019년 10월 11일 18시,금요일,서울특별시 강서구 화곡동,경상사고,0,0,1,0,차대차 - 측면충돌,안전거리미확보,포장 - 건조,맑음,교차로 - 교차로부근,화물,남,50세,상해없음,승용,남,38세,경상
2019101100100746,2019년 10월 11일 22시,금요일,서울특별시 강서구 가양동,부상신고사고,0,0,0,1,차대사람 - 횡단중,안전운전불이행,포장 - 건조,흐림,단일로 - 기타,승용,여,48세,상해없음,보행자,남,57세,부상신고
2019101100100747,2019년 10월 11일 22시,금요일,서울특별시 강서구 내발산동,중상사고,0,1,0,0,차대차 - 추돌,중앙선침범,포장 - 건조,맑음,단일로 - 기타,이륜,여,25세,상해없음,승용,남,38세,중상