사고번호,사고일시,요일,시군구,사고내용,사망자수,중상자수,경상자수,부상신고자수,사고유형,법규위반,노면상태,기상상태,도로형태,가해운전자 차종,가해운전자 성별,가해운전자 연령,가해운전자 상해정도,피해운전자 차종,피해운전자 성별,피해운전자 연령,피해운전자 상해정도
2019101200100083,2019년 10월 12일 04시,토요일,서울특별시 강서구 방화동,경상사고,0,0,1,0,차대차 - 추돌,안전운전불이행,포장 - 건조,맑음,교차로 - 교차로안,승용,남,38세,상해없음,승용,남,31세,경상
2019101200100438,2019년 10월 12일 15시,토요일,서울특별시 강서구 화곡동,경상사고,0,0,1,0,차대사람 - 기타,안전운전불이행,포장 - 건조,맑음,교차로 - 교차로부근,자전거,여,43세,기타불명,보행자,여,7세,경상
2019101200100675,2019년 10월 12일 20시,토요일,서울특별시 강서구 염창동,중상사고,0,2,0,1,차대차 - 측면충돌,신호위반,포장 - 건조,맑음,단일로 - 기타,승합,남,56세,상해없음,이륜,남,49세,중상
2019101200100706,2019년 10월 12일 21시,토요일,서울특별시 강서구 화곡동,경상사고,0,0,1,0,차대사람 - 기타,안전운전불이행,포장 - 건조,흐림,단일로 - 기타,승용,여,50세,상해없음,보행자,남,57세,경상
2019101200100751,2019년 10월 12일 22시,토요일,서울특별시 강서구 개화동,경상사고,0,0,1,0,차대차 - 측면충돌,안전운전불이행,포장 - 건조,맑음,단일로 - 기타,승용,남,54세,상해없음,승합,남,61세,경상
2019101300100015,2019년 10월 13일 00시,일요일,서울특별시 강서구 화곡동,경상사고,0,0,2,0,차대차 - 측면충돌,안전운전불이행,포장 - 건조,맑음,단일로 - 기타,이륜,남,51세,경상,이륜,남,31세,경상
2019101300100141,2019년 10월 13일 10시,일요일,서울특별시 강서구 염창동,중상사고,0,1,2,0,차대차 - 측면충돌,신호위반,포장 - 건조,맑음,단일로 - 기타,승용,여,59세,경상,승합,남,52세,상해없음
2019101400100158,2019년 10월 14일 09시,월요일,서울특별시 강서구 방화동,경상사고,0,0,1,0,차대차 - 측면충돌,안전운전불이행,포장 - 건조,맑음,교차로 - 교차로안,승용,남,48세,상해없음,승용,남,52세,경상
2019101400100202,2019년 10월 14일 10시,월요일,서울특별시 강서구 방화동,경상사고,0,0,1,0,차대사람 - 횡단중,신호위반,포장 - 건조,맑음,교차로 - 교차로횡단보도내,이륜,남,17세,상해없음,보행자,여,28세,경상
2019101400100284,2019년 10월 14일 12시,월요일,서울특별시 강서구 등촌동,경상사고,0,0,1,0,차대차 - 측면충돌,안전운전불이행,포장 - 건조,맑음,교차로 - 교차로안,화물,남,57세,상해없음,승용,여,67세,경상
2019101400100285,2019년 10월 14일 12시,월요일,서울특별시 강서구 등촌동,경상사고,0,0,1,0,차대사람 - 기타,기타,포장 - 건조,맑음,기타 - 기타,원동기,여,21세,기타불명,보행자,여,40세,경상
2019101400100440,2019년 10월 14일 16시,월요일,서울특별시 강서구 내발산동,중상사고,0,1,0,0,차대차 - 기타,안전거리미확보,포장 - 건조,맑음,교차로 - 교차로부근,승용,남,63세,상해없음,이륜,남,52세,중상
2019101400100488,2019년 10월 14일 17시,월요일,서울특별시 강서구 화곡동,경상사고,0,0,1,0,차대차 - 측면충돌,안전운전불이행,포장 - 건조,맑음,단일로 - 기타,기타불명,기타불명,미분류,기타불명,승용,남,46세,경상
2019101400100748,2019년 10월 14일 23시,월요일,서울특별시 강서구 화곡동,경상사고,0,0,2,0,차대차 - 기타,안전거리미확보,포장 - 건조,맑음,단일로 - 기타,승용,남,34세,상해없음,승용,남,64세,경상
2019101400100749,2019년 10월 14일 23시,월요일,서울특별시 강서구 방화동,경상사고,0,0,1,0,차대차 - 측면충돌,안전거리미확보,포장 - 건조,맑음,단일로 - 기타,승용,남,66세,상해없음,승용,남,45세,상해없음
2019101500100024,2019년 10월 15일 00시,화요일,서울특별시 강서구 화곡동,부상신고사고,0,0,0,1,차대차 - 기타,안전운전불이행,포장 - 건조,맑음,교차로 - 교차로부근,원동기,남,24세,부상신고,승용,남,63세,상해없음
2019101500100052,2019년 10월 15일 03시,화요일,서울특별시 강서구 염창동,중상사고,0,1,0,0,차대사람 - 기타,안전운전불이행,포장 - 건조,기타,단일로 - 기타,승용,남,59세,상해없음,보행자,남,46세,중상
2019101500100064,2019년 10월 15일 05시,화요일,서울특별시 강서구 화곡동,부상신고사고,0,0,0,3,차대차 - 기타,안전거리미확보,포장 - 건조,맑음,단일로 - 기타,승용,남,54세,상해없음,승용,남,21세,부상신고
2019101500100207,2019년 10월 15일 10시,화요일,서울특별시 강서구 등촌동,경상사고,0,0,1,0,차대사람 - 기타,안전운전불이행,포장 - 기타,맑음,교차로 - 교차로부근,승용,여,62세,상해없음,보행자,여,83세,경상
2019101500100259,2019년 10월 15일 11시,화요일,서울특별시 강서구 화곡동,부상신고사고,0,0,0,1,차대사람 - 길가장자리구역통행중,안전운전불이행,포장 - 건조,맑음,단일로 - 기타,승용,남,45세,상해없음,보행자,여,67세,부상신고
2019101500100300,2019년 10월 15일 12시,화요일,서울특별시 강서구 화곡동,경상사고,0,0,2,0,차량단독 - 기타,안전운전불이행,포장 - 건조,맑음,단일로 - 기타,승용,남,49세,상해없음,,,,
2019101500100506,2019년 10월 15일 17시,화요일,서울특별시 강서구 화곡동,중상사고,0,1,0,0,차대차 - 기타,안전운전불이행,포장 - 건조,맑음,교차로 - 교차로안,승용,남,59세,상해없음,이륜,남,54세,중상
2019101500100563,2019년 10월 15일 18시,화요일,서울특별시 강서구 화곡동,중상사고,0,1,0,0,차대사람 - 차도통행중,안전운전불이행,포장 - 건조,맑음,단일로 - 기타,화물,남,55세,상해없음,보행자,여,61세,중상
2019101600100183,2019년 10월 16일 09시,수요일,서울특별시 강서구 가양동,경상사고,0,0,1,0,차대차 - 측면충돌,안전운전불이행,포장 - 건조,맑음,교차로 - 교차로부근,승용,남,37세,상해없음,자전거,남,72세,경상
2019101600100422,2019년 10월 16일 15시,수요일,서울특별시 강서구 방화동,경상사고,0,0,1,0,차대사람 - 기타,안전운전불이행,포장 - 건조,맑음,단일로 - 기타,승용,여,51세,상해없음,보행자,남,10세,경상
2019101600100505,2019년 10월 16일 17시,수요일,서울특별시 강서구 화곡동,경상사고,0,0,1,0,차대차 - 기타,안전운전불이행,포장 - 건조,맑음,교차로 - 교차로안,자전거,남,58세,경상,승용,남,52세,상해없음
2019101600100506,2019년 10월 16일 17시,수요일,서울특별시 강서구 방화동,경상사고,0,0,1,0,차대차 - 기타,안전운전불이행,포장 - 기타,맑음,기타 - 기타,이륜,남,70세,경상,화물,남,59세,상해없음
2019101700100205,2019년 10월 17일 10시,목요일,서울특별시 강서구 염창동,중상사고,0,1,0,0,차대사람 - 길가장자리구역통행중,안전운전불이행,포장 - 건조,맑음,단일로 - 기타,기타불명,기타불명,미분류,기타불명,보행자,여,46세,중상
2019101700100307,2019년 10월 17일 13시,목요일,서울특별시 강서구 외발산동,경상사고,0,0,2,0,차대차 - 기타,안전운전불이행,포장 - 건조,맑음,교차로 - 교차로안,승용,남,30세,상해없음,승용,여,29세,경상
2019101700100376,2019년 10월 17일 15시,목요일,서울특별시 강서구 화곡동,경상사고,0,0,1,0,차대차 - 측면충돌,직진우회전진행방해,포장 - 건조,맑음,교차로 - 교차로안,승용,남,27세,상해없음,승용,여,39세,경상
2019101700100502,2019년 10월 17일 18시,목요일,서울특별시 강서구 염창동,경상사고,0,0,1,0,차대차 - 측면충돌,교차로운행방법위반,포장 - 건조,맑음,교차로 - 교차로부근,화물,남,51세,상해없음,승용,남,56세,경상
2019101800100029,2019년 10월 18일 00시,금요일,서울특별시 강서구 가양동,경상사고,0,0,1,0,차대차 - 측면충돌,신호위반,포장 - 건조,맑음,교차로 - 교차로안,이륜,남,76세,경상,승용,남,72세,상해없음
2019101800100046,2019년 10월 18일 01시,금요일,서울특별시 강서구 마곡동,경상사고,0,0,1,0,차대차 - 측면충돌,신호위반,포장 - 건조,맑음,교차로 - 교차로횡단보도내,이륜,남,41세,상해없음,자전거,여,60세,경상
2019101800100073,2019년 10월 18일 04시,금요일,서울특별시 강서구 개화동,경상사고,0,0,1,0,차대차 - 추돌,안전운전불이행,포장 - 건조,맑음,단일로 - 기타,승용,남,40세,상해없음,승용,여,36세,경상
2019101800100201,2019년 10월 18일 09시,금요일,서울특별시 강서구 가양동,부상신고사고,0,0,0,1,차대사람 - 기타,안전운전불이행,포장 - 건조,맑음,교차로 - 교차로부근,개인형이동수단(PM),여,69세,상해없음,보행자,남,43세,부상신고
2019101800100245,2019년 10월 18일 10시,금요일,서울특별시 강서구 화곡동,중상사고,0,1,0,0,차대사람 - 보도통행중,안전운전불이행,포장 - 건조,맑음,단일로 - 기타,승합,남,59세,기타불명,보행자,여,67세,중상
2019101800100346,2019년 10월 18일 13시,금요일,서울특별시 강서구 방화동,중상사고,0,1,0,0,차대차 - 기타,안전운전불이행,포장 - 건조,맑음,단일로 - 기타,승용,여,34세,상해없음,자전거,남,73세,중상
2019101800100347,2019년 10월 18일 13시,금요일,서울특별시 강서구 내발산동,경상사고,0,0,1,0,차대사람 - 기타,기타,포장 - 건조,맑음,기타 - 기타,승용,남,40세,상해없음,보행자,여,34세,경상
2019101800100431,2019년 10월 18일 15시,금요일,서울특별시 강서구 화곡동,중상사고,0,1,0,0,차대사람 - 차도통행중,안전운전불이행,포장 - 건조,맑음,기타 - 기타,자전거,남,14세,상해없음,보행자,여,66세,중상
2019101800100432,2019년 10월 18일 15시,금요일,서울특별시 강서구 화곡동,경상사고,0,0,1,0,차대차 - 측면충돌,안전운전불이행,포장 - 건조,맑음,기타 - 기타,화물,남,25세,상해없음,승용,남,32세,경상
2019101800100564,2019년 10월 18일 18시,금요일,서울특별시 강서구 염창동,중상사고,0,2,1,0,차대차 - 기타,안전운전불이행,포장 - 건조,기타,교차로 - 교차로부근,승용,남,38세,상해없음,승합,남,46세,중상
2019101800100763,2019년 10월 18일 21시,금요일,서울특별시 강서구 화곡동,부상신고사고,0,0,0,1,차대사람 - 기타,안전운전불이행,포장 - 건조,맑음,기타 - 기타,이륜,남,33세,상해없음,보행자,여,7세,부상신고
2019101800100801,2019년 10월 18일 22시,금요일,서울특별시 강서구 염창동,중상사고,0,1,0,0,차대차 - 후진중충돌,안전운전불이행,포장 - 건조,맑음,단일로 - 기타,승용,남,47세,상해없음,자전거,남,24세,중상
2019101900100054,2019년 10월 19일 01시,토요일,서울특별시 강서구 공항동,부상신고사고,0,0,0,1,차량단독 - 공작물충돌,안전운전불이행,포장 - 건조,맑음,교차로 - 교차로부근,승용,남,30세,부상신고,,,,
2019101900100179,2019년 10월 19일 09시,토요일,서울특별시 강서구 마곡동,경상사고,0,0,1,0,차대차 - 추돌,안전운전불이행,포장 - 건조,맑음,단일로 - 기타,승용,여,61세,상해없음,승용,남,20세,경상
2019101900100583,2019년 10월 19일 19시,토요일,서울특별시 강서구 화곡동,중상사고,0,1,0,0,차대차 - 기타,신호위반,포장 - 건조,맑음,교차로 - 교차로안,이륜,남,24세,상해없음,이륜,남,43세,중상
2019102000100032,2019년 10월 20일 00시,일요일,서울특별시 강서구 마곡동,경상사고,0,0,1,0,차대차 - 측면충돌,기타,포장 - 건조,흐림,교차로 - 교차로부근,승용,남,56세,상해없음,이륜,남,17세,경상
2019102000100097,2019년 10월 20일 06시,일요일,서울특별시 강서구 외발산동,중상사고,0,1,0,0,차대차 - 측면충돌,신호위반,포장 - 건조,흐림,교차로 - 교차로횡단보도내,승용,남,63세,상해없음,자전거,남,25세,중상
2019102000100098,2019년 10월 20일 06시,일요일,서울특별시 강서구 화곡동,중상사고,0,1,0,0,차대사람 - 횡단중,안전운전불이행,포장 - 건조,맑음,단일로 - 기타,승용,남,53세,상해없음,보행자,남,61세,중상
2019102000100195,2019년 10월 20일 12시,일요일,서울특별시 강서구 화곡동,경상사고,0,0,1,0,차대사람 - 기타,안전운전불이행,포장 - 건조,맑음,단일로 - 기타,승합,남,53세,기타불명,보행자,여,26세,경상
2019102100100385,2019년 10월 21일 14시,월요일,서울특별시 강서구 방화동,경상사고,0,0,1,0,차량단독 - 기타,신호위반,포장 - 건조,맑음,교차로 - 교차로안,승합,남,54세,상해없음,,,,
2019102100100459,2019년 10월 21일 16시,월요일,서울특별시 강서구 염창동,경상사고,0,0,2,0,차대차 - 기타,안전운전불이행,포장 - 건조,맑음,교차로 - 교차로안,승용,남,47세,경상,승용,여,40세,경상
2019102100100676,2019년 10월 21일 21시,월요일,서울특별시 강서구 방화동,경상사고,0,0,1,0,차대차 - 측면충돌,안전운전불이행,포장 - 건조,기타,교차로 - 교차로안,승용,여,58세,상해없음,이륜,남,35세,경상
2019102200100186,2019년 10월 22일 09시,화요일,서울특별시 강서구 방화동,중상사고,0,1,0,0,차대차 - 측면충돌,안전운전불이행,포장 - 기타,맑음,교차로 - 교차로안,승용,남,49세,상해없음,승용,여,41세,중상
2019102200100246,2019년 10월 22일 11시,화요일,서울특별시 강서구 화곡동,경상사고,0,0,1,0,차대사람 - 기타,안전운전불이행,포장 - 건조,맑음,단일로 - 기타,기타불명,기타불명,미분류,기타불명,보행자,여,75세,경상
2019102200100518,2019년 10월 22일 18시,화요일,서울특별시 강서구 염창동,경상사고,0,0,2,0,차대차 - 측면충돌,안전거리미확보,포장 - 건조,맑음,교차로 - 교차로부근,승용,남,49세,기타불명,승용,남,34세,경상
2019102200100593,2019년 10월 22일 19시,화요일,서울특별시 강서구 등촌동,경상사고,0,0,1,0,차대사람 - 기타,안전운전불이행,포장 - 건조,맑음,단일로 - 기타,화물,남,48세,상해없음,보행자,남,27세,경상
2019102200100682,2019년 10월 22일 21시,화요일,서울특별시 강서구 방화동,중상사고,0,1,0,0,차대차 - 측면충돌,신호위반,포장 - 건조,맑음,교차로 - 교차로안,개인형이동수단(PM),남,35세,중상,화물,남,35세,상해없음
2019102300100059,2019년 10월 23일 02시,수요일,서울특별시 강서구 화곡동,사망사고,1,0,0,0,차대사람 - 횡단중,과속,포장 - 건조,맑음,단일로 - 기타,승용,남,62세,상해없음,보행자,남,65세,사망
2019102300100125,2019년 10월 23일 08시,수요일,서울특별시 강서구 화곡동,중상사고,0,1,0,0,차대사람 - 기타,안전운전불이행,포장 - 건조,맑음,단일로 - 기타,승합,남,59세,상해없음,보행자,여,67세,중상
2019102300100225,2019년 10월 23일 11시,수요일,서울특별시 강서구 등촌동,경상사고,0,0,1,0,차대차 - 추돌,안전운전불이행,포장 - 건조,맑음,단일로 - 기타,승용,남,63세,상해없음,화물,남,47세,상해없음
2019102300100226,2019년 10월 23일 11시,수요일,서울특별시 강서구 방화동,경상사고,0,0,1,0,차대차 - 측면충돌,신호위반,포장 - 건조,맑음,교차로 - 교차로안,이륜,남,42세,경상,승용,남,21세,상해없음
2019102300100352,2019년 10월 23일 15시,수요일,서울특별시 강서구 방화동,중상사고,0,1,1,0,차대차 - 정면충돌,중앙선침범,포장 - 건조,맑음,단일로 - 기타,승용,남,57세,상해없음,화물,남,39세,중상
2019102300100430,2019년 10월 23일 17시,수요일,서울특별시 강서구 개화동,경상사고,0,0,1,0,차대차 - 측면충돌,안전운전불이행,포장 - 건조,맑음,단일로 - 기타,승용,여,58세,기타불명,이륜,남,27세,경상
2019102400100130,2019년 10월 24일 08시,목요일,서울특별시 강서구 등촌동,경상사고,0,0,1,0,차대차 - 측면충돌,안전거리미확보,포장 - 건조,맑음,단일로 - 기타,승용,여,44세,상해없음,승용,여,56세,경상
2019102400100269,2019년 10월 24일 12시,목요일,서울특별시 강서구 등촌동,경상사고,0,0,1,1,차대차 - 추돌,안전운전불이행,포장 - 건조,맑음,단일로 - 기타,화물,남,65세,상해없음,승용,여,32세,부상신고
2019102400100313,2019년 10월 24일 13시,목요일,서울특별시 강서구 가양동,경상사고,0,0,1,0,차대차 - 기타,안전거리미확보,포장 - 건조,맑음,단일로 - 기타,승용,남,66세,상해없음,승용,여,59세,경상
2019102400100659,2019년 10월 24일 20시,목요일,서울특별시 강서구 화곡동,경상사고,0,0,3,0,차대차 - 측면충돌,안전운전불이행,포장 - 기타,맑음,교차로 - 교차로안,승용,남,77세,상해없음,승용,남,61세,경상
2019102400100699,2019년 10월 24일 21시,목요일,서울특별시 강서구 마곡동,경상사고,0,0,1,0,차량단독 - 기타,기타,포장 - 건조,맑음,단일로 - 기타,승합,남,60세,상해없음,,,,
2019102400100725,2019년 10월 24일 22시,목요일,서울특별시 강서구 염창동,부상신고사고,0,0,0,1,차대차 - 기타,안전운전불이행,포장 - 건조,맑음,교차로 - 교차로안,기타불명,기타불명,미분류,기타불명,승합,남,58세,상해없음
2019102500100049,2019년 10월 25일 01시,금요일,서울특별시 강서구 화곡동,경상사고,0,0,1,0,차대차 - 측면충돌,안전운전불이행,포장 - 건조,맑음,단일로 - 기타,승용,남,25세,상해없음,승용,여,34세,경상
2019102500100355,2019년 10월 25일 14시,금요일,서울특별시 강서구 화곡동,경상사고,0,0,1,0,차대차 - 기타,안전운전불이행,포장 - 건조,맑음,교차로 - 교차로안,이륜,남,55세,상해없음,승용,남,25세,경상
2019102500100814,2019년 10월 25일 23시,금요일,서울특별시 강서구 내발산동,경상사고,0,0,1,0,차대차 - 측면충돌,안전운전불이행,포장 - 건조,맑음,교차로 - 교차로안,승용,여,46세,상해없음,승용,여,55세,경상
2019102600100028,2019년 10월 26일 00시,토요일,서울특별시 강서구 화곡동,경상사고,0,0,1,0,차대차 - 측면충돌,교차로운행방법위반,포장 - 건조,맑음,교차로 - 교차로안,승용,남,69세,상해없음,이륜,여,32세,경상
2019102600100074,2019년 10월 26일 04시,토요일,서울특별시 강서구 마곡동,경상사고,0,0,1,0,차대차 - 추돌,안전운전불이행,포장 - 건조,맑음,단일로 - 기타,승용,남,56세,상해없음,승용,남,42세,경상
2019102600100086,2019년 10월 26일 05시,토요일,서울특별시 강서구 내발산동,부상신고사고,0,0,0,1,차대차 - 기타,신호위반,포장 - 건조,맑음,단일로 - 기타,승용,남,68세,부상신고,승용,남,34세,상해없음
2019102600100271,2019년 10월 26일 12시,토요일,서울특별시 강서구 마곡동,경상사고,0,0,1,0,차대차 - 기타,신호위반,포장 - 건조,맑음,단일로 - 기타,이륜,남,17세,경상,승합,여,49세,상해없음
2019102600100402,2019년 10월 26일 15시,토요일,서울특별시 강서구 화곡동,경상사고,0,0,1,0,차대차 - 기타,안전운전불이행,포장 - 건조,맑음,단일로 - 기타,승용,남,47세,상해없음,승용,남,72세,경상
2019102600100478,2019년 10월 26일 17시,토요일,서울특별시 강서구 외발산동,경상사고,0,0,2,0,차대차 - 추돌,안전운전불이행,포장 - 건조,기타,단일로 - 기타,승용,남,64세,상해없음,승용,남,44세,경상
2019102600100524,2019년 10월 26일 18시,토요일,서울특별시 강서구 마곡동,부상신고사고,0,0,0,1,차대차 - 기타,직진우회전진행방해,포장 - 건조,맑음,교차로 - 교차로안,이륜,남,19세,부상신고,이륜,남,38세,상해없음
2019102700100032,2019년 10월 27일 00시,일요일,서울특별시 강서구 등촌동,경상사고,0,0,2,0,차대차 - 추돌,안전거리미확보,포장 - 건조,맑음,단일로 - 기타,승용,남,54세,상해없음,승용,남,25세,경상
2019102700100144,2019년 10월 27일 08시,일요일,서울특별시 강서구 화곡동,경상사고,0,0,1,0,차대사람 - 기타,기타,포장 - 건조,맑음,기타 - 기타,승합,남,38세,상해없음,보행자,여,50세,경상
2019102700100467,2019년 10월 27일 18시,일요일,서울특별시 강서구 방화동,중상사고,0,1,0,0,차대사람 - 횡단중,안전운전불이행,포장 - 건조,맑음,단일로 - 기타,승용,남,68세,상해없음,보행자,여,77세,중상
2019102700100520,2019년 10월 27일 19시,일요일,서울특별시 강서구 방화동,경상사고,0,0,1,0,차대차 - 기타,중앙선침범,포장 - 건조,흐림,교차로 - 교차로안,승용,남,52세,상해없음,승용,남,26세,경상
2019102800100025,2019년 10월 28일 00시,월요일,서울특별시 강서구 마곡동,경상사고,0,0,1,0,차대차 - 기타,안전운전불이행,포장 - 건조,맑음,단일로 - 기타,승용,여,21세,상해없음,승용,여,50세,경상
2019102800100055,2019년 10월 28일 05시,월요일,서울특별시 강서구 공항동,사망사고,1,0,0,0,차대사람 - 차도통행중,안전운전불이행,포장 - 건조,맑음,교차로 - 교차로부근,승용,남,61세,상해없음,보행자,여,82세,사망
2019102800100194,2019년 10월 28일 10시,월요일,서울특별시 강서구 화곡동,경상사고,0,0,2,0,차대차 - 측면충돌,안전운전불이행,포장 - 건조,맑음,교차로 - 교차로안,승용,여,51세,상해없음,승용,남,63세,경상
2019102800100284,2019년 10월 28일 12시,월요일,서울특별시 강서구 화곡동,경상사고,0,0,1,0,차대사람 - 횡단중,보행자보호의무위반,포장 - 건조,맑음,교차로 - 교차로횡단보도내,승용,여,36세,상해없음,보행자,여,79세,경상
2019102800100392,2019년 10월 28일 15시,월요일,서울특별시 강서구 방화동,사망사고,1,0,2,0,차대차 - 측면충돌,과속,포장 - 건조,맑음,교차로 - 교차로안,승용,남,21세,경상,승용,남,76세,사망
2019102800100393,2019년 10월 28일 15시,월요일,서울특별시 강서구 마곡동,경상사고,0,0,1,0,차대차 - 기타,안전거리미확보,포장 - 건조,맑음,단일로 - 기타,승용,남,72세,상해없음,화물,남,51세,경상
2019102800100474,2019년 10월 28일 17시,월요일,서울특별시 강서구 염창동,경상사고,0,0,1,0,차대차 - 기타,신호위반,포장 - 건조,맑음,교차로 - 교차로안,기타불명,기타불명,미분류,기타불명,승합,남,61세,상해없음
2019102800100627,2019년 10월 28일 20시,월요일,서울특별시 강서구 마곡동,경상사고,0,0,1,0,차대차 - 측면충돌,안전운전불이행,포장 - 기타,기타,교차로 - 교차로안,이륜,남,30세,경상,승용,남,57세,상해없음
2019102800100660,2019년 10월 28일 21시,월요일,서울특별시 강서구 가양동,경상사고,0,0,1,0,차대차 - 기타,안전거리미확보,포장 - 젖음/습기,비,단일로 - 기타,기타불명,기타불명,미분류,기타불명,원동기,남,24세,경상
2019102800100661,2019년 10월 28일 21시,월요일,서울특별시 강서구 등촌동,중상사고,0,1,0,0,차대사람 - 횡단중,신호위반,포장 - 젖음/습기,비,단일로 - 기타,승용,여,41세,상해없음,보행자,여,50세,중상
2019102800100707,2019년 10월 28일 23시,월요일,서울특별시 강서구 가양동,중상사고,0,1,0,0,차대차 - 추돌,안전운전불이행,포장 - 기타,맑음,교차로 - 교차로부근,승용,남,39세,상해없음,승용,남,62세,중상
2019102900100066,2019년 10월 29일 05시,화요일,서울특별시 강서구 마곡동,경상사고,0,0,1,0,차대사람 - 횡단중,보행자보호의무위반,포장 - 건조,맑음,교차로 - 교차로횡단보도내,화물,남,54세,상해없음,보행자,여,23세,경상
2019102900100393,2019년 10월 29일 15시,화요일,서울특별시 강서구 가양동,경상사고,0,0,1,0,차대차 - 기타,안전운전불이행,포장 - 건조,맑음,기타 - 기타,화물,남,53세,상해없음,승용,남,33세,경상
2019102900100492,2019년 10월 29일 17시,화요일,서울특별시 강서구 화곡동,경상사고,0,0,1,0,차대사람 - 횡단중,보행자보호의무위반,포장 - 건조,맑음,교차로 - 교차로안,화물,남,58세,상해없음,보행자,여,9세,경상
2019102900100673,2019년 10월 29일 21시,화요일,서울특별시 강서구 내발산동,중상사고,0,1,0,0,차대사람 - 차도통행중,안전운전불이행,포장 - 건조,맑음,교차로 - 교차로안,승용,남,34세,상해없음,보행자,여,60세,중상
2019103000100035,2019년 10월 30일 00시,수요일,서울특별시 강서구 방화동,경상사고,0,0,1,0,차대차 - 기타,안전운전불이행,포장 - 건조,맑음,교차로 - 교차로부근,승용,남,23세,상해없음,원동기,남,28세,경상
2019103000100064,2019년 10월 30일 03시,수요일,서울특별시 강서구 화곡동,중상사고,0,2,0,0,차대차 - 기타,신호위반,포장 - 건조,맑음,교차로 - 교차로부근,승용,남,37세,상해없음,이륜,남,27세,중상
2019103000100092,2019년 10월 30일 06시,수요일,서울특별시 강서구 화곡동,경상사고,0,0,2,0,차대차 - 추돌,안전거리미확보,포장 - 건조,맑음,단일로 - 기타,승용,남,41세,상해없음,승용,남,41세,경상
2019103000100313,2019년 10월 30일 12시,수요일,서울특별시 강서구 마곡동,중상사고,0,1,0,0,차대차 - 측면충돌,중앙선침범,포장 - 건조,맑음,교차로 - 교차로안,이륜,여,31세,중상,승용,남,30세,상해없음
2019103000100800,2019년 10월 30일 23시,수요일,서울특별시 강서구 외발산동,경상사고,0,0,2,0,차대차 - 측면충돌,안전운전불이행,포장 - 건조,맑음,단일로 - 기타,승용,남,25세,상해없음,승용,남,35세,경상
2019103100100168,2019년 10월 31일 09시,목요일,서울특별시 강서구 화곡동,경상사고,0,0,1,0,차대차 - 측면충돌,안전운전불이행,포장 - 건조,맑음,교차로 - 교차로안,승합,남,59세,상해없음,승용,남,46세,경상
2019103100100207,2019년 10월 31일 10시,목요일,서울특별시 강서구 가양동,중상사고,0,1,0,0,차대차 - 측면충돌,중앙선침범,포장 - 건조,맑음,단일로 - 기타,승용,여,39세,상해없음,이륜,남,45세,중상
2019103100100240,2019년 10월 31일 11시,목요일,서울특별시 강서구 가양동,경상사고,0,0,1,0,차대사람 - 횡단중,안전운전불이행,포장 - 건조,맑음,단일로 - 기타,화물,남,47세,상해없음,보행자,남,65세,경상
2019103100100314,2019년 10월 31일 13시,목요일,서울특별시 강서구 가양동,중상사고,0,1,0,0,차대차 - 측면충돌,신호위반,포장 - 기타,맑음,교차로 - 교차로안,이륜,남,26세,상해없음,승용,여,45세,중상
2019103100100535,2019년 10월 31일 18시,목요일,서울특별시 강서구 화곡동,경상사고,0,0,1,0,차량단독 - 기타,안전운전불이행,포장 - 건조,맑음,단일로 - 기타,승합,남,64세,상해없음,,,,
2019103100100730,2019년 10월 31일 23시,목요일,서울특별시 강서구 방화동,중상사고,0,1,0,0,차대차 - 정면충돌,중앙선침범,포장 - 건조,맑음,단일로 - 기타,승합,남,58세,상해없음,이륜,남,18세,중상
2019110100100273,2019년 11월 1일 11시,금요일,서울특별시 강서구 화곡동,경상사고,0,0,1,0,차대사람 - 길가장자리구역통행중,안전운전불이행,포장 - 건조,기타,기타 - 기타,승용,남,87세,상해없음,보행자,여,72세,경상
2019110100100398,2019년 11월 1일 14시,금요일,서울특별시 강서구 가양동,중상사고,0,1,0,0,차대사람 - 횡단중,보행자보호의무위반,포장 - 건조,맑음,교차로 - 교차로안,승용,남,61세,상해없음,보행자,남,67세,중상
2019110100100523,2019년 11월 1일 17시,금요일,서울특별시 강서구 가양동,중상사고,0,1,0,0,차대사람 - 기타,안전운전불이행,포장 - 기타,맑음,단일로 - 기타,승용,남,68세,기타불명,보행자,남,64세,중상
2019110100100648,2019년 11월 1일 19시,금요일,서울특별시 강서구 가양동,경상사고,0,0,1,0,차대사람 - 횡단중,신호위반,포장 - 건조,맑음,교차로 - 교차로안,승용,여,45세,기타불명,보행자,남,13세,경상
2019110200100043,2019년 11월 2일 01시,토요일,서울특별시 강서구 화곡동,경상사고,0,0,3,0,차대차 - 추돌,안전운전불이행,포장 - 건조,흐림,단일로 - 기타,승용,남,64세,상해없음,승용,남,57세,경상
2019110200100344,2019년 11월 2일 13시,토요일,서울특별시 강서구 방화동,경상사고,0,0,2,0,차대차 - 추돌,안전운전불이행,포장 - 건조,맑음,단일로 - 기타,화물,남,58세,상해없음,승용,남,30세,경상