사고번호,사고일시,요일,시군구,사고내용,사망자수,중상자수,경상자수,부상신고자수,사고유형,법규위반,노면상태,기상상태,도로형태,가해운전자 차종,가해운전자 성별,가해운전자 연령,가해운전자 상해정도,피해운전자 차종,피해운전자 성별,피해운전자 연령,피해운전자 상해정도
2019121600100313,2019년 12월 16일 13시,월요일,서울특별시 강서구 마곡동,중상사고,0,1,0,0,차대차 - 측면충돌,신호위반,포장 - 건조,맑음,교차로 - 교차로안,화물,남,66세,상해없음,이륜,남,86세,중상
2019121600100379,2019년 12월 16일 15시,월요일,서울특별시 강서구 방화동,중상사고,0,1,1,1,차대차 - 추돌,안전운전불이행,포장 - 건조,맑음,교차로 - 교차로부근,이륜,남,33세,부상신고,화물,남,63세,상해없음
2019121600100613,2019년 12월 16일 20시,월요일,서울특별시 강서구 개화동,경상사고,0,0,1,0,차대차 - 추돌,안전운전불이행,포장 - 건조,흐림,단일로 - 기타,화물,남,25세,상해없음,승용,남,36세,경상
2019121700100114,2019년 12월 17일 08시,화요일,서울특별시 강서구 방화동,부상신고사고,0,0,0,1,차대차 - 측면충돌,안전거리미확보,포장 - 기타,맑음,단일로 - 기타,승합,남,34세,상해없음,승합,남,56세,상해없음
2019121700100224,2019년 12월 17일 11시,화요일,서울특별시 강서구 마곡동,경상사고,0,0,1,0,차대차 - 측면충돌,안전운전불이행,포장 - 젖음/습기,비,교차로 - 교차로횡단보도내,승용,여,29세,상해없음,자전거,남,78세,경상
2019121700100282,2019년 12월 17일 13시,화요일,서울특별시 강서구 화곡동,경상사고,0,0,1,0,차대차 - 측면충돌,안전거리미확보,포장 - 건조,맑음,단일로 - 기타,승용,여,49세,상해없음,승용,남,44세,경상
2019121700100379,2019년 12월 17일 16시,화요일,서울특별시 강서구 가양동,경상사고,0,0,1,0,차대차 - 기타,안전운전불이행,포장 - 건조,맑음,단일로 - 기타,승용,남,71세,상해없음,이륜,남,60세,경상
2019121700100421,2019년 12월 17일 17시,화요일,서울특별시 강서구 마곡동,경상사고,0,0,2,1,차대차 - 측면충돌,안전거리미확보,포장 - 건조,맑음,단일로 - 기타,승합,남,56세,부상신고,승용,남,38세,경상
2019121700100457,2019년 12월 17일 18시,화요일,서울특별시 강서구 등촌동,부상신고사고,0,0,0,1,차대차 - 기타,중앙선침범,포장 - 건조,맑음,교차로 - 교차로안,원동기,남,23세,부상신고,승용,남,53세,상해없음
2019121800100163,2019년 12월 18일 10시,수요일,서울특별시 강서구 화곡동,경상사고,0,0,3,0,차대차 - 기타,신호위반,포장 - 기타,맑음,교차로 - 교차로안,승용,남,59세,상해없음,이륜,남,35세,경상
2019121800100164,2019년 12월 18일 10시,수요일,서울특별시 강서구 방화동,경상사고,0,0,5,0,차대차 - 측면충돌,안전거리미확보,포장 - 건조,맑음,단일로 - 기타,승용,여,47세,경상,승용,여,34세,경상
2019121800100284,2019년 12월 18일 14시,수요일,서울특별시 강서구 가양동,경상사고,0,0,2,0,차대차 - 측면충돌,안전운전불이행,포장 - 건조,맑음,교차로 - 교차로부근,승용,남,56세,상해없음,승용,남,43세,경상
2019121800100370,2019년 12월 18일 17시,수요일,서울특별시 강서구 화곡동,경상사고,0,0,1,0,차대사람 - 횡단중,보행자보호의무위반,포장 - 건조,맑음,교차로 - 교차로횡단보도내,승용,여,33세,상해없음,보행자,남,16세,경상
2019121800100413,2019년 12월 18일 18시,수요일,서울특별시 강서구 화곡동,경상사고,0,0,3,0,차대사람 - 기타,안전운전불이행,포장 - 건조,맑음,단일로 - 기타,승용,여,18세,경상,보행자,남,30세,경상
2019121900100194,2019년 12월 19일 10시,목요일,서울특별시 강서구 마곡동,경상사고,0,0,1,0,차대차 - 기타,안전운전불이행,포장 - 건조,맑음,단일로 - 기타,이륜,남,52세,경상,승용,남,49세,상해없음
2019121900100337,2019년 12월 19일 14시,목요일,서울특별시 강서구 방화동,중상사고,0,1,0,0,차대차 - 기타,안전운전불이행,포장 - 건조,맑음,단일로 - 기타,자전거,남,12세,중상,승용,여,32세,상해없음
2019121900100441,2019년 12월 19일 17시,목요일,서울특별시 강서구 염창동,경상사고,0,0,1,0,차대차 - 측면충돌,직진우회전진행방해,포장 - 건조,맑음,교차로 - 교차로안,승용,여,30세,상해없음,자전거,남,40세,경상
2019121900100549,2019년 12월 19일 19시,목요일,서울특별시 강서구 화곡동,경상사고,0,0,2,0,차대차 - 기타,안전운전불이행,포장 - 건조,맑음,교차로 - 교차로안,승용,여,37세,상해없음,승용,남,24세,경상
2019121900100550,2019년 12월 19일 19시,목요일,서울특별시 강서구 내발산동,경상사고,0,0,1,0,차대차 - 측면충돌,안전운전불이행,포장 - 건조,맑음,교차로 - 교차로안,승용,남,41세,상해없음,이륜,남,39세,경상
2019121900100654,2019년 12월 19일 22시,목요일,서울특별시 강서구 등촌동,중상사고,0,1,0,0,차대사람 - 횡단중,안전운전불이행,포장 - 건조,맑음,교차로 - 교차로횡단보도내,승용,남,33세,상해없음,보행자,남,38세,중상
2019122000100027,2019년 12월 20일 00시,금요일,서울특별시 강서구 화곡동,경상사고,0,0,3,0,차대차 - 측면충돌,안전운전불이행,포장 - 건조,기타,교차로 - 교차로안,승용,남,45세,경상,승용,여,43세,상해없음
2019122000100060,2019년 12월 20일 03시,금요일,서울특별시 강서구 공항동,경상사고,0,0,1,0,차대차 - 측면충돌,안전운전불이행,포장 - 건조,흐림,단일로 - 기타,기타불명,기타불명,미분류,기타불명,승용,남,60세,상해없음
2019122000100082,2019년 12월 20일 06시,금요일,서울특별시 강서구 화곡동,경상사고,0,0,2,0,차대차 - 측면충돌,안전운전불이행,포장 - 건조,맑음,교차로 - 교차로안,승용,남,64세,상해없음,승용,남,64세,경상
2019122000100240,2019년 12월 20일 12시,금요일,서울특별시 강서구 화곡동,경상사고,0,0,1,0,차대사람 - 기타,안전운전불이행,포장 - 건조,맑음,교차로 - 교차로안,화물,남,64세,상해없음,보행자,여,63세,경상
2019122000100268,2019년 12월 20일 13시,금요일,서울특별시 강서구 마곡동,경상사고,0,0,1,0,차대차 - 기타,안전운전불이행,포장 - 건조,맑음,교차로 - 교차로안,화물,남,64세,상해없음,승합,남,64세,경상
2019122000100497,2019년 12월 20일 18시,금요일,서울특별시 강서구 화곡동,중상사고,0,1,2,0,차대차 - 측면충돌,신호위반,포장 - 건조,맑음,기타 - 기타,승용,여,54세,상해없음,이륜,남,17세,중상
2019122000100621,2019년 12월 20일 20시,금요일,서울특별시 강서구 방화동,중상사고,0,1,0,0,차대차 - 추돌,안전운전불이행,포장 - 건조,흐림,단일로 - 기타,승합,남,56세,상해없음,승용,남,34세,중상
2019122000100687,2019년 12월 20일 22시,금요일,서울특별시 강서구 화곡동,경상사고,0,0,2,0,차대차 - 측면충돌,안전거리미확보,포장 - 건조,맑음,단일로 - 기타,이륜,남,23세,경상,승합,남,49세,경상
2019122100100077,2019년 12월 21일 02시,토요일,서울특별시 강서구 마곡동,경상사고,0,0,1,0,차대차 - 추돌,안전운전불이행,포장 - 건조,맑음,교차로 - 교차로부근,승용,여,45세,상해없음,승용,남,27세,경상
2019122100100093,2019년 12월 21일 03시,토요일,서울특별시 강서구 화곡동,경상사고,0,0,1,0,차대차 - 기타,직진우회전진행방해,포장 - 건조,맑음,교차로 - 교차로안,승용,여,55세,상해없음,승용,남,51세,경상
2019122100100169,2019년 12월 21일 09시,토요일,서울특별시 강서구 화곡동,중상사고,0,1,0,0,차대사람 - 횡단중,안전운전불이행,포장 - 건조,맑음,교차로 - 교차로안,승용,남,66세,상해없음,보행자,여,63세,중상
2019122100100217,2019년 12월 21일 11시,토요일,서울특별시 강서구 내발산동,경상사고,0,0,1,0,차대차 - 측면충돌,안전운전불이행,포장 - 건조,맑음,단일로 - 기타,승용,남,42세,상해없음,승용,남,35세,경상
2019122100100240,2019년 12월 21일 12시,토요일,서울특별시 강서구 방화동,중상사고,0,1,0,0,차대차 - 측면충돌,안전운전불이행,포장 - 건조,흐림,단일로 - 기타,승용,남,31세,상해없음,개인형이동수단(PM),남,40세,중상
2019122100100437,2019년 12월 21일 18시,토요일,서울특별시 강서구 화곡동,경상사고,0,0,1,0,차대사람 - 횡단중,보행자보호의무위반,포장 - 건조,맑음,교차로 - 교차로안,승용,남,38세,상해없음,보행자,남,65세,경상
2019122100100502,2019년 12월 21일 19시,토요일,서울특별시 강서구 화곡동,경상사고,0,0,1,0,차대차 - 기타,안전운전불이행,포장 - 건조,맑음,교차로 - 교차로안,승용,남,39세,상해없음,승합,남,39세,상해없음
2019122100100567,2019년 12월 21일 21시,토요일,서울특별시 강서구 등촌동,경상사고,0,0,1,0,차대차 - 기타,안전운전불이행,포장 - 서리/결빙,흐림,교차로 - 교차로부근,이륜,남,49세,경상,승용,남,25세,상해없음
2019122100100589,2019년 12월 21일 22시,토요일,서울특별시 강서구 마곡동,중상사고,0,1,0,0,차대사람 - 기타,안전운전불이행,포장 - 건조,맑음,단일로 - 기타,승용,남,61세,상해없음,보행자,여,32세,중상
2019122100100590,2019년 12월 21일 22시,토요일,서울특별시 강서구 염창동,경상사고,0,0,1,0,차대차 - 측면충돌,안전운전불이행,포장 - 건조,맑음,단일로 - 기타,승용,여,60세,상해없음,승용,남,52세,경상
2019122200100035,2019년 12월 22일 00시,일요일,서울특별시 강서구 화곡동,경상사고,0,0,1,0,차대차 - 측면충돌,안전운전불이행,포장 - 서리/결빙,흐림,단일로 - 기타,승용,남,33세,상해없음,승용,남,26세,경상
2019122200100077,2019년 12월 22일 02시,일요일,서울특별시 강서구 방화동,경상사고,0,0,3,0,차대차 - 측면충돌,신호위반,포장 - 건조,맑음,교차로 - 교차로안,승용,남,29세,기타불명,승용,여,45세,경상
2019122200100116,2019년 12월 22일 06시,일요일,서울특별시 강서구 화곡동,경상사고,0,0,1,0,차대차 - 측면충돌,안전운전불이행,포장 - 건조,맑음,교차로 - 교차로안,승용,남,50세,기타불명,이륜,남,28세,경상
2019122200100231,2019년 12월 22일 13시,일요일,서울특별시 강서구 화곡동,중상사고,0,1,0,0,차대사람 - 차도통행중,안전운전불이행,포장 - 건조,맑음,교차로 - 교차로안,승용,남,39세,상해없음,보행자,남,58세,중상
2019122200100340,2019년 12월 22일 17시,일요일,서울특별시 강서구 마곡동,중상사고,0,1,1,0,차대차 - 측면충돌,신호위반,포장 - 건조,맑음,교차로 - 교차로안,승용,여,74세,경상,이륜,남,47세,중상
2019122200100377,2019년 12월 22일 18시,일요일,서울특별시 강서구 방화동,중상사고,0,1,0,0,차대차 - 측면충돌,안전운전불이행,포장 - 건조,맑음,교차로 - 교차로안,승합,남,61세,상해없음,자전거,남,64세,중상
2019122300100193,2019년 12월 23일 10시,월요일,서울특별시 강서구 등촌동,경상사고,0,0,1,0,차대차 - 기타,안전거리미확보,포장 - 건조,맑음,교차로 - 교차로안,승용,남,68세,상해없음,승용,남,58세,상해없음
2019122300100227,2019년 12월 23일 11시,월요일,서울특별시 강서구 화곡동,경상사고,0,0,1,0,차대차 - 기타,직진우회전진행방해,포장 - 젖음/습기,흐림,교차로 - 교차로안,승용,남,56세,상해없음,승용,남,50세,경상
2019122300100228,2019년 12월 23일 11시,월요일,서울특별시 강서구 가양동,경상사고,0,0,1,0,차대차 - 측면충돌,안전거리미확보,포장 - 건조,맑음,단일로 - 기타,승용,여,36세,기타불명,승용,남,53세,경상
2019122300100359,2019년 12월 23일 15시,월요일,서울특별시 강서구 화곡동,중상사고,0,1,0,0,차대사람 - 횡단중,보행자보호의무위반,포장 - 건조,맑음,단일로 - 기타,개인형이동수단(PM),남,53세,상해없음,보행자,여,61세,중상
2019122300100433,2019년 12월 23일 17시,월요일,서울특별시 강서구 등촌동,경상사고,0,0,1,0,차대사람 - 기타,안전운전불이행,포장 - 건조,맑음,단일로 - 기타,승용,여,30세,상해없음,보행자,여,20세,경상
2019122400100035,2019년 12월 24일 00시,화요일,서울특별시 강서구 개화동,경상사고,0,0,2,0,차대차 - 후진중충돌,불법유턴,포장 - 건조,맑음,기타 - 기타,승용,남,43세,상해없음,승용,남,43세,경상
2019122400100114,2019년 12월 24일 07시,화요일,서울특별시 강서구 화곡동,경상사고,0,0,2,0,차대차 - 측면충돌,안전운전불이행,포장 - 건조,기타,교차로 - 교차로안,승용,남,27세,경상,승용,남,61세,경상
2019122500100112,2019년 12월 25일 09시,수요일,서울특별시 강서구 개화동,경상사고,0,0,1,0,차대차 - 기타,안전운전불이행,포장 - 건조,맑음,교차로 - 교차로안,자전거,남,23세,경상,승용,남,33세,상해없음
2019122500100362,2019년 12월 25일 19시,수요일,서울특별시 강서구 방화동,경상사고,0,0,1,0,차대차 - 기타,안전운전불이행,포장 - 건조,맑음,단일로 - 기타,승용,남,63세,상해없음,원동기,남,22세,경상
2019122600100080,2019년 12월 26일 07시,목요일,서울특별시 강서구 화곡동,경상사고,0,0,1,0,차대사람 - 기타,안전운전불이행,포장 - 건조,맑음,단일로 - 기타,승용,남,54세,상해없음,보행자,남,28세,경상
2019122600100081,2019년 12월 26일 07시,목요일,서울특별시 강서구 화곡동,경상사고,0,0,2,0,차대차 - 추돌,안전거리미확보,포장 - 건조,흐림,교차로 - 교차로부근,승용,남,47세,상해없음,화물,남,56세,경상
2019122600100299,2019년 12월 26일 14시,목요일,서울특별시 강서구 화곡동,중상사고,0,1,0,0,차대차 - 측면충돌,안전운전불이행,포장 - 기타,맑음,교차로 - 교차로안,승용,남,45세,상해없음,이륜,남,60세,중상
2019122600100590,2019년 12월 26일 22시,목요일,서울특별시 강서구 방화동,중상사고,0,1,2,0,차대차 - 정면충돌,중앙선침범,포장 - 건조,흐림,교차로 - 교차로부근,승용,남,51세,상해없음,승용,남,43세,경상
2019122700100025,2019년 12월 27일 00시,금요일,서울특별시 강서구 마곡동,경상사고,0,0,1,0,차대차 - 기타,안전운전불이행,포장 - 건조,맑음,교차로 - 교차로안,이륜,남,29세,경상,승용,남,66세,상해없음
2019122700100053,2019년 12월 27일 02시,금요일,서울특별시 강서구 화곡동,경상사고,0,0,1,1,차대차 - 추돌,안전운전불이행,포장 - 건조,맑음,단일로 - 기타,승용,남,32세,상해없음,화물,남,51세,부상신고
2019122700100156,2019년 12월 27일 09시,금요일,서울특별시 강서구 가양동,경상사고,0,0,1,0,차대차 - 측면충돌,안전운전불이행,포장 - 건조,맑음,교차로 - 교차로안,승용,여,36세,상해없음,자전거,여,59세,경상
2019122700100187,2019년 12월 27일 10시,금요일,서울특별시 강서구 마곡동,경상사고,0,0,1,0,차대차 - 추돌,안전운전불이행,포장 - 건조,맑음,단일로 - 기타,승용,남,78세,상해없음,승용,남,57세,경상
2019122700100519,2019년 12월 27일 19시,금요일,서울특별시 강서구 공항동,중상사고,0,1,0,0,차대사람 - 횡단중,안전운전불이행,포장 - 건조,맑음,단일로 - 기타,승합,남,62세,기타불명,보행자,남,65세,중상
2019122800100151,2019년 12월 28일 09시,토요일,서울특별시 강서구 화곡동,중상사고,0,1,0,0,차대차 - 기타,안전운전불이행,포장 - 건조,맑음,단일로 - 기타,승용,남,64세,상해없음,이륜,남,16세,중상
2019122800100486,2019년 12월 28일 20시,토요일,서울특별시 강서구 등촌동,중상사고,0,1,0,0,차대차 - 기타,안전운전불이행,포장 - 건조,흐림,기타 - 기타,이륜,남,17세,중상,승용,남,54세,상해없음
2019122800100505,2019년 12월 28일 21시,토요일,서울특별시 강서구 등촌동,경상사고,0,0,1,2,차대차 - 측면충돌,안전거리미확보,포장 - 건조,맑음,교차로 - 교차로부근,승용,남,38세,경상,승용,남,38세,부상신고
2019122900100135,2019년 12월 29일 10시,일요일,서울특별시 강서구 마곡동,경상사고,0,0,2,0,차대차 - 기타,신호위반,포장 - 건조,맑음,교차로 - 교차로안,이륜,남,35세,상해없음,승합,남,31세,경상
2019122900100182,2019년 12월 29일 13시,일요일,서울특별시 강서구 가양동,중상사고,0,1,0,0,차대차 - 기타,신호위반,포장 - 건조,맑음,교차로 - 교차로안,승용,남,50세,상해없음,이륜,남,49세,중상
2019122900100284,2019년 12월 29일 18시,일요일,서울특별시 강서구 화곡동,중상사고,0,1,0,0,차대사람 - 기타,안전운전불이행,포장 - 건조,맑음,교차로 - 교차로안,승용,남,31세,상해없음,보행자,남,45세,중상
2019122900100354,2019년 12월 29일 20시,일요일,서울특별시 강서구 화곡동,중상사고,0,1,1,0,차대차 - 기타,안전운전불이행,포장 - 젖음/습기,비,단일로 - 기타,승용,남,52세,상해없음,승용,남,36세,중상
2019123000100151,2019년 12월 30일 10시,월요일,서울특별시 강서구 화곡동,경상사고,0,0,1,0,차대차 - 측면충돌,안전운전불이행,포장 - 젖음/습기,흐림,교차로 - 교차로안,이륜,남,58세,경상,승용,남,66세,상해없음
2019123000100531,2019년 12월 30일 20시,월요일,서울특별시 강서구 가양동,경상사고,0,0,1,0,차대사람 - 기타,안전운전불이행,포장 - 건조,맑음,미분류 - 미분류,승용,남,32세,상해없음,보행자,남,63세,경상
2019123000100560,2019년 12월 30일 21시,월요일,서울특별시 강서구 등촌동,경상사고,0,0,2,0,차대차 - 추돌,안전운전불이행,포장 - 건조,맑음,단일로 - 기타,승용,남,32세,상해없음,승용,여,46세,경상
2019123100100165,2019년 12월 31일 10시,화요일,서울특별시 강서구 화곡동,부상신고사고,0,0,0,1,차대사람 - 기타,안전운전불이행,포장 - 건조,맑음,교차로 - 교차로안,승용,남,48세,상해없음,보행자,여,8세,부상신고
2019123100100166,2019년 12월 31일 10시,화요일,서울특별시 강서구 화곡동,경상사고,0,0,1,0,차대차 - 추돌,안전운전불이행,포장 - 건조,맑음,단일로 - 기타,승용,여,38세,상해없음,승용,남,37세,상해없음
2019123100100167,2019년 12월 31일 10시,화요일,서울특별시 강서구 등촌동,경상사고,0,0,1,0,차대차 - 추돌,안전운전불이행,포장 - 건조,맑음,교차로 - 교차로안,승합,남,66세,상해없음,승용,여,40세,경상
2019123100100435,2019년 12월 31일 18시,화요일,서울특별시 강서구 가양동,경상사고,0,0,3,0,차대차 - 기타,신호위반,포장 - 기타,맑음,교차로 - 교차로안,화물,남,53세,상해없음,특수,남,34세,경상
2019123100100582,2019년 12월 31일 21시,화요일,서울특별시 강서구 화곡동,중상사고,0,1,0,0,차대사람 - 기타,안전운전불이행,포장 - 건조,맑음,단일로 - 기타,승용,여,45세,상해없음,보행자,여,69세,중상
2019123100100583,2019년 12월 31일 21시,화요일,서울특별시 강서구 화곡동,경상사고,0,0,1,0,차대사람 - 기타,안전운전불이행,포장 - 건조,맑음,단일로 - 기타,승용,남,24세,상해없음,보행자,여,27세,경상
2019123100100584,2019년 12월 31일 21시,화요일,서울특별시 강서구 화곡동,경상사고,0,0,1,0,차대차 - 측면충돌,안전거리미확보,포장 - 건조,맑음,교차로 - 교차로부근,승용,남,54세,기타불명,이륜,남,40세,경상
2020010100100018,2020년 1월 1일 01시,수요일,서울특별시 강서구 화곡동,중상사고,0,2,2,0,차대차 - 기타,안전운전불이행,포장 - 건조,기타,단일로 - 기타,승용,남,40세,상해없음,승용,남,71세,중상
2020010100100110,2020년 1월 1일 09시,수요일,서울특별시 강서구 화곡동,경상사고,0,0,1,0,차대사람 - 기타,안전운전불이행,포장 - 건조,맑음,교차로 - 교차로부근,승용,여,31세,상해없음,보행자,여,43세,경상
2020010100100355,2020년 1월 1일 23시,수요일,서울특별시 강서구 화곡동,경상사고,0,0,2,0,차대차 - 정면충돌,신호위반,포장 - 건조,맑음,교차로 - 교차로안,이륜,남,21세,상해없음,승용,여,59세,경상
2020010200100055,2020년 1월 2일 07시,목요일,서울특별시 강서구 화곡동,경상사고,0,0,1,0,차대사람 - 기타,안전운전불이행,포장 - 건조,맑음,단일로 - 기타,승용,남,61세,상해없음,보행자,여,30세,경상
2020010200100500,2020년 1월 2일 21시,목요일,서울특별시 강서구 개화동,경상사고,0,0,1,0,차대차 - 측면충돌,안전거리미확보,포장 - 건조,맑음,단일로 - 기타,승용,남,69세,기타불명,승용,남,26세,경상
2020010300100202,2020년 1월 3일 12시,금요일,서울특별시 강서구 마곡동,경상사고,0,0,2,0,차대차 - 측면충돌,중앙선침범,포장 - 건조,맑음,단일로 - 기타,승용,여,30세,상해없음,승합,남,45세,경상
2020010300100232,2020년 1월 3일 13시,금요일,서울특별시 강서구 등촌동,경상사고,0,0,2,0,차대차 - 기타,안전운전불이행,포장 - 건조,맑음,단일로 - 기타,승용,여,58세,경상,승용,남,67세,경상
2020010300100473,2020년 1월 3일 19시,금요일,서울특별시 강서구 방화동,경상사고,0,0,2,0,차대차 - 측면충돌,안전운전불이행,포장 - 건조,맑음,교차로 - 교차로안,승용,남,59세,상해없음,승용,남,28세,경상
2020010300100572,2020년 1월 3일 22시,금요일,서울특별시 강서구 화곡동,중상사고,0,1,0,0,차대차 - 측면충돌,차로위반,포장 - 건조,맑음,단일로 - 기타,승용,남,61세,상해없음,원동기,남,29세,중상
2020010300100573,2020년 1월 3일 22시,금요일,서울특별시 강서구 개화동,경상사고,0,0,1,0,차대차 - 기타,안전운전불이행,포장 - 건조,맑음,단일로 - 기타,승용,여,29세,상해없음,승합,남,36세,상해없음
2020010400100249,2020년 1월 4일 14시,토요일,서울특별시 강서구 방화동,중상사고,0,1,0,0,차대차 - 기타,신호위반,포장 - 건조,맑음,단일로 - 기타,승용,남,63세,상해없음,승합,남,45세,중상
2020010400100309,2020년 1월 4일 16시,토요일,서울특별시 강서구 등촌동,경상사고,0,0,1,0,차대차 - 기타,직진우회전진행방해,포장 - 건조,맑음,교차로 - 교차로안,승용,남,49세,상해없음,이륜,남,26세,경상
2020010400100495,2020년 1월 4일 22시,토요일,서울특별시 강서구 마곡동,경상사고,0,0,1,0,차대차 - 측면충돌,중앙선침범,포장 - 건조,맑음,단일로 - 기타,이륜,남,25세,경상,승용,남,34세,상해없음
2020010500100144,2020년 1월 5일 12시,일요일,서울특별시 강서구 등촌동,부상신고사고,0,0,0,1,차대차 - 측면충돌,중앙선침범,포장 - 건조,맑음,단일로 - 기타,이륜,남,30세,부상신고,승용,남,61세,상해없음
2020010500100369,2020년 1월 5일 20시,일요일,서울특별시 강서구 방화동,경상사고,0,0,1,0,차대차 - 기타,교차로운행방법위반,포장 - 건조,맑음,교차로 - 교차로안,승용,여,44세,상해없음,이륜,남,50세,경상
2020010600100019,2020년 1월 6일 03시,월요일,서울특별시 강서구 가양동,중상사고,0,2,1,0,차대차 - 정면충돌,신호위반,포장 - 건조,맑음,교차로 - 교차로안,승용,남,67세,기타불명,승용,남,48세,경상
2020010600100145,2020년 1월 6일 10시,월요일,서울특별시 강서구 방화동,사망사고,1,0,0,0,차대사람 - 횡단중,안전운전불이행,포장 - 건조,맑음,교차로 - 교차로횡단보도내,화물,남,47세,상해없음,보행자,남,75세,사망
2020010700100017,2020년 1월 7일 01시,화요일,서울특별시 강서구 마곡동,중상사고,0,1,1,0,차대차 - 추돌,안전운전불이행,포장 - 젖음/습기,비,단일로 - 기타,승용,여,48세,상해없음,승용,남,32세,경상
2020010700100060,2020년 1월 7일 06시,화요일,서울특별시 강서구 화곡동,중상사고,0,1,0,0,차대차 - 측면충돌,안전운전불이행,포장 - 건조,맑음,단일로 - 기타,승용,남,39세,기타불명,승용,남,33세,중상
2020010700100306,2020년 1월 7일 14시,화요일,서울특별시 강서구 공항동,경상사고,0,0,1,0,차대차 - 측면충돌,안전운전불이행,포장 - 젖음/습기,비,교차로 - 교차로안,승용,여,44세,상해없음,승용,여,64세,경상
2020010700100334,2020년 1월 7일 15시,화요일,서울특별시 강서구 염창동,경상사고,0,0,1,0,차대차 - 측면충돌,안전운전불이행,포장 - 기타,흐림,교차로 - 교차로부근,승용,여,38세,기타불명,이륜,남,57세,경상
2020010700100384,2020년 1월 7일 17시,화요일,서울특별시 강서구 방화동,중상사고,0,1,0,0,차대사람 - 횡단중,안전운전불이행,포장 - 젖음/습기,비,교차로 - 교차로부근,승합,남,37세,상해없음,보행자,여,60세,중상
2020010700100458,2020년 1월 7일 18시,화요일,서울특별시 강서구 마곡동,경상사고,0,0,1,0,차대사람 - 횡단중,보행자보호의무위반,포장 - 젖음/습기,비,교차로 - 교차로안,승용,여,27세,상해없음,보행자,여,27세,경상
2020010700100702,2020년 1월 7일 22시,화요일,서울특별시 강서구 오곡동,경상사고,0,0,4,0,차대차 - 정면충돌,중앙선침범,포장 - 젖음/습기,비,단일로 - 기타,승용,남,29세,상해없음,승용,남,43세,경상
2020010700100703,2020년 1월 7일 22시,화요일,서울특별시 강서구 화곡동,경상사고,0,0,1,0,차대사람 - 기타,안전운전불이행,포장 - 젖음/습기,비,교차로 - 교차로부근,이륜,남,27세,상해없음,보행자,여,28세,경상
2020010700100704,2020년 1월 7일 22시,화요일,서울특별시 강서구 공항동,경상사고,0,0,1,0,차대차 - 측면충돌,신호위반,포장 - 젖음/습기,맑음,교차로 - 교차로안,승용,남,62세,상해없음,승용,남,45세,경상
2020010800100047,2020년 1월 8일 03시,수요일,서울특별시 강서구 화곡동,경상사고,0,0,1,0,차대차 - 측면충돌,안전운전불이행,포장 - 젖음/습기,비,교차로 - 교차로안,승용,남,59세,상해없음,승용,남,34세,경상
2020010800100064,2020년 1월 8일 05시,수요일,서울특별시 강서구 화곡동,경상사고,0,0,1,2,차대차 - 측면충돌,안전운전불이행,포장 - 기타,기타,교차로 - 교차로안,승용,남,64세,상해없음,승용,여,66세,경상
2020010800100250,2020년 1월 8일 12시,수요일,서울특별시 강서구 화곡동,경상사고,0,0,3,0,차대차 - 기타,안전거리미확보,포장 - 건조,맑음,단일로 - 기타,승용,여,51세,경상,승용,남,31세,경상
2020010800100389,2020년 1월 8일 17시,수요일,서울특별시 강서구 등촌동,중상사고,0,1,0,0,차대사람 - 보도통행중,보행자보호의무위반,포장 - 건조,맑음,교차로 - 교차로부근,승용,남,71세,상해없음,보행자,여,75세,중상
2020010800100489,2020년 1월 8일 19시,수요일,서울특별시 강서구 염창동,경상사고,0,0,1,0,차대차 - 정면충돌,직진우회전진행방해,포장 - 건조,맑음,교차로 - 교차로안,승용,남,32세,상해없음,승용,남,43세,경상
2020010800100589,2020년 1월 8일 23시,수요일,서울특별시 강서구 화곡동,경상사고,0,0,1,0,차대사람 - 차도통행중,안전운전불이행,포장 - 건조,맑음,단일로 - 기타,승용,남,54세,상해없음,보행자,남,40세,경상
2020010900100013,2020년 1월 9일 01시,목요일,서울특별시 강서구 화곡동,경상사고,0,0,1,0,차대차 - 추돌,안전운전불이행,포장 - 기타,맑음,단일로 - 기타,이륜,남,25세,경상,승용,남,64세,상해없음
2020010900100064,2020년 1월 9일 07시,목요일,서울특별시 강서구 화곡동,경상사고,0,0,1,0,차대차 - 추돌,안전운전불이행,포장 - 건조,맑음,단일로 - 기타,화물,남,38세,상해없음,승합,남,67세,경상
2020010900100214,2020년 1월 9일 13시,목요일,서울특별시 강서구 화곡동,경상사고,0,0,2,0,차대차 - 측면충돌,안전거리미확보,포장 - 건조,맑음,단일로 - 기타,승용,남,74세,상해없음,승용,남,46세,경상
2020010900100444,2020년 1월 9일 19시,목요일,서울특별시 강서구 마곡동,중상사고,0,2,0,0,차대사람 - 횡단중,안전운전불이행,포장 - 건조,맑음,교차로 - 교차로횡단보도내,승용,여,66세,상해없음,보행자,남,46세,중상
2020010900100445,2020년 1월 9일 19시,목요일,서울특별시 강서구 마곡동,경상사고,0,0,2,0,차대차 - 측면충돌,안전운전불이행,포장 - 건조,맑음,단일로 - 기타,승용,남,48세,상해없음,특수,남,44세,경상