사고번호,사고일시,요일,시군구,사고내용,사망자수,중상자수,경상자수,부상신고자수,사고유형,법규위반,노면상태,기상상태,도로형태,가해운전자 차종,가해운전자 성별,가해운전자 연령,가해운전자 상해정도,피해운전자 차종,피해운전자 성별,피해운전자 연령,피해운전자 상해정도
2020010900100446,2020년 1월 9일 19시,목요일,서울특별시 강서구 화곡동,경상사고,0,0,1,0,차대사람 - 차도통행중,안전운전불이행,포장 - 건조,맑음,교차로 - 교차로부근,승용,남,53세,상해없음,보행자,남,53세,경상
2020011000100035,2020년 1월 10일 03시,금요일,서울특별시 강서구 염창동,경상사고,0,0,1,0,차대차 - 추돌,안전운전불이행,포장 - 건조,맑음,교차로 - 교차로안,승용,남,47세,상해없음,승용,남,64세,경상
2020011000100339,2020년 1월 10일 15시,금요일,서울특별시 강서구 공항동,중상사고,0,1,0,0,차대차 - 추돌,안전거리미확보,포장 - 건조,맑음,단일로 - 지하차도(도로)내,화물,남,61세,상해없음,이륜,남,52세,중상
2020011000100373,2020년 1월 10일 16시,금요일,서울특별시 강서구 외발산동,경상사고,0,0,1,0,차대사람 - 보도통행중,신호위반,포장 - 건조,맑음,교차로 - 교차로안,승용,여,42세,상해없음,보행자,여,19세,경상
2020011000100624,2020년 1월 10일 23시,금요일,서울특별시 강서구 염창동,중상사고,0,1,1,0,차대차 - 측면충돌,안전운전불이행,포장 - 건조,맑음,단일로 - 기타,승용,남,54세,상해없음,승용,남,60세,중상
2020011100100002,2020년 1월 11일 00시,토요일,서울특별시 강서구 마곡동,중상사고,0,1,0,0,차량단독 - 전도전복 - 전도,안전운전불이행,포장 - 건조,맑음,단일로 - 기타,이륜,남,27세,중상,,,,
2020011100100052,2020년 1월 11일 04시,토요일,서울특별시 강서구 화곡동,중상사고,0,2,1,0,차대차 - 정면충돌,안전운전불이행,포장 - 건조,맑음,교차로 - 교차로안,승용,남,39세,경상,승용,남,51세,중상
2020011100100170,2020년 1월 11일 11시,토요일,서울특별시 강서구 염창동,중상사고,0,1,0,0,차대차 - 기타,교차로운행방법위반,포장 - 건조,맑음,단일로 - 기타,승용,남,58세,상해없음,화물,남,62세,중상
2020011100100199,2020년 1월 11일 12시,토요일,서울특별시 강서구 내발산동,중상사고,0,1,0,0,차대차 - 측면충돌,신호위반,포장 - 기타,맑음,교차로 - 교차로안,승용,남,38세,상해없음,이륜,여,32세,중상
2020011100100200,2020년 1월 11일 12시,토요일,서울특별시 강서구 공항동,경상사고,0,0,1,0,차대차 - 측면충돌,안전운전불이행,포장 - 건조,기타,교차로 - 교차로안,승용,남,60세,상해없음,승용,남,27세,경상
2020011100100244,2020년 1월 11일 13시,토요일,서울특별시 강서구 내발산동,경상사고,0,0,1,0,차대차 - 측면충돌,안전운전불이행,포장 - 건조,맑음,교차로 - 교차로안,승용,여,54세,상해없음,이륜,남,35세,경상
2020011100100339,2020년 1월 11일 16시,토요일,서울특별시 강서구 가양동,경상사고,0,0,2,0,차대차 - 추돌,안전거리미확보,포장 - 기타,맑음,단일로 - 기타,승용,여,56세,상해없음,승용,남,40세,경상
2020011100100563,2020년 1월 11일 23시,토요일,서울특별시 강서구 화곡동,중상사고,0,2,0,0,차대차 - 추돌,안전운전불이행,포장 - 건조,흐림,교차로 - 교차로부근,승용,남,38세,상해없음,원동기,남,20세,중상
2020011200100001,2020년 1월 12일 00시,일요일,서울특별시 강서구 화곡동,부상신고사고,0,0,0,1,차량단독 - 전도전복 - 전도,안전운전불이행,포장 - 건조,맑음,기타 - 기타,원동기,남,28세,부상신고,,,,
2020011200100062,2020년 1월 12일 06시,일요일,서울특별시 강서구 염창동,경상사고,0,0,2,0,차대차 - 측면충돌,안전운전불이행,포장 - 건조,맑음,단일로 - 기타,화물,남,55세,상해없음,승용,남,59세,경상
2020011200100179,2020년 1월 12일 14시,일요일,서울특별시 강서구 마곡동,중상사고,0,1,0,0,차대차 - 측면충돌,신호위반,포장 - 건조,맑음,교차로 - 교차로안,승용,남,54세,상해없음,승용,여,53세,중상
2020011300100010,2020년 1월 13일 01시,월요일,서울특별시 강서구 화곡동,경상사고,0,0,2,0,차대차 - 추돌,안전운전불이행,포장 - 건조,기타,기타 - 기타,승용,남,27세,기타불명,승용,남,26세,경상
2020011300100185,2020년 1월 13일 12시,월요일,서울특별시 강서구 방화동,중상사고,0,1,0,0,차대사람 - 기타,안전운전불이행,포장 - 건조,맑음,단일로 - 기타,승용,남,60세,상해없음,보행자,여,68세,중상
2020011300100217,2020년 1월 13일 13시,월요일,서울특별시 강서구 화곡동,경상사고,0,0,1,0,차대차 - 기타,안전운전불이행,포장 - 건조,맑음,교차로 - 교차로안,승용,남,66세,상해없음,승합,남,46세,경상
2020011300100327,2020년 1월 13일 16시,월요일,서울특별시 강서구 염창동,경상사고,0,0,1,0,차대사람 - 기타,보행자보호의무위반,포장 - 건조,맑음,단일로 - 기타,승용,남,39세,기타불명,보행자,여,7세,경상
2020011300100502,2020년 1월 13일 20시,월요일,서울특별시 강서구 등촌동,중상사고,0,1,0,0,차대차 - 측면충돌,신호위반,포장 - 건조,맑음,교차로 - 교차로안,이륜,남,17세,기타불명,이륜,남,32세,중상
2020011400100028,2020년 1월 14일 02시,화요일,서울특별시 강서구 화곡동,중상사고,0,1,0,0,차대사람 - 횡단중,안전운전불이행,포장 - 건조,맑음,교차로 - 교차로안,승용,남,74세,상해없음,보행자,여,67세,중상
2020011400100154,2020년 1월 14일 10시,화요일,서울특별시 강서구 화곡동,중상사고,0,1,0,0,차대차 - 측면충돌,중앙선침범,포장 - 건조,맑음,단일로 - 기타,이륜,여,63세,중상,승용,남,66세,상해없음
2020011400100523,2020년 1월 14일 20시,화요일,서울특별시 강서구 화곡동,경상사고,0,0,1,0,차대차 - 기타,신호위반,포장 - 건조,맑음,교차로 - 교차로안,승합,남,39세,상해없음,이륜,남,33세,경상
2020011500100114,2020년 1월 15일 09시,수요일,서울특별시 강서구 등촌동,경상사고,0,0,1,0,차대차 - 정면충돌,신호위반,포장 - 건조,맑음,교차로 - 교차로부근,승용,여,22세,상해없음,승용,여,42세,경상
2020011500100206,2020년 1월 15일 12시,수요일,서울특별시 강서구 공항동,중상사고,0,1,0,0,차대차 - 측면충돌,신호위반,포장 - 건조,맑음,교차로 - 교차로부근,승용,남,44세,상해없음,이륜,남,45세,중상
2020011500100273,2020년 1월 15일 14시,수요일,서울특별시 강서구 가양동,경상사고,0,0,3,1,차대차 - 측면충돌,안전거리미확보,포장 - 기타,맑음,단일로 - 기타,승용,남,28세,상해없음,승용,남,53세,부상신고
2020011500100357,2020년 1월 15일 16시,수요일,서울특별시 강서구 가양동,경상사고,0,0,1,0,차대차 - 기타,안전거리미확보,포장 - 건조,맑음,단일로 - 교량,화물,남,54세,상해없음,승용,남,60세,경상
2020011500100601,2020년 1월 15일 22시,수요일,서울특별시 강서구 마곡동,경상사고,0,0,1,0,차대차 - 정면충돌,신호위반,포장 - 건조,맑음,단일로 - 기타,이륜,남,28세,상해없음,승용,남,63세,경상
2020011600100245,2020년 1월 16일 13시,목요일,서울특별시 강서구 마곡동,경상사고,0,0,1,0,차대차 - 기타,안전운전불이행,포장 - 건조,맑음,단일로 - 기타,기타불명,기타불명,미분류,기타불명,승합,남,41세,상해없음
2020011600100340,2020년 1월 16일 16시,목요일,서울특별시 강서구 화곡동,경상사고,0,0,3,0,차대차 - 기타,안전운전불이행,포장 - 건조,맑음,교차로 - 교차로안,기타불명,기타불명,미분류,기타불명,승합,남,70세,상해없음
2020011600100427,2020년 1월 16일 18시,목요일,서울특별시 강서구 화곡동,경상사고,0,0,3,0,차대차 - 추돌,안전거리미확보,포장 - 건조,맑음,단일로 - 기타,승용,여,34세,경상,승용,남,67세,경상
2020011600100428,2020년 1월 16일 18시,목요일,서울특별시 강서구 마곡동,경상사고,0,0,1,0,차대사람 - 기타,안전운전불이행,포장 - 건조,흐림,기타 - 기타,기타불명,기타불명,미분류,기타불명,보행자,여,27세,경상
2020011600100429,2020년 1월 16일 18시,목요일,서울특별시 강서구 화곡동,경상사고,0,0,1,0,차대사람 - 차도통행중,안전운전불이행,포장 - 건조,맑음,단일로 - 기타,승용,남,50세,상해없음,보행자,남,52세,경상
2020011600100614,2020년 1월 16일 23시,목요일,서울특별시 강서구 마곡동,경상사고,0,0,1,0,차대차 - 측면충돌,신호위반,포장 - 건조,맑음,단일로 - 기타,승용,남,69세,기타불명,자전거,남,23세,경상
2020011700100120,2020년 1월 17일 09시,금요일,서울특별시 강서구 방화동,경상사고,0,0,1,0,차대차 - 기타,안전운전불이행,포장 - 건조,맑음,기타 - 기타,화물,남,51세,상해없음,자전거,남,56세,경상
2020011700100143,2020년 1월 17일 10시,금요일,서울특별시 강서구 화곡동,경상사고,0,0,1,0,차대차 - 기타,직진우회전진행방해,포장 - 건조,맑음,교차로 - 교차로안,화물,남,52세,상해없음,승합,남,57세,상해없음
2020011700100196,2020년 1월 17일 12시,금요일,서울특별시 강서구 마곡동,중상사고,0,1,5,0,차대차 - 측면충돌,신호위반,포장 - 건조,맑음,교차로 - 교차로안,승용,남,72세,경상,승용,여,42세,경상
2020011800100088,2020년 1월 18일 07시,토요일,서울특별시 강서구 화곡동,중상사고,0,1,0,0,차대사람 - 차도통행중,안전운전불이행,포장 - 건조,맑음,교차로 - 교차로안,승용,남,34세,상해없음,보행자,남,61세,중상
2020011800100173,2020년 1월 18일 11시,토요일,서울특별시 강서구 방화동,중상사고,0,1,0,0,차대사람 - 횡단중,보행자보호의무위반,포장 - 건조,맑음,교차로 - 교차로횡단보도내,화물,남,64세,상해없음,보행자,남,72세,중상
2020011800100204,2020년 1월 18일 12시,토요일,서울특별시 강서구 마곡동,경상사고,0,0,1,0,차대차 - 기타,신호위반,포장 - 건조,맑음,교차로 - 교차로안,이륜,남,42세,경상,화물,남,62세,상해없음
2020011800100357,2020년 1월 18일 16시,토요일,서울특별시 강서구 방화동,중상사고,0,1,0,0,차대차 - 측면충돌,안전운전불이행,포장 - 건조,맑음,단일로 - 기타,승용,남,40세,상해없음,자전거,남,81세,중상
2020011800100521,2020년 1월 18일 20시,토요일,서울특별시 강서구 화곡동,경상사고,0,0,1,0,차대차 - 정면충돌,중앙선침범,포장 - 건조,맑음,단일로 - 기타,승용,남,66세,상해없음,원동기,남,53세,경상
2020011900100092,2020년 1월 19일 09시,일요일,서울특별시 강서구 염창동,중상사고,0,1,0,0,차량단독 - 공작물충돌,안전운전불이행,포장 - 젖음/습기,눈,단일로 - 기타,이륜,남,25세,중상,,,,
2020011900100264,2020년 1월 19일 16시,일요일,서울특별시 강서구 등촌동,부상신고사고,0,0,0,4,차대차 - 기타,안전운전불이행,포장 - 건조,맑음,교차로 - 교차로안,승용,여,62세,상해없음,승용,남,39세,부상신고
2020011900100316,2020년 1월 19일 18시,일요일,서울특별시 강서구 등촌동,경상사고,0,0,1,0,차대사람 - 횡단중,안전운전불이행,포장 - 건조,맑음,단일로 - 기타,승용,남,68세,상해없음,보행자,여,59세,경상
2020012000100013,2020년 1월 20일 02시,월요일,서울특별시 강서구 화곡동,경상사고,0,0,1,0,차대차 - 측면충돌,안전운전불이행,포장 - 건조,맑음,교차로 - 교차로안,승용,남,29세,상해없음,승용,여,41세,경상
2020012000100069,2020년 1월 20일 07시,월요일,서울특별시 강서구 화곡동,중상사고,0,1,0,0,차대차 - 기타,안전운전불이행,포장 - 건조,맑음,교차로 - 교차로안,승용,남,41세,중상,승용,남,36세,상해없음
2020012000100213,2020년 1월 20일 11시,월요일,서울특별시 강서구 화곡동,경상사고,0,0,1,0,차대차 - 측면충돌,안전운전불이행,포장 - 건조,맑음,단일로 - 기타,승용,여,57세,상해없음,자전거,남,49세,경상
2020012000100427,2020년 1월 20일 16시,월요일,서울특별시 강서구 화곡동,중상사고,0,1,1,0,차대차 - 기타,안전운전불이행,포장 - 건조,맑음,기타 - 기타,승용,남,46세,상해없음,승용,여,35세,경상
2020012100100105,2020년 1월 21일 08시,화요일,서울특별시 강서구 개화동,경상사고,0,0,1,0,차대차 - 기타,안전운전불이행,포장 - 건조,맑음,교차로 - 교차로부근,승용,남,34세,상해없음,승합,남,54세,상해없음
2020012100100221,2020년 1월 21일 11시,화요일,서울특별시 강서구 방화동,중상사고,0,1,0,0,차대사람 - 기타,안전운전불이행,포장 - 건조,맑음,단일로 - 기타,승용,남,46세,상해없음,보행자,여,80세,중상
2020012100100551,2020년 1월 21일 18시,화요일,서울특별시 강서구 방화동,경상사고,0,0,1,0,차대차 - 후진중충돌,안전운전불이행,포장 - 건조,맑음,단일로 - 기타,화물,남,56세,상해없음,이륜,남,23세,경상
2020012100100733,2020년 1월 21일 23시,화요일,서울특별시 강서구 화곡동,경상사고,0,0,1,0,차대사람 - 차도통행중,안전운전불이행,포장 - 건조,맑음,기타 - 기타,승용,남,41세,상해없음,보행자,남,36세,경상
2020012200100037,2020년 1월 22일 03시,수요일,서울특별시 강서구 화곡동,경상사고,0,0,3,0,차대차 - 측면충돌,신호위반,포장 - 건조,맑음,교차로 - 교차로안,화물,남,64세,상해없음,승용,남,24세,경상
2020012200100124,2020년 1월 22일 09시,수요일,서울특별시 강서구 화곡동,경상사고,0,0,1,0,차대차 - 추돌,안전운전불이행,포장 - 건조,맑음,교차로 - 교차로부근,승합,여,45세,상해없음,승용,여,29세,경상
2020012200100183,2020년 1월 22일 11시,수요일,서울특별시 강서구 화곡동,경상사고,0,0,2,0,차대사람 - 횡단중,보행자보호의무위반,포장 - 건조,맑음,단일로 - 기타,승용,남,57세,상해없음,보행자,남,25세,경상
2020012200100273,2020년 1월 22일 14시,수요일,서울특별시 강서구 과해동,경상사고,0,0,1,0,차대차 - 정면충돌,중앙선침범,포장 - 건조,맑음,교차로 - 교차로부근,승용,남,33세,상해없음,승용,남,62세,경상
2020012200100717,2020년 1월 22일 23시,수요일,서울특별시 강서구 염창동,경상사고,0,0,1,0,차대차 - 추돌,안전거리미확보,포장 - 건조,맑음,단일로 - 기타,승용,남,61세,상해없음,승용,남,51세,경상
2020012300100057,2020년 1월 23일 04시,목요일,서울특별시 강서구 화곡동,중상사고,0,1,0,0,차대사람 - 기타,안전운전불이행,포장 - 건조,맑음,단일로 - 기타,승용,남,62세,상해없음,보행자,남,29세,중상
2020012300100197,2020년 1월 23일 11시,목요일,서울특별시 강서구 가양동,경상사고,0,0,2,0,차대차 - 측면충돌,차로위반,포장 - 건조,맑음,단일로 - 교량,화물,남,45세,경상,화물,남,54세,경상
2020012300100387,2020년 1월 23일 15시,목요일,서울특별시 강서구 등촌동,중상사고,0,1,2,0,차대차 - 측면충돌,안전운전불이행,포장 - 건조,맑음,교차로 - 교차로안,승용,남,34세,상해없음,승용,남,28세,경상
2020012300100556,2020년 1월 23일 18시,목요일,서울특별시 강서구 화곡동,경상사고,0,0,1,0,차대차 - 측면충돌,안전운전불이행,포장 - 건조,맑음,교차로 - 교차로부근,승용,남,64세,상해없음,승용,남,32세,경상
2020012300100725,2020년 1월 23일 22시,목요일,서울특별시 강서구 등촌동,경상사고,0,0,1,0,차대사람 - 횡단중,보행자보호의무위반,포장 - 건조,맑음,교차로 - 교차로안,승용,남,52세,기타불명,보행자,여,24세,경상
2020012300100726,2020년 1월 23일 22시,목요일,서울특별시 강서구 염창동,경상사고,0,0,1,0,차대차 - 추돌,안전거리미확보,포장 - 건조,맑음,교차로 - 교차로부근,승용,남,29세,상해없음,승용,여,31세,경상
2020012400100103,2020년 1월 24일 09시,금요일,서울특별시 강서구 개화동,중상사고,0,2,0,0,차대차 - 측면충돌,안전운전불이행,포장 - 건조,맑음,교차로 - 교차로부근,승합,남,52세,상해없음,화물,남,50세,중상
2020012400100306,2020년 1월 24일 17시,금요일,서울특별시 강서구 등촌동,사망사고,1,0,0,0,차대사람 - 횡단중,보행자보호의무위반,포장 - 건조,흐림,교차로 - 교차로부근,화물,남,65세,상해없음,보행자,여,68세,사망
2020012400100320,2020년 1월 24일 18시,금요일,서울특별시 강서구 방화동,경상사고,0,0,1,0,차대차 - 기타,교차로운행방법위반,포장 - 건조,맑음,교차로 - 교차로안,승용,남,48세,상해없음,승용,남,29세,경상
2020012400100355,2020년 1월 24일 19시,금요일,서울특별시 강서구 외발산동,경상사고,0,0,2,0,차대사람 - 기타,안전운전불이행,포장 - 건조,맑음,미분류 - 미분류,화물,남,64세,상해없음,보행자,남,52세,경상
2020012500100011,2020년 1월 25일 01시,토요일,서울특별시 강서구 화곡동,경상사고,0,0,1,0,차대차 - 추돌,안전운전불이행,포장 - 건조,흐림,교차로 - 교차로부근,승용,남,28세,상해없음,승용,남,53세,경상
2020012500100012,2020년 1월 25일 01시,토요일,서울특별시 강서구 내발산동,경상사고,0,0,1,0,차대사람 - 차도통행중,안전운전불이행,포장 - 건조,맑음,단일로 - 기타,승용,남,25세,상해없음,보행자,남,23세,경상
2020012500100186,2020년 1월 25일 15시,토요일,서울특별시 강서구 화곡동,경상사고,0,0,1,0,차대차 - 기타,안전운전불이행,포장 - 건조,맑음,교차로 - 교차로안,자전거,남,44세,경상,승용,남,37세,상해없음
2020012600100062,2020년 1월 26일 08시,일요일,서울특별시 강서구 화곡동,중상사고,0,1,0,0,차대차 - 후진중충돌,불법유턴,포장 - 건조,맑음,단일로 - 기타,승용,남,28세,상해없음,승용,남,77세,중상
2020012600100203,2020년 1월 26일 17시,일요일,서울특별시 강서구 화곡동,경상사고,0,0,1,0,차량단독 - 기타,안전운전불이행,포장 - 건조,맑음,단일로 - 기타,승합,남,60세,상해없음,,,,
2020012700100029,2020년 1월 27일 02시,월요일,서울특별시 강서구 화곡동,경상사고,0,0,1,0,차대사람 - 횡단중,보행자보호의무위반,포장 - 건조,맑음,교차로 - 교차로부근,승용,남,21세,상해없음,보행자,남,45세,경상
2020012700100183,2020년 1월 27일 14시,월요일,서울특별시 강서구 마곡동,경상사고,0,0,2,0,차대차 - 측면충돌,신호위반,포장 - 건조,맑음,교차로 - 교차로안,승합,남,29세,경상,승합,남,50세,경상
2020012700100184,2020년 1월 27일 14시,월요일,서울특별시 강서구 염창동,중상사고,0,1,0,0,차대사람 - 보도통행중,기타,포장 - 기타,맑음,단일로 - 기타,화물,남,52세,상해없음,보행자,여,66세,중상
2020012700100199,2020년 1월 27일 15시,월요일,서울특별시 강서구 염창동,경상사고,0,0,2,0,차대차 - 추돌,안전운전불이행,포장 - 건조,맑음,단일로 - 기타,승용,남,42세,상해없음,승용,남,56세,경상
2020012700100313,2020년 1월 27일 19시,월요일,서울특별시 강서구 공항동,경상사고,0,0,1,0,차대차 - 기타,기타,포장 - 젖음/습기,비,교차로 - 교차로부근,승용,남,62세,상해없음,이륜,남,27세,경상
2020012800100062,2020년 1월 28일 07시,화요일,서울특별시 강서구 마곡동,중상사고,0,1,0,0,차대사람 - 기타,과속,포장 - 건조,맑음,교차로 - 교차로횡단보도내,승용,남,57세,상해없음,보행자,여,25세,중상
2020012800100200,2020년 1월 28일 12시,화요일,서울특별시 강서구 마곡동,중상사고,0,1,0,0,차대사람 - 기타,안전운전불이행,포장 - 건조,맑음,단일로 - 기타,승용,남,32세,상해없음,보행자,남,77세,중상
2020012800100201,2020년 1월 28일 12시,화요일,서울특별시 강서구 화곡동,경상사고,0,0,1,1,차대차 - 기타,안전운전불이행,포장 - 건조,맑음,단일로 - 기타,승용,남,67세,상해없음,승용,여,56세,기타불명
2020012800100422,2020년 1월 28일 19시,화요일,서울특별시 강서구 화곡동,경상사고,0,0,1,0,차대차 - 후진중충돌,불법유턴,포장 - 기타,맑음,기타 - 기타,승합,남,59세,상해없음,승합,남,65세,상해없음
2020012900100441,2020년 1월 29일 20시,수요일,서울특별시 강서구 가양동,중상사고,0,1,1,0,차대차 - 추돌,안전운전불이행,포장 - 건조,맑음,단일로 - 기타,승용,남,67세,상해없음,승용,남,42세,경상
2020013000100020,2020년 1월 30일 02시,목요일,서울특별시 강서구 화곡동,경상사고,0,0,3,0,차대차 - 측면충돌,안전운전불이행,포장 - 건조,맑음,기타 - 기타,화물,남,63세,상해없음,승용,남,46세,경상
2020013000100032,2020년 1월 30일 04시,목요일,서울특별시 강서구 화곡동,경상사고,0,0,1,0,차대차 - 측면충돌,안전운전불이행,포장 - 건조,맑음,교차로 - 교차로안,이륜,남,31세,상해없음,승용,남,47세,경상
2020013000100052,2020년 1월 30일 06시,목요일,서울특별시 강서구 화곡동,경상사고,0,0,1,0,차대차 - 기타,안전운전불이행,포장 - 건조,맑음,단일로 - 기타,승용,남,24세,상해없음,승용,남,36세,경상
2020013000100094,2020년 1월 30일 08시,목요일,서울특별시 강서구 화곡동,경상사고,0,0,1,0,차대사람 - 횡단중,보행자보호의무위반,포장 - 건조,맑음,교차로 - 교차로부근,화물,남,38세,상해없음,보행자,여,44세,경상
2020013000100095,2020년 1월 30일 08시,목요일,서울특별시 강서구 화곡동,경상사고,0,0,1,0,차대사람 - 보도통행중,기타,포장 - 건조,맑음,단일로 - 기타,승용,남,74세,상해없음,보행자,여,36세,경상
2020013000100132,2020년 1월 30일 09시,목요일,서울특별시 강서구 화곡동,중상사고,0,1,0,0,차대사람 - 차도통행중,안전운전불이행,포장 - 건조,맑음,단일로 - 기타,승용,남,66세,상해없음,보행자,남,87세,중상
2020013000100209,2020년 1월 30일 11시,목요일,서울특별시 강서구 염창동,경상사고,0,0,1,0,차대차 - 측면충돌,신호위반,포장 - 건조,맑음,교차로 - 교차로부근,승용,남,62세,상해없음,승용,남,67세,경상
2020013000100298,2020년 1월 30일 14시,목요일,서울특별시 강서구 등촌동,경상사고,0,0,1,0,차대차 - 측면충돌,안전운전불이행,포장 - 건조,맑음,교차로 - 교차로부근,승용,남,61세,상해없음,이륜,남,26세,경상
2020013000100499,2020년 1월 30일 20시,목요일,서울특별시 강서구 마곡동,중상사고,0,1,0,0,차대차 - 측면충돌,신호위반,포장 - 건조,맑음,교차로 - 교차로안,승용,남,31세,상해없음,이륜,남,19세,중상
2020013000100521,2020년 1월 30일 21시,목요일,서울특별시 강서구 마곡동,경상사고,0,0,1,0,차대사람 - 횡단중,안전운전불이행,포장 - 건조,맑음,단일로 - 기타,승용,여,44세,상해없음,보행자,남,42세,경상
2020013100100137,2020년 1월 31일 10시,금요일,서울특별시 강서구 마곡동,경상사고,0,0,2,0,차대차 - 측면충돌,신호위반,포장 - 건조,맑음,교차로 - 교차로안,승용,여,25세,경상,화물,남,65세,경상
2020013100100165,2020년 1월 31일 11시,금요일,서울특별시 강서구 염창동,중상사고,0,2,0,0,차대차 - 측면충돌,신호위반,포장 - 기타,맑음,교차로 - 교차로안,승용,여,30세,상해없음,이륜,남,57세,중상
2020013100100313,2020년 1월 31일 16시,금요일,서울특별시 강서구 방화동,경상사고,0,0,1,0,차대차 - 측면충돌,안전운전불이행,포장 - 기타,맑음,교차로 - 교차로안,화물,남,60세,상해없음,이륜,남,20세,경상
2020013100100432,2020년 1월 31일 19시,금요일,서울특별시 강서구 방화동,경상사고,0,0,2,0,차대차 - 측면충돌,안전운전불이행,포장 - 건조,맑음,단일로 - 기타,개인형이동수단(PM),남,78세,경상,이륜,남,34세,경상
2020020100100170,2020년 2월 1일 12시,토요일,서울특별시 강서구 화곡동,경상사고,0,0,1,0,차대차 - 기타,신호위반,포장 - 건조,맑음,교차로 - 교차로안,승용,남,38세,상해없음,이륜,남,38세,경상
2020020100100284,2020년 2월 1일 16시,토요일,서울특별시 강서구 마곡동,경상사고,0,0,1,0,차대차 - 측면충돌,신호위반,포장 - 건조,맑음,교차로 - 교차로안,승용,남,51세,상해없음,자전거,여,9세,경상
2020020200100086,2020년 2월 2일 08시,일요일,서울특별시 강서구 방화동,경상사고,0,0,1,0,차대차 - 측면충돌,신호위반,포장 - 건조,맑음,교차로 - 교차로안,자전거,남,65세,경상,기타불명,기타불명,미분류,기타불명
2020020200100135,2020년 2월 2일 11시,일요일,서울특별시 강서구 화곡동,부상신고사고,0,0,0,1,차대차 - 기타,교차로운행방법위반,포장 - 건조,맑음,교차로 - 교차로안,원동기,남,46세,부상신고,화물,남,59세,상해없음
2020020300100042,2020년 2월 3일 07시,월요일,서울특별시 강서구 화곡동,경상사고,0,0,1,0,차대차 - 기타,안전거리미확보,포장 - 건조,맑음,단일로 - 기타,기타불명,기타불명,미분류,기타불명,승합,남,47세,상해없음
2020020300100176,2020년 2월 3일 11시,월요일,서울특별시 강서구 가양동,경상사고,0,0,1,0,차대차 - 기타,안전운전불이행,포장 - 건조,맑음,단일로 - 기타,승용,여,50세,상해없음,이륜,남,60세,경상
2020020300100434,2020년 2월 3일 18시,월요일,서울특별시 강서구 화곡동,경상사고,0,0,1,0,차대사람 - 기타,보행자보호의무위반,포장 - 건조,맑음,교차로 - 교차로부근,승용,남,68세,상해없음,보행자,남,8세,경상
2020020300100568,2020년 2월 3일 22시,월요일,서울특별시 강서구 가양동,중상사고,0,1,0,0,차대사람 - 횡단중,안전운전불이행,포장 - 건조,맑음,교차로 - 교차로안,승용,남,55세,상해없음,보행자,남,39세,중상
2020020400100244,2020년 2월 4일 13시,화요일,서울특별시 강서구 화곡동,중상사고,0,1,0,0,차대사람 - 기타,안전운전불이행,포장 - 건조,맑음,단일로 - 기타,승합,남,49세,상해없음,보행자,남,74세,중상
2020020400100349,2020년 2월 4일 16시,화요일,서울특별시 강서구 화곡동,경상사고,0,0,1,1,차대차 - 측면충돌,안전운전불이행,포장 - 건조,맑음,단일로 - 기타,이륜,남,17세,경상,화물,남,48세,상해없음
2020020400100436,2020년 2월 4일 18시,화요일,서울특별시 강서구 마곡동,경상사고,0,0,2,0,차대차 - 기타,안전운전불이행,포장 - 젖음/습기,비,교차로 - 교차로안,승합,남,42세,경상,승용,남,38세,경상
2020020400100494,2020년 2월 4일 19시,화요일,서울특별시 강서구 화곡동,경상사고,0,0,2,0,차대차 - 측면충돌,안전운전불이행,포장 - 건조,맑음,교차로 - 교차로부근,승용,여,44세,상해없음,승합,남,35세,경상
2020020500100071,2020년 2월 5일 07시,수요일,서울특별시 강서구 공항동,경상사고,0,0,1,0,차대차 - 측면충돌,안전운전불이행,포장 - 건조,기타,교차로 - 교차로부근,승용,남,48세,기타불명,승용,남,42세,경상
2020020500100134,2020년 2월 5일 09시,수요일,서울특별시 강서구 화곡동,경상사고,0,0,1,0,차대차 - 추돌,안전운전불이행,포장 - 건조,맑음,단일로 - 기타,승용,남,53세,상해없음,승용,남,29세,기타불명
2020020500100202,2020년 2월 5일 11시,수요일,서울특별시 강서구 화곡동,경상사고,0,0,1,0,차대차 - 측면충돌,안전거리미확보,포장 - 건조,맑음,단일로 - 기타,승용,남,70세,상해없음,승용,남,27세,경상
2020020500100240,2020년 2월 5일 12시,수요일,서울특별시 강서구 화곡동,경상사고,0,0,1,0,차대차 - 기타,중앙선침범,포장 - 건조,맑음,단일로 - 기타,승용,남,72세,상해없음,이륜,남,22세,경상
2020020500100341,2020년 2월 5일 15시,수요일,서울특별시 강서구 내발산동,중상사고,0,1,0,0,차대차 - 정면충돌,교차로운행방법위반,포장 - 건조,맑음,교차로 - 교차로안,승합,여,23세,상해없음,자전거,여,47세,중상
2020020500100416,2020년 2월 5일 17시,수요일,서울특별시 강서구 화곡동,경상사고,0,0,1,0,차대사람 - 횡단중,기타,포장 - 건조,맑음,교차로 - 교차로횡단보도내,승용,남,53세,상해없음,보행자,여,23세,경상
2020020500100463,2020년 2월 5일 18시,수요일,서울특별시 강서구 방화동,경상사고,0,0,2,0,차대차 - 측면충돌,안전운전불이행,포장 - 건조,맑음,교차로 - 교차로안,승용,남,73세,경상,승용,남,43세,경상