사고번호,사고일시,요일,시군구,사고내용,사망자수,중상자수,경상자수,부상신고자수,사고유형,법규위반,노면상태,기상상태,도로형태,가해운전자 차종,가해운전자 성별,가해운전자 연령,가해운전자 상해정도,피해운전자 차종,피해운전자 성별,피해운전자 연령,피해운전자 상해정도
2020040100100370,2020년 4월 1일 18시,수요일,서울특별시 강서구 내발산동,경상사고,0,0,2,0,차대차 - 측면충돌,안전운전불이행,포장 - 건조,맑음,단일로 - 기타,승용,남,32세,상해없음,승용,여,47세,경상
2020040200100120,2020년 4월 2일 09시,목요일,서울특별시 강서구 개화동,중상사고,0,1,0,0,차량단독 - 기타,안전운전불이행,포장 - 건조,맑음,단일로 - 교량,승합,남,47세,상해없음,,,,
2020040200100273,2020년 4월 2일 14시,목요일,서울특별시 강서구 마곡동,부상신고사고,0,0,0,1,차대차 - 측면충돌,중앙선침범,포장 - 건조,맑음,교차로 - 교차로부근,이륜,남,43세,부상신고,승용,남,49세,상해없음
2020040300100037,2020년 4월 3일 06시,금요일,서울특별시 강서구 공항동,경상사고,0,0,1,0,차대차 - 측면충돌,신호위반,포장 - 건조,맑음,교차로 - 교차로안,승합,남,61세,상해없음,승용,남,53세,상해없음
2020040300100045,2020년 4월 3일 07시,금요일,서울특별시 강서구 화곡동,경상사고,0,0,1,0,차대차 - 추돌,안전거리미확보,포장 - 건조,맑음,교차로 - 교차로부근,승용,남,69세,상해없음,승용,남,55세,상해없음
2020040300100103,2020년 4월 3일 09시,금요일,서울특별시 강서구 화곡동,중상사고,0,1,0,0,차대사람 - 횡단중,신호위반,포장 - 건조,맑음,교차로 - 교차로안,승용,남,56세,상해없음,보행자,여,18세,중상
2020040300100245,2020년 4월 3일 14시,금요일,서울특별시 강서구 화곡동,경상사고,0,0,1,0,차대사람 - 기타,안전운전불이행,포장 - 건조,맑음,단일로 - 기타,화물,남,33세,상해없음,보행자,남,24세,경상
2020040300100397,2020년 4월 3일 18시,금요일,서울특별시 강서구 염창동,경상사고,0,0,1,0,차대차 - 기타,안전운전불이행,포장 - 건조,맑음,기타 - 기타,자전거,남,18세,상해없음,자전거,남,63세,경상
2020040400100275,2020년 4월 4일 14시,토요일,서울특별시 강서구 화곡동,경상사고,0,0,2,0,차대차 - 기타,교차로운행방법위반,포장 - 건조,맑음,교차로 - 교차로안,승용,여,55세,경상,승용,남,32세,경상
2020040400100509,2020년 4월 4일 20시,토요일,서울특별시 강서구 화곡동,경상사고,0,0,1,0,차대차 - 기타,안전운전불이행,포장 - 건조,맑음,단일로 - 기타,승용,남,66세,상해없음,승합,남,54세,상해없음
2020040500100244,2020년 4월 5일 15시,일요일,서울특별시 강서구 마곡동,사망사고,1,2,3,0,차대차 - 측면충돌,직진우회전진행방해,포장 - 건조,맑음,교차로 - 교차로안,화물,여,63세,경상,승합,남,29세,경상
2020040500100339,2020년 4월 5일 19시,일요일,서울특별시 강서구 화곡동,경상사고,0,0,1,0,차대차 - 측면충돌,안전운전불이행,포장 - 건조,맑음,교차로 - 교차로안,이륜,남,25세,상해없음,이륜,남,51세,경상
2020040500100364,2020년 4월 5일 20시,일요일,서울특별시 강서구 방화동,중상사고,0,1,0,0,차대차 - 측면충돌,신호위반,포장 - 건조,맑음,교차로 - 교차로횡단보도내,이륜,남,28세,상해없음,자전거,남,38세,중상
2020040600100172,2020년 4월 6일 11시,월요일,서울특별시 강서구 등촌동,경상사고,0,0,1,0,차대차 - 추돌,안전운전불이행,포장 - 건조,맑음,단일로 - 기타,승용,남,60세,상해없음,승용,남,71세,경상
2020040600100353,2020년 4월 6일 16시,월요일,서울특별시 강서구 내발산동,중상사고,0,1,0,0,차대차 - 측면충돌,안전운전불이행,포장 - 건조,맑음,교차로 - 교차로부근,이륜,남,79세,중상,승용,남,63세,상해없음
2020040600100389,2020년 4월 6일 17시,월요일,서울특별시 강서구 화곡동,경상사고,0,0,1,0,차대사람 - 차도통행중,보행자보호의무위반,포장 - 건조,맑음,교차로 - 교차로부근,승용,남,62세,상해없음,보행자,남,40세,경상
2020040600100543,2020년 4월 6일 23시,월요일,서울특별시 강서구 등촌동,경상사고,0,0,1,0,차대차 - 추돌,안전운전불이행,포장 - 건조,기타,단일로 - 기타,승용,남,40세,상해없음,승용,남,35세,경상
2020040700100468,2020년 4월 7일 20시,화요일,서울특별시 강서구 가양동,중상사고,0,1,0,0,차대사람 - 횡단중,보행자보호의무위반,포장 - 건조,맑음,교차로 - 교차로횡단보도내,승용,남,78세,상해없음,보행자,여,54세,중상
2020040800100023,2020년 4월 8일 02시,수요일,서울특별시 강서구 마곡동,부상신고사고,0,0,0,1,차대차 - 기타,불법유턴,포장 - 건조,맑음,교차로 - 교차로횡단보도내,자전거,여,17세,부상신고,승용,남,56세,상해없음
2020040800100185,2020년 4월 8일 11시,수요일,서울특별시 강서구 화곡동,경상사고,0,0,1,0,차대차 - 후진중충돌,안전운전불이행,포장 - 건조,맑음,교차로 - 교차로부근,승합,남,55세,상해없음,이륜,남,31세,경상
2020040800100307,2020년 4월 8일 15시,수요일,서울특별시 강서구 염창동,경상사고,0,0,1,0,차대사람 - 기타,기타,포장 - 건조,맑음,단일로 - 기타,승합,남,37세,상해없음,보행자,남,58세,경상
2020040800100514,2020년 4월 8일 21시,수요일,서울특별시 강서구 마곡동,중상사고,0,1,1,0,차대차 - 측면충돌,신호위반,포장 - 건조,흐림,교차로 - 교차로부근,승용,남,66세,상해없음,승용,남,24세,경상
2020040900100035,2020년 4월 9일 04시,목요일,서울특별시 강서구 염창동,경상사고,0,0,1,0,차대차 - 추돌,안전운전불이행,포장 - 건조,맑음,교차로 - 교차로부근,승용,남,39세,상해없음,승용,남,29세,경상
2020040900100274,2020년 4월 9일 14시,목요일,서울특별시 강서구 방화동,경상사고,0,0,2,0,차대차 - 기타,교차로운행방법위반,포장 - 건조,맑음,교차로 - 교차로부근,화물,남,58세,상해없음,승용,남,37세,경상
2020040900100305,2020년 4월 9일 15시,목요일,서울특별시 강서구 화곡동,중상사고,0,1,0,0,차대차 - 측면충돌,신호위반,포장 - 건조,맑음,교차로 - 교차로안,승합,남,36세,상해없음,이륜,남,40세,중상
2020040900100306,2020년 4월 9일 15시,목요일,서울특별시 강서구 방화동,경상사고,0,0,1,0,차대차 - 측면충돌,직진우회전진행방해,포장 - 건조,맑음,교차로 - 교차로안,승용,남,53세,상해없음,승용,남,73세,경상
2020040900100351,2020년 4월 9일 16시,목요일,서울특별시 강서구 가양동,중상사고,0,1,0,0,차대차 - 기타,안전운전불이행,포장 - 건조,맑음,교차로 - 교차로안,화물,남,21세,상해없음,이륜,남,33세,중상
2020040900100397,2020년 4월 9일 17시,목요일,서울특별시 강서구 등촌동,경상사고,0,0,1,0,차대차 - 기타,신호위반,포장 - 건조,맑음,교차로 - 교차로안,이륜,남,17세,상해없음,승용,남,45세,경상
2020040900100398,2020년 4월 9일 17시,목요일,서울특별시 강서구 내발산동,경상사고,0,0,1,0,차대차 - 측면충돌,신호위반,포장 - 건조,맑음,교차로 - 교차로안,원동기,남,38세,경상,승용,여,50세,상해없음
2020040900100552,2020년 4월 9일 22시,목요일,서울특별시 강서구 화곡동,경상사고,0,0,1,0,차대차 - 측면충돌,안전운전불이행,포장 - 건조,맑음,교차로 - 교차로안,이륜,남,25세,경상,승용,남,36세,상해없음
2020040900100553,2020년 4월 9일 22시,목요일,서울특별시 강서구 마곡동,중상사고,0,1,0,0,차대차 - 기타,신호위반,포장 - 건조,맑음,교차로 - 교차로안,이륜,남,32세,상해없음,승합,남,45세,상해없음
2020040900100554,2020년 4월 9일 22시,목요일,서울특별시 강서구 화곡동,경상사고,0,0,1,0,차대차 - 측면충돌,안전거리미확보,포장 - 건조,맑음,단일로 - 기타,기타불명,기타불명,미분류,기타불명,승용,남,23세,상해없음
2020041000100246,2020년 4월 10일 13시,금요일,서울특별시 강서구 화곡동,경상사고,0,0,3,0,차대차 - 측면충돌,안전운전불이행,포장 - 건조,맑음,교차로 - 교차로안,승용,여,45세,상해없음,승용,남,43세,경상
2020041000100350,2020년 4월 10일 16시,금요일,서울특별시 강서구 외발산동,중상사고,0,1,0,0,차대사람 - 보도통행중,신호위반,포장 - 건조,맑음,단일로 - 기타,건설기계,남,57세,상해없음,보행자,여,19세,중상
2020041000100410,2020년 4월 10일 18시,금요일,서울특별시 강서구 화곡동,경상사고,0,0,1,0,차대차 - 기타,중앙선침범,포장 - 건조,맑음,단일로 - 기타,원동기,남,54세,상해없음,원동기,남,39세,경상
2020041000100454,2020년 4월 10일 19시,금요일,서울특별시 강서구 등촌동,중상사고,0,2,1,0,차대차 - 기타,신호위반,포장 - 건조,맑음,교차로 - 교차로안,승합,남,54세,상해없음,이륜,남,56세,중상
2020041000100486,2020년 4월 10일 20시,금요일,서울특별시 강서구 등촌동,부상신고사고,0,0,0,1,차대사람 - 기타,안전운전불이행,포장 - 건조,맑음,교차로 - 교차로횡단보도내,자전거,남,62세,상해없음,보행자,여,44세,부상신고
2020041000100519,2020년 4월 10일 21시,금요일,서울특별시 강서구 화곡동,경상사고,0,0,2,0,차대차 - 기타,안전거리미확보,포장 - 건조,맑음,단일로 - 기타,승합,남,42세,상해없음,승용,여,40세,경상
2020041100100451,2020년 4월 11일 19시,토요일,서울특별시 강서구 등촌동,경상사고,0,0,1,0,차대차 - 측면충돌,신호위반,포장 - 건조,맑음,교차로 - 교차로안,이륜,남,31세,경상,승합,남,59세,상해없음
2020041200100020,2020년 4월 12일 01시,일요일,서울특별시 강서구 화곡동,경상사고,0,0,2,0,차대차 - 정면충돌,신호위반,포장 - 건조,맑음,교차로 - 교차로안,승용,남,38세,상해없음,승용,남,52세,경상
2020041200100064,2020년 4월 12일 05시,일요일,서울특별시 강서구 마곡동,중상사고,0,1,0,0,차대차 - 기타,신호위반,포장 - 건조,맑음,교차로 - 교차로안,승용,남,75세,상해없음,승용,여,41세,중상
2020041200100072,2020년 4월 12일 06시,일요일,서울특별시 강서구 화곡동,경상사고,0,0,1,0,차대차 - 기타,안전운전불이행,포장 - 건조,맑음,단일로 - 기타,승용,여,42세,상해없음,승용,남,45세,경상
2020041200100287,2020년 4월 12일 17시,일요일,서울특별시 강서구 화곡동,중상사고,0,1,0,0,차대차 - 측면충돌,중앙선침범,포장 - 건조,맑음,기타 - 기타,이륜,남,17세,상해없음,이륜,남,25세,중상
2020041200100308,2020년 4월 12일 18시,일요일,서울특별시 강서구 화곡동,경상사고,0,0,1,0,차대차 - 추돌,안전운전불이행,포장 - 건조,맑음,단일로 - 터널,이륜,남,24세,경상,승용,남,64세,상해없음
2020041300100022,2020년 4월 13일 05시,월요일,서울특별시 강서구 화곡동,중상사고,0,1,0,0,차대차 - 기타,안전운전불이행,포장 - 건조,맑음,교차로 - 교차로부근,원동기,남,17세,상해없음,승용,남,69세,상해없음
2020041300100060,2020년 4월 13일 08시,월요일,서울특별시 강서구 마곡동,경상사고,0,0,1,0,차대사람 - 기타,보행자보호의무위반,포장 - 건조,맑음,교차로 - 교차로안,기타불명,기타불명,미분류,기타불명,보행자,여,36세,경상
2020041300100227,2020년 4월 13일 13시,월요일,서울특별시 강서구 염창동,경상사고,0,0,1,0,차대차 - 측면충돌,교차로운행방법위반,포장 - 건조,맑음,교차로 - 교차로안,승용,남,61세,상해없음,승용,여,54세,경상
2020041400100142,2020년 4월 14일 10시,화요일,서울특별시 강서구 가양동,부상신고사고,0,0,0,1,차대차 - 추돌,안전운전불이행,포장 - 건조,맑음,단일로 - 기타,화물,남,25세,부상신고,승합,남,56세,상해없음
2020041400100143,2020년 4월 14일 10시,화요일,서울특별시 강서구 화곡동,경상사고,0,0,1,0,차대차 - 기타,중앙선침범,포장 - 건조,맑음,단일로 - 기타,승용,여,64세,상해없음,승용,남,27세,경상
2020041400100274,2020년 4월 14일 14시,화요일,서울특별시 강서구 화곡동,중상사고,0,1,0,0,차대차 - 측면충돌,차로위반,포장 - 건조,맑음,단일로 - 기타,승용,남,48세,상해없음,이륜,남,18세,중상
2020041400100275,2020년 4월 14일 14시,화요일,서울특별시 강서구 화곡동,중상사고,0,1,0,0,차대사람 - 차도통행중,안전운전불이행,포장 - 건조,맑음,교차로 - 교차로안,승용,남,26세,상해없음,보행자,여,70세,중상
2020041400100330,2020년 4월 14일 16시,화요일,서울특별시 강서구 가양동,경상사고,0,0,1,0,차대차 - 측면충돌,안전운전불이행,포장 - 건조,맑음,교차로 - 교차로부근,자전거,남,61세,상해없음,자전거,남,39세,경상
2020041400100535,2020년 4월 14일 21시,화요일,서울특별시 강서구 방화동,중상사고,0,1,3,0,차대차 - 측면충돌,안전운전불이행,포장 - 건조,기타,단일로 - 기타,승용,남,57세,상해없음,승용,여,49세,경상
2020041500100044,2020년 4월 15일 03시,수요일,서울특별시 강서구 가양동,중상사고,0,1,0,0,차대사람 - 기타,보행자보호의무위반,포장 - 건조,맑음,단일로 - 기타,화물,남,52세,상해없음,보행자,남,67세,중상
2020041500100119,2020년 4월 15일 10시,수요일,서울특별시 강서구 내발산동,중상사고,0,1,0,0,차대차 - 기타,안전운전불이행,포장 - 건조,맑음,교차로 - 교차로부근,승용,남,28세,상해없음,자전거,남,11세,중상
2020041500100262,2020년 4월 15일 15시,수요일,서울특별시 강서구 마곡동,경상사고,0,0,2,0,차대차 - 측면충돌,신호위반,포장 - 건조,맑음,교차로 - 교차로안,승용,여,35세,상해없음,승용,여,22세,경상
2020041500100354,2020년 4월 15일 18시,수요일,서울특별시 강서구 공항동,부상신고사고,0,0,0,1,차대차 - 기타,안전운전불이행,포장 - 건조,맑음,기타 - 기타,승용,남,26세,상해없음,자전거,남,8세,부상신고
2020041500100451,2020년 4월 15일 22시,수요일,서울특별시 강서구 화곡동,경상사고,0,0,4,0,차대차 - 후진중충돌,안전운전불이행,포장 - 건조,맑음,단일로 - 기타,화물,남,46세,상해없음,승용,남,18세,경상
2020041600100042,2020년 4월 16일 06시,목요일,서울특별시 강서구 화곡동,중상사고,0,1,0,0,차대사람 - 횡단중,보행자보호의무위반,포장 - 건조,맑음,기타 - 기타,승용,남,59세,상해없음,보행자,여,44세,중상
2020041600100195,2020년 4월 16일 13시,목요일,서울특별시 강서구 화곡동,중상사고,0,1,0,0,차대사람 - 길가장자리구역통행중,안전운전불이행,포장 - 건조,맑음,단일로 - 기타,화물,남,44세,상해없음,보행자,여,71세,중상
2020041600100223,2020년 4월 16일 14시,목요일,서울특별시 강서구 외발산동,경상사고,0,0,5,5,차대차 - 추돌,안전운전불이행,포장 - 건조,맑음,단일로 - 기타,승용,남,62세,상해없음,승합,여,35세,경상
2020041600100472,2020년 4월 16일 21시,목요일,서울특별시 강서구 가양동,경상사고,0,0,1,0,차대차 - 측면충돌,안전운전불이행,포장 - 건조,맑음,단일로 - 기타,승용,여,44세,상해없음,승용,남,60세,경상
2020041700100024,2020년 4월 17일 02시,금요일,서울특별시 강서구 화곡동,경상사고,0,0,1,0,차대차 - 기타,안전운전불이행,포장 - 젖음/습기,비,교차로 - 교차로안,이륜,남,24세,경상,이륜,남,21세,상해없음
2020041700100148,2020년 4월 17일 11시,금요일,서울특별시 강서구 마곡동,경상사고,0,0,1,0,차대사람 - 차도통행중,안전운전불이행,포장 - 젖음/습기,비,단일로 - 기타,승용,남,55세,상해없음,보행자,남,25세,경상
2020041700100183,2020년 4월 17일 12시,금요일,서울특별시 강서구 화곡동,중상사고,0,1,6,0,차대차 - 추돌,안전운전불이행,포장 - 젖음/습기,비,단일로 - 기타,건설기계,남,32세,상해없음,승합,남,56세,경상
2020041700100207,2020년 4월 17일 13시,금요일,서울특별시 강서구 염창동,경상사고,0,0,1,0,차대차 - 측면충돌,안전운전불이행,포장 - 젖음/습기,비,단일로 - 기타,이륜,남,37세,상해없음,이륜,남,24세,경상
2020041700100303,2020년 4월 17일 16시,금요일,서울특별시 강서구 화곡동,경상사고,0,0,1,0,차대차 - 기타,안전거리미확보,포장 - 건조,맑음,단일로 - 기타,승용,여,54세,상해없음,이륜,남,19세,경상
2020041700100369,2020년 4월 17일 18시,금요일,서울특별시 강서구 화곡동,경상사고,0,0,1,0,차대차 - 측면충돌,안전운전불이행,포장 - 건조,맑음,단일로 - 기타,이륜,남,24세,경상,화물,남,57세,상해없음
2020041800100027,2020년 4월 18일 02시,토요일,서울특별시 강서구 마곡동,중상사고,0,3,1,0,차대차 - 측면충돌,신호위반,포장 - 건조,맑음,교차로 - 교차로안,승용,남,59세,경상,승용,여,51세,중상
2020041800100232,2020년 4월 18일 13시,토요일,서울특별시 강서구 가양동,경상사고,0,0,1,0,차대차 - 측면충돌,안전운전불이행,포장 - 건조,맑음,단일로 - 기타,건설기계,남,59세,상해없음,승용,여,57세,경상
2020041800100261,2020년 4월 18일 14시,토요일,서울특별시 강서구 염창동,중상사고,0,2,1,0,차대차 - 측면충돌,교차로운행방법위반,포장 - 건조,기타,교차로 - 교차로안,승용,여,46세,상해없음,승용,남,31세,중상
2020041800100302,2020년 4월 18일 15시,토요일,서울특별시 강서구 염창동,경상사고,0,0,1,0,차대차 - 정면충돌,신호위반,포장 - 건조,맑음,교차로 - 교차로부근,이륜,남,37세,경상,승용,남,79세,상해없음
2020041800100490,2020년 4월 18일 21시,토요일,서울특별시 강서구 마곡동,경상사고,0,0,1,0,차대차 - 기타,안전거리미확보,포장 - 건조,맑음,단일로 - 기타,승합,남,59세,상해없음,승용,남,27세,경상
2020041800100507,2020년 4월 18일 22시,토요일,서울특별시 강서구 마곡동,부상신고사고,0,0,0,1,차대차 - 기타,안전운전불이행,포장 - 건조,맑음,교차로 - 교차로부근,이륜,남,21세,부상신고,승용,남,47세,상해없음
2020041900100025,2020년 4월 19일 01시,일요일,서울특별시 강서구 방화동,경상사고,0,0,2,0,차대차 - 추돌,안전운전불이행,포장 - 건조,맑음,단일로 - 기타,승용,남,42세,상해없음,승용,여,59세,경상
2020041900100166,2020년 4월 19일 14시,일요일,서울특별시 강서구 염창동,중상사고,0,1,0,0,차대차 - 기타,신호위반,포장 - 젖음/습기,비,교차로 - 교차로안,승용,여,40세,기타불명,이륜,남,30세,중상
2020041900100167,2020년 4월 19일 14시,일요일,서울특별시 강서구 외발산동,경상사고,0,0,4,0,차대차 - 추돌,안전운전불이행,포장 - 건조,맑음,단일로 - 기타,승용,여,19세,상해없음,승용,여,40세,경상
2020042000100156,2020년 4월 20일 11시,월요일,서울특별시 강서구 화곡동,중상사고,0,1,0,0,차량단독 - 기타,기타,포장 - 건조,맑음,단일로 - 기타,승합,남,56세,상해없음,,,,
2020042100100069,2020년 4월 21일 08시,화요일,서울특별시 강서구 화곡동,경상사고,0,0,1,0,차대사람 - 차도통행중,안전운전불이행,포장 - 건조,맑음,교차로 - 교차로부근,승용,여,43세,상해없음,보행자,여,79세,경상
2020042100100070,2020년 4월 21일 08시,화요일,서울특별시 강서구 화곡동,경상사고,0,0,1,0,차대사람 - 기타,안전운전불이행,포장 - 건조,맑음,단일로 - 기타,화물,남,67세,상해없음,보행자,여,13세,경상
2020042100100112,2020년 4월 21일 09시,화요일,서울특별시 강서구 화곡동,중상사고,0,1,0,0,차대사람 - 기타,안전운전불이행,포장 - 건조,맑음,교차로 - 교차로안,이륜,남,74세,상해없음,보행자,여,67세,중상
2020042100100134,2020년 4월 21일 10시,화요일,서울특별시 강서구 마곡동,경상사고,0,0,1,0,차대차 - 측면충돌,중앙선침범,포장 - 건조,맑음,단일로 - 기타,화물,남,40세,상해없음,승용,여,31세,경상
2020042200100041,2020년 4월 22일 04시,수요일,서울특별시 강서구 외발산동,중상사고,0,1,0,0,차대차 - 정면충돌,중앙선침범,포장 - 건조,맑음,단일로 - 기타,승용,남,40세,상해없음,화물,남,45세,중상
2020042200100120,2020년 4월 22일 09시,수요일,서울특별시 강서구 등촌동,경상사고,0,0,2,0,차대차 - 측면충돌,안전운전불이행,포장 - 건조,맑음,단일로 - 기타,승용,남,37세,경상,승용,남,37세,경상
2020042200100121,2020년 4월 22일 09시,수요일,서울특별시 강서구 화곡동,중상사고,0,1,0,0,차대사람 - 횡단중,신호위반,포장 - 건조,맑음,교차로 - 교차로횡단보도내,화물,남,57세,상해없음,보행자,남,60세,중상
2020042200100286,2020년 4월 22일 15시,수요일,서울특별시 강서구 등촌동,경상사고,0,0,1,0,차대사람 - 보도통행중,보행자보호의무위반,포장 - 건조,맑음,교차로 - 교차로횡단보도내,이륜,남,24세,상해없음,보행자,여,52세,경상
2020042200100508,2020년 4월 22일 22시,수요일,서울특별시 강서구 가양동,경상사고,0,0,1,0,차대차 - 측면충돌,차로위반,포장 - 건조,맑음,단일로 - 기타,승용,남,54세,상해없음,승용,남,31세,경상
2020042300100003,2020년 4월 23일 00시,목요일,서울특별시 강서구 마곡동,중상사고,0,1,1,0,차대차 - 측면충돌,신호위반,포장 - 건조,맑음,교차로 - 교차로안,승용,남,66세,상해없음,승용,남,60세,경상
2020042300100067,2020년 4월 23일 07시,목요일,서울특별시 강서구 염창동,중상사고,0,1,0,0,차대차 - 기타,안전운전불이행,포장 - 건조,맑음,단일로 - 기타,승용,남,70세,상해없음,승용,남,48세,중상
2020042300100344,2020년 4월 23일 17시,목요일,서울특별시 강서구 화곡동,경상사고,0,0,1,0,차대차 - 기타,안전운전불이행,포장 - 건조,맑음,교차로 - 교차로부근,승용,여,21세,상해없음,승용,남,53세,경상
2020042300100345,2020년 4월 23일 17시,목요일,서울특별시 강서구 내발산동,중상사고,0,1,0,0,차대사람 - 횡단중,보행자보호의무위반,포장 - 건조,맑음,교차로 - 교차로횡단보도내,승용,남,73세,상해없음,보행자,남,63세,중상
2020042300100523,2020년 4월 23일 22시,목요일,서울특별시 강서구 화곡동,경상사고,0,0,1,0,차대차 - 기타,안전운전불이행,포장 - 건조,흐림,교차로 - 교차로안,승용,남,60세,상해없음,승합,남,53세,상해없음
2020042400100056,2020년 4월 24일 06시,금요일,서울특별시 강서구 공항동,중상사고,0,1,0,0,차대차 - 기타,직진우회전진행방해,포장 - 건조,맑음,교차로 - 교차로안,원동기,남,52세,중상,승용,남,36세,상해없음
2020042400100259,2020년 4월 24일 13시,금요일,서울특별시 강서구 화곡동,경상사고,0,0,1,0,차대사람 - 기타,신호위반,포장 - 건조,맑음,교차로 - 교차로안,승용,남,30세,상해없음,보행자,여,7세,경상
2020042400100579,2020년 4월 24일 21시,금요일,서울특별시 강서구 화곡동,경상사고,0,0,2,0,차대차 - 기타,안전운전불이행,포장 - 건조,맑음,교차로 - 교차로안,이륜,남,30세,경상,승용,남,46세,경상
2020042400100580,2020년 4월 24일 21시,금요일,서울특별시 강서구 마곡동,경상사고,0,0,1,0,차대차 - 후진중충돌,안전운전불이행,포장 - 건조,맑음,기타 - 기타,승용,남,56세,상해없음,승용,남,38세,경상
2020042500100213,2020년 4월 25일 12시,토요일,서울특별시 강서구 마곡동,경상사고,0,0,1,0,차대차 - 측면충돌,차로위반,포장 - 건조,맑음,단일로 - 기타,승용,남,72세,상해없음,승용,남,74세,경상
2020042500100424,2020년 4월 25일 18시,토요일,서울특별시 강서구 방화동,경상사고,0,0,1,0,차대차 - 기타,안전운전불이행,포장 - 건조,맑음,단일로 - 기타,자전거,남,18세,상해없음,자전거,여,65세,상해없음
2020042500100425,2020년 4월 25일 18시,토요일,서울특별시 강서구 화곡동,경상사고,0,0,1,0,차대사람 - 횡단중,보행자보호의무위반,포장 - 건조,맑음,교차로 - 교차로횡단보도내,승용,여,42세,상해없음,보행자,여,63세,경상
2020042500100490,2020년 4월 25일 20시,토요일,서울특별시 강서구 마곡동,중상사고,0,1,0,0,차대차 - 기타,신호위반,포장 - 건조,맑음,교차로 - 교차로안,승용,여,40세,상해없음,승용,남,29세,중상
2020042600100163,2020년 4월 26일 12시,일요일,서울특별시 강서구 마곡동,중상사고,0,1,1,0,차대차 - 기타,신호위반,포장 - 건조,맑음,교차로 - 교차로안,이륜,남,17세,중상,승용,남,45세,경상
2020042600100371,2020년 4월 26일 19시,일요일,서울특별시 강서구 공항동,경상사고,0,0,1,0,차대차 - 추돌,안전운전불이행,포장 - 건조,기타,교차로 - 교차로안,승용,남,27세,상해없음,승용,남,58세,경상
2020042700100049,2020년 4월 27일 07시,월요일,서울특별시 강서구 염창동,중상사고,0,3,2,0,차대차 - 추돌,안전운전불이행,포장 - 건조,맑음,단일로 - 기타,승용,남,48세,중상,승용,여,52세,중상
2020042700100210,2020년 4월 27일 12시,월요일,서울특별시 강서구 개화동,경상사고,0,0,1,0,차대차 - 측면충돌,안전거리미확보,포장 - 건조,맑음,교차로 - 교차로안,승용,여,57세,상해없음,승용,남,47세,경상
2020042700100285,2020년 4월 27일 14시,월요일,서울특별시 강서구 화곡동,중상사고,0,1,0,0,차대사람 - 횡단중,안전운전불이행,포장 - 건조,맑음,단일로 - 기타,이륜,남,24세,상해없음,보행자,여,70세,중상
2020042700100489,2020년 4월 27일 19시,월요일,서울특별시 강서구 등촌동,부상신고사고,0,0,0,1,차대차 - 측면충돌,안전운전불이행,포장 - 건조,맑음,교차로 - 교차로횡단보도내,자전거,여,27세,부상신고,승용,여,55세,상해없음
2020042700100490,2020년 4월 27일 19시,월요일,서울특별시 강서구 화곡동,중상사고,0,1,0,0,차대사람 - 기타,안전운전불이행,포장 - 건조,맑음,단일로 - 기타,승용,남,33세,상해없음,보행자,여,57세,중상
2020042700100531,2020년 4월 27일 20시,월요일,서울특별시 강서구 염창동,경상사고,0,0,1,0,차대차 - 추돌,신호위반,포장 - 건조,맑음,교차로 - 교차로안,승용,남,33세,상해없음,승용,남,34세,경상
2020042700100532,2020년 4월 27일 20시,월요일,서울특별시 강서구 등촌동,중상사고,0,1,0,0,차량단독 - 공작물충돌,안전운전불이행,포장 - 건조,맑음,교차로 - 교차로안,승용,남,25세,중상,,,,
2020042700100533,2020년 4월 27일 20시,월요일,서울특별시 강서구 화곡동,경상사고,0,0,1,0,차대차 - 측면충돌,안전운전불이행,포장 - 건조,맑음,교차로 - 교차로부근,승용,남,48세,상해없음,승용,남,53세,경상
2020042800100003,2020년 4월 28일 00시,화요일,서울특별시 강서구 화곡동,경상사고,0,0,1,0,차대차 - 기타,차로위반,포장 - 건조,맑음,교차로 - 교차로부근,화물,남,37세,상해없음,승용,남,59세,경상
2020042800100087,2020년 4월 28일 08시,화요일,서울특별시 강서구 화곡동,중상사고,0,1,0,0,차대차 - 측면충돌,중앙선침범,포장 - 건조,맑음,교차로 - 교차로안,원동기,남,50세,중상,승용,남,54세,상해없음
2020042800100201,2020년 4월 28일 11시,화요일,서울특별시 강서구 마곡동,경상사고,0,0,1,0,차대차 - 측면충돌,안전거리미확보,포장 - 건조,맑음,교차로 - 교차로부근,승용,여,37세,상해없음,승용,여,63세,경상
2020042800100465,2020년 4월 28일 18시,화요일,서울특별시 강서구 화곡동,경상사고,0,0,2,0,차대차 - 측면충돌,안전운전불이행,포장 - 건조,맑음,교차로 - 교차로안,승용,여,32세,상해없음,승용,남,76세,경상
2020042900100015,2020년 4월 29일 01시,수요일,서울특별시 강서구 마곡동,중상사고,0,1,0,0,차대차 - 정면충돌,신호위반,포장 - 건조,맑음,교차로 - 교차로안,이륜,남,30세,중상,승용,남,43세,상해없음
2020042900100058,2020년 4월 29일 07시,수요일,서울특별시 강서구 화곡동,경상사고,0,0,1,0,차대차 - 추돌,안전운전불이행,포장 - 건조,맑음,단일로 - 기타,화물,남,50세,상해없음,승용,남,29세,경상
2020042900100281,2020년 4월 29일 14시,수요일,서울특별시 강서구 화곡동,경상사고,0,0,1,0,차대차 - 기타,안전운전불이행,포장 - 건조,맑음,교차로 - 교차로안,특수,남,44세,상해없음,이륜,남,29세,경상