사고번호,사고일시,요일,시군구,사고내용,사망자수,중상자수,경상자수,부상신고자수,사고유형,법규위반,노면상태,기상상태,도로형태,가해운전자 차종,가해운전자 성별,가해운전자 연령,가해운전자 상해정도,피해운전자 차종,피해운전자 성별,피해운전자 연령,피해운전자 상해정도
2020042900100364,2020년 4월 29일 16시,수요일,서울특별시 강서구 화곡동,경상사고,0,0,1,0,차대차 - 기타,안전운전불이행,포장 - 건조,맑음,단일로 - 기타,이륜,남,54세,상해없음,이륜,남,49세,경상
2020042900100407,2020년 4월 29일 17시,수요일,서울특별시 강서구 내발산동,경상사고,0,0,1,0,차대차 - 추돌,안전운전불이행,포장 - 건조,맑음,단일로 - 기타,승용,여,43세,상해없음,화물,남,36세,경상
2020042900100672,2020년 4월 29일 23시,수요일,서울특별시 강서구 화곡동,경상사고,0,0,1,0,차대사람 - 차도통행중,안전운전불이행,포장 - 건조,맑음,단일로 - 기타,화물,남,54세,상해없음,보행자,남,48세,경상
2020043000100033,2020년 4월 30일 02시,목요일,서울특별시 강서구 화곡동,중상사고,0,1,0,0,차대사람 - 차도통행중,안전운전불이행,포장 - 건조,맑음,교차로 - 교차로안,이륜,남,22세,기타불명,보행자,남,31세,중상
2020043000100034,2020년 4월 30일 02시,목요일,서울특별시 강서구 개화동,중상사고,0,1,0,1,차대차 - 추돌,안전운전불이행,포장 - 건조,맑음,단일로 - 기타,승용,남,33세,부상신고,승용,남,40세,중상
2020050100100265,2020년 5월 1일 14시,금요일,서울특별시 강서구 화곡동,중상사고,0,1,0,0,차대차 - 기타,차로위반,포장 - 건조,맑음,단일로 - 기타,승용,여,62세,상해없음,이륜,남,47세,중상
2020050200100024,2020년 5월 2일 01시,토요일,서울특별시 강서구 내발산동,중상사고,0,1,0,0,차대차 - 측면충돌,안전운전불이행,포장 - 건조,맑음,기타 - 기타,승용,남,30세,상해없음,자전거,남,58세,중상
2020050200100067,2020년 5월 2일 06시,토요일,서울특별시 강서구 등촌동,경상사고,0,0,1,0,차대차 - 추돌,안전운전불이행,포장 - 건조,맑음,교차로 - 교차로부근,화물,남,36세,상해없음,승용,남,47세,경상
2020050200100154,2020년 5월 2일 11시,토요일,서울특별시 강서구 등촌동,경상사고,0,0,1,0,차대사람 - 보도통행중,보행자보호의무위반,포장 - 건조,맑음,교차로 - 교차로횡단보도내,승용,남,72세,상해없음,보행자,여,57세,경상
2020050200100155,2020년 5월 2일 11시,토요일,서울특별시 강서구 내발산동,경상사고,0,0,1,0,차대차 - 기타,안전운전불이행,포장 - 건조,맑음,단일로 - 기타,원동기,남,16세,경상,승용,남,25세,상해없음
2020050200100309,2020년 5월 2일 15시,토요일,서울특별시 강서구 공항동,부상신고사고,0,0,0,1,차대사람 - 기타,안전운전불이행,포장 - 건조,맑음,교차로 - 교차로안,승용,남,76세,상해없음,보행자,남,65세,부상신고
2020050200100310,2020년 5월 2일 15시,토요일,서울특별시 강서구 염창동,경상사고,0,0,1,0,차대차 - 측면충돌,안전거리미확보,포장 - 건조,맑음,기타 - 기타,승용,남,66세,상해없음,승용,남,37세,경상
2020050200100460,2020년 5월 2일 20시,토요일,서울특별시 강서구 개화동,경상사고,0,0,2,0,차대차 - 측면충돌,신호위반,포장 - 건조,흐림,교차로 - 교차로부근,승용,남,21세,상해없음,승용,남,38세,경상
2020050300100036,2020년 5월 3일 03시,일요일,서울특별시 강서구 화곡동,경상사고,0,0,1,0,차대차 - 측면충돌,안전운전불이행,포장 - 건조,맑음,교차로 - 교차로안,승용,여,27세,상해없음,이륜,남,37세,경상
2020050400100058,2020년 5월 4일 07시,월요일,서울특별시 강서구 염창동,중상사고,0,1,0,0,차대차 - 추돌,안전운전불이행,포장 - 건조,맑음,단일로 - 기타,자전거,여,31세,상해없음,자전거,여,71세,중상
2020050400100075,2020년 5월 4일 08시,월요일,서울특별시 강서구 화곡동,중상사고,0,1,0,0,차대사람 - 기타,안전운전불이행,포장 - 건조,맑음,교차로 - 교차로부근,승용,남,46세,상해없음,보행자,여,51세,중상
2020050400100076,2020년 5월 4일 08시,월요일,서울특별시 강서구 공항동,경상사고,0,0,1,0,차대차 - 측면충돌,안전운전불이행,포장 - 건조,기타,교차로 - 교차로안,승용,여,29세,기타불명,승용,남,56세,경상
2020050400100288,2020년 5월 4일 14시,월요일,서울특별시 강서구 마곡동,중상사고,0,2,0,0,차대차 - 기타,안전거리미확보,포장 - 건조,맑음,단일로 - 기타,승용,남,64세,상해없음,원동기,남,30세,중상
2020050400100289,2020년 5월 4일 14시,월요일,서울특별시 강서구 방화동,중상사고,0,1,0,0,차대사람 - 횡단중,신호위반,포장 - 건조,맑음,단일로 - 기타,화물,남,39세,상해없음,보행자,남,75세,중상
2020050400100290,2020년 5월 4일 14시,월요일,서울특별시 강서구 화곡동,경상사고,0,0,1,0,차대차 - 기타,안전운전불이행,포장 - 건조,맑음,단일로 - 기타,승용,남,31세,상해없음,이륜,남,23세,경상
2020050400100327,2020년 5월 4일 15시,월요일,서울특별시 강서구 가양동,경상사고,0,0,1,0,차대차 - 기타,안전운전불이행,포장 - 건조,맑음,교차로 - 교차로부근,승용,남,37세,상해없음,원동기,남,23세,경상
2020050400100577,2020년 5월 4일 20시,월요일,서울특별시 강서구 화곡동,경상사고,0,0,1,0,차대사람 - 횡단중,보행자보호의무위반,포장 - 건조,맑음,교차로 - 교차로횡단보도내,화물,남,63세,상해없음,보행자,남,39세,경상
2020050500100362,2020년 5월 5일 20시,화요일,서울특별시 강서구 화곡동,중상사고,0,1,0,0,차대사람 - 기타,안전운전불이행,포장 - 건조,맑음,단일로 - 기타,승용,남,40세,상해없음,보행자,여,29세,중상
2020050500100363,2020년 5월 5일 20시,화요일,서울특별시 강서구 염창동,부상신고사고,0,0,0,1,차대차 - 기타,안전운전불이행,포장 - 건조,맑음,단일로 - 기타,기타불명,기타불명,미분류,기타불명,자전거,남,14세,부상신고
2020050500100393,2020년 5월 5일 21시,화요일,서울특별시 강서구 내발산동,경상사고,0,0,1,0,차대사람 - 기타,안전운전불이행,포장 - 건조,맑음,단일로 - 기타,자전거,여,43세,상해없음,보행자,여,50세,경상
2020050600100011,2020년 5월 6일 01시,수요일,서울특별시 강서구 등촌동,중상사고,0,1,0,0,차대사람 - 횡단중,안전운전불이행,포장 - 건조,맑음,단일로 - 기타,승용,남,63세,상해없음,보행자,여,22세,중상
2020050600100030,2020년 5월 6일 05시,수요일,서울특별시 강서구 화곡동,사망사고,1,0,0,0,차대차 - 기타,안전운전불이행,포장 - 건조,맑음,단일로 - 기타,승합,남,62세,상해없음,승합,남,63세,상해없음
2020050600100036,2020년 5월 6일 06시,수요일,서울특별시 강서구 방화동,중상사고,0,2,0,0,차대차 - 기타,안전운전불이행,포장 - 건조,맑음,단일로 - 기타,자전거,남,72세,중상,자전거,남,72세,중상
2020050600100114,2020년 5월 6일 09시,수요일,서울특별시 강서구 등촌동,경상사고,0,0,1,0,차대차 - 측면충돌,안전거리미확보,포장 - 건조,맑음,기타 - 기타,승용,여,56세,상해없음,승용,여,48세,경상
2020050600100146,2020년 5월 6일 10시,수요일,서울특별시 강서구 마곡동,중상사고,0,1,2,0,차대차 - 측면충돌,신호위반,포장 - 건조,맑음,교차로 - 교차로안,이륜,남,40세,기타불명,승합,남,51세,경상
2020050600100299,2020년 5월 6일 14시,수요일,서울특별시 강서구 방화동,경상사고,0,0,1,0,차대차 - 기타,교차로운행방법위반,포장 - 건조,맑음,교차로 - 교차로안,승용,여,53세,상해없음,승용,여,33세,경상
2020050600100555,2020년 5월 6일 19시,수요일,서울특별시 강서구 화곡동,경상사고,0,0,1,0,차대사람 - 횡단중,보행자보호의무위반,포장 - 건조,흐림,교차로 - 교차로횡단보도내,승용,남,26세,상해없음,보행자,남,23세,경상
2020050600100584,2020년 5월 6일 20시,수요일,서울특별시 강서구 염창동,사망사고,1,0,0,0,차대사람 - 차도통행중,안전운전불이행,포장 - 건조,맑음,교차로 - 교차로부근,승합,남,47세,상해없음,보행자,남,68세,사망
2020050600100610,2020년 5월 6일 21시,수요일,서울특별시 강서구 가양동,경상사고,0,0,1,0,차대차 - 측면충돌,안전거리미확보,포장 - 건조,기타,교차로 - 교차로안,승용,남,36세,상해없음,승용,남,47세,경상
2020050700100075,2020년 5월 7일 07시,목요일,서울특별시 강서구 화곡동,경상사고,0,0,1,0,차대차 - 측면충돌,신호위반,포장 - 건조,맑음,교차로 - 교차로안,승용,여,53세,기타불명,승용,남,59세,경상
2020050700100076,2020년 5월 7일 07시,목요일,서울특별시 강서구 외발산동,경상사고,0,0,1,0,차대사람 - 횡단중,신호위반,포장 - 건조,맑음,교차로 - 교차로횡단보도내,승용,남,29세,상해없음,보행자,여,62세,경상
2020050700100104,2020년 5월 7일 08시,목요일,서울특별시 강서구 마곡동,경상사고,0,0,2,0,차대차 - 추돌,안전운전불이행,포장 - 건조,맑음,단일로 - 기타,승용,남,61세,상해없음,승용,여,39세,경상
2020050700100180,2020년 5월 7일 10시,목요일,서울특별시 강서구 마곡동,중상사고,0,1,0,0,차대차 - 기타,안전운전불이행,포장 - 건조,맑음,단일로 - 기타,승용,남,52세,상해없음,자전거,여,26세,중상
2020050700100273,2020년 5월 7일 12시,목요일,서울특별시 강서구 마곡동,중상사고,0,5,1,0,차대차 - 기타,신호위반,포장 - 건조,맑음,교차로 - 교차로안,승합,남,37세,상해없음,승용,남,50세,중상
2020050700100274,2020년 5월 7일 12시,목요일,서울특별시 강서구 가양동,경상사고,0,0,1,0,차대차 - 측면충돌,안전운전불이행,포장 - 건조,맑음,교차로 - 교차로부근,승용,남,71세,상해없음,승용,남,45세,경상
2020050700100382,2020년 5월 7일 15시,목요일,서울특별시 강서구 화곡동,경상사고,0,0,1,0,차대차 - 측면충돌,안전운전불이행,포장 - 건조,맑음,단일로 - 기타,자전거,남,65세,상해없음,자전거,남,20세,경상
2020050700100422,2020년 5월 7일 16시,목요일,서울특별시 강서구 염창동,중상사고,0,1,0,0,차대사람 - 기타,신호위반,포장 - 건조,맑음,단일로 - 기타,승용,여,33세,상해없음,보행자,남,17세,중상
2020050700100467,2020년 5월 7일 17시,목요일,서울특별시 강서구 화곡동,중상사고,0,1,0,0,차대사람 - 횡단중,중앙선침범,포장 - 건조,맑음,교차로 - 교차로횡단보도내,원동기,남,41세,상해없음,보행자,여,68세,중상
2020050700100517,2020년 5월 7일 18시,목요일,서울특별시 강서구 가양동,경상사고,0,0,1,0,차대차 - 측면충돌,안전거리미확보,포장 - 건조,맑음,단일로 - 기타,승용,남,42세,상해없음,승용,여,42세,경상
2020050700100518,2020년 5월 7일 18시,목요일,서울특별시 강서구 마곡동,경상사고,0,0,1,0,차대차 - 기타,교차로운행방법위반,포장 - 건조,맑음,교차로 - 교차로안,승합,남,57세,상해없음,승용,여,29세,경상
2020050700100623,2020년 5월 7일 21시,목요일,서울특별시 강서구 화곡동,경상사고,0,0,1,0,차대사람 - 횡단중,신호위반,포장 - 건조,맑음,단일로 - 기타,승용,남,78세,상해없음,보행자,여,38세,경상
2020050800100013,2020년 5월 8일 01시,금요일,서울특별시 강서구 화곡동,경상사고,0,0,2,0,차대차 - 측면충돌,안전운전불이행,포장 - 건조,맑음,단일로 - 기타,화물,남,49세,경상,승용,남,21세,경상
2020050800100143,2020년 5월 8일 10시,금요일,서울특별시 강서구 등촌동,경상사고,0,0,1,0,차대차 - 추돌,안전운전불이행,포장 - 건조,맑음,단일로 - 기타,화물,남,23세,상해없음,화물,남,37세,경상
2020050800100487,2020년 5월 8일 19시,금요일,서울특별시 강서구 화곡동,경상사고,0,0,1,0,차대차 - 기타,안전운전불이행,포장 - 건조,맑음,단일로 - 기타,화물,남,43세,상해없음,자전거,남,55세,경상
2020050800100488,2020년 5월 8일 19시,금요일,서울특별시 강서구 등촌동,경상사고,0,0,3,0,차량단독 - 기타,안전운전불이행,포장 - 건조,맑음,교차로 - 교차로부근,승합,남,51세,상해없음,,,,
2020050800100553,2020년 5월 8일 20시,금요일,서울특별시 강서구 화곡동,경상사고,0,0,1,0,차대차 - 기타,신호위반,포장 - 젖음/습기,비,교차로 - 교차로부근,승용,여,54세,상해없음,이륜,남,32세,경상
2020050800100689,2020년 5월 8일 22시,금요일,서울특별시 강서구 외발산동,경상사고,0,0,1,0,차대차 - 추돌,안전운전불이행,포장 - 젖음/습기,비,교차로 - 교차로부근,승용,남,45세,상해없음,승용,남,49세,경상
2020050900100007,2020년 5월 9일 00시,토요일,서울특별시 강서구 화곡동,경상사고,0,0,1,0,차대사람 - 횡단중,안전운전불이행,포장 - 젖음/습기,비,교차로 - 교차로부근,원동기,남,26세,경상,보행자,여,28세,상해없음
2020050900100037,2020년 5월 9일 01시,토요일,서울특별시 강서구 화곡동,중상사고,0,1,0,0,차대사람 - 기타,안전운전불이행,포장 - 젖음/습기,비,단일로 - 기타,승용,남,56세,상해없음,보행자,남,62세,중상
2020050900100142,2020년 5월 9일 09시,토요일,서울특별시 강서구 화곡동,부상신고사고,0,0,0,1,차대차 - 추돌,안전운전불이행,포장 - 젖음/습기,비,단일로 - 기타,이륜,남,25세,부상신고,승용,남,56세,상해없음
2020050900100294,2020년 5월 9일 14시,토요일,서울특별시 강서구 화곡동,경상사고,0,0,1,0,차대차 - 기타,안전운전불이행,포장 - 젖음/습기,비,교차로 - 교차로부근,이륜,남,25세,경상,승용,남,40세,상해없음
2020050900100296,2020년 5월 9일 14시,토요일,서울특별시 강서구 화곡동,경상사고,0,0,1,0,차대차 - 기타,안전거리미확보,포장 - 기타,맑음,단일로 - 기타,승용,남,73세,상해없음,원동기,남,24세,경상
2020050900100362,2020년 5월 9일 16시,토요일,서울특별시 강서구 방화동,경상사고,0,0,1,0,차대차 - 측면충돌,신호위반,포장 - 건조,맑음,단일로 - 기타,이륜,남,32세,경상,승용,남,27세,상해없음
2020050900100497,2020년 5월 9일 20시,토요일,서울특별시 강서구 방화동,경상사고,0,0,1,0,차대사람 - 기타,안전운전불이행,포장 - 젖음/습기,비,단일로 - 기타,승용,남,51세,상해없음,보행자,남,54세,경상
2020051000100076,2020년 5월 10일 06시,일요일,서울특별시 강서구 등촌동,중상사고,0,1,0,0,차대사람 - 기타,안전운전불이행,포장 - 건조,맑음,기타 - 기타,승용,남,32세,상해없음,보행자,여,41세,중상
2020051000100082,2020년 5월 10일 07시,일요일,서울특별시 강서구 화곡동,경상사고,0,0,1,0,차대차 - 기타,신호위반,포장 - 건조,맑음,기타 - 기타,화물,남,52세,상해없음,자전거,남,57세,경상
2020051000100109,2020년 5월 10일 10시,일요일,서울특별시 강서구 마곡동,경상사고,0,0,3,0,차대차 - 추돌,안전운전불이행,포장 - 건조,흐림,단일로 - 기타,승용,남,65세,상해없음,승용,남,33세,경상
2020051000100206,2020년 5월 10일 15시,일요일,서울특별시 강서구 공항동,경상사고,0,0,1,0,차대차 - 측면충돌,안전운전불이행,포장 - 건조,맑음,기타 - 기타,이륜,남,55세,경상,승용,남,72세,상해없음
2020051100100053,2020년 5월 11일 06시,월요일,서울특별시 강서구 가양동,중상사고,0,1,3,0,차대차 - 측면충돌,신호위반,포장 - 건조,맑음,교차로 - 교차로안,승용,남,55세,경상,승용,남,68세,중상
2020051100100178,2020년 5월 11일 10시,월요일,서울특별시 강서구 마곡동,경상사고,0,0,1,0,차대사람 - 차도통행중,안전운전불이행,포장 - 건조,맑음,단일로 - 기타,승합,남,64세,상해없음,보행자,여,51세,경상
2020051100100179,2020년 5월 11일 10시,월요일,서울특별시 강서구 공항동,경상사고,0,0,2,0,차대차 - 기타,신호위반,포장 - 건조,맑음,교차로 - 교차로안,승용,남,40세,경상,승용,남,26세,경상
2020051100100263,2020년 5월 11일 12시,월요일,서울특별시 강서구 화곡동,중상사고,0,1,0,0,차대차 - 측면충돌,중앙선침범,포장 - 건조,기타,단일로 - 기타,화물,남,49세,상해없음,이륜,남,22세,중상
2020051100100504,2020년 5월 11일 18시,월요일,서울특별시 강서구 화곡동,경상사고,0,0,1,0,차대사람 - 보도통행중,안전운전불이행,포장 - 건조,맑음,단일로 - 기타,자전거,남,31세,기타불명,보행자,남,46세,경상
2020051100100602,2020년 5월 11일 21시,월요일,서울특별시 강서구 등촌동,중상사고,0,1,0,0,차대차 - 추돌,안전운전불이행,포장 - 건조,맑음,단일로 - 기타,승용,남,46세,상해없음,원동기,남,50세,중상
2020051100100633,2020년 5월 11일 22시,월요일,서울특별시 강서구 화곡동,중상사고,0,2,0,0,차대차 - 측면충돌,신호위반,포장 - 건조,맑음,단일로 - 기타,이륜,남,28세,중상,이륜,남,48세,중상
2020051100100658,2020년 5월 11일 23시,월요일,서울특별시 강서구 외발산동,부상신고사고,0,0,0,1,차대차 - 측면충돌,안전거리미확보,포장 - 건조,맑음,교차로 - 교차로안,화물,남,67세,부상신고,화물,남,44세,상해없음
2020051200100003,2020년 5월 12일 00시,화요일,서울특별시 강서구 등촌동,경상사고,0,0,1,0,차대차 - 측면충돌,안전거리미확보,포장 - 젖음/습기,비,기타 - 기타,승용,남,34세,상해없음,승합,남,46세,경상
2020051200100147,2020년 5월 12일 09시,화요일,서울특별시 강서구 화곡동,경상사고,0,0,2,0,차대차 - 측면충돌,안전운전불이행,포장 - 건조,맑음,교차로 - 교차로안,승용,남,35세,경상,승용,남,58세,경상
2020051200100322,2020년 5월 12일 15시,화요일,서울특별시 강서구 방화동,경상사고,0,0,1,0,차대차 - 측면충돌,안전운전불이행,포장 - 건조,맑음,단일로 - 기타,승용,남,65세,상해없음,화물,남,76세,상해없음
2020051200100520,2020년 5월 12일 20시,화요일,서울특별시 강서구 방화동,중상사고,0,1,0,0,차대차 - 기타,안전운전불이행,포장 - 건조,맑음,단일로 - 기타,이륜,남,80세,상해없음,이륜,남,28세,중상
2020051200100566,2020년 5월 12일 22시,화요일,서울특별시 강서구 내발산동,경상사고,0,0,1,0,차대차 - 측면충돌,신호위반,포장 - 건조,기타,교차로 - 교차로안,이륜,남,18세,상해없음,승용,남,62세,경상
2020051300100002,2020년 5월 13일 00시,수요일,서울특별시 강서구 화곡동,중상사고,0,1,0,0,차대사람 - 차도통행중,안전운전불이행,포장 - 건조,맑음,단일로 - 기타,이륜,남,20세,상해없음,보행자,남,47세,중상
2020051300100003,2020년 5월 13일 00시,수요일,서울특별시 강서구 가양동,경상사고,0,0,1,0,차대차 - 기타,신호위반,포장 - 건조,맑음,교차로 - 교차로부근,승용,남,60세,상해없음,승용,남,62세,경상
2020051300100107,2020년 5월 13일 08시,수요일,서울특별시 강서구 가양동,경상사고,0,0,1,0,차대차 - 추돌,안전운전불이행,포장 - 건조,맑음,단일로 - 기타,승용,여,54세,상해없음,승용,남,56세,경상
2020051300100108,2020년 5월 13일 08시,수요일,서울특별시 강서구 마곡동,경상사고,0,0,1,0,차대차 - 추돌,안전운전불이행,포장 - 건조,맑음,단일로 - 기타,승용,남,62세,기타불명,승용,남,27세,경상
2020051300100489,2020년 5월 13일 18시,수요일,서울특별시 강서구 화곡동,경상사고,0,0,1,0,차대차 - 측면충돌,교차로운행방법위반,포장 - 건조,맑음,교차로 - 교차로안,이륜,남,36세,경상,승용,남,59세,상해없음
2020051300100490,2020년 5월 13일 18시,수요일,서울특별시 강서구 등촌동,경상사고,0,0,2,0,차대차 - 기타,안전운전불이행,포장 - 건조,맑음,주차장 - 주차장,화물,남,55세,상해없음,이륜,남,54세,경상
2020051300100576,2020년 5월 13일 20시,수요일,서울특별시 강서구 등촌동,중상사고,0,1,0,0,차대차 - 정면충돌,신호위반,포장 - 건조,맑음,단일로 - 기타,자전거,남,48세,상해없음,자전거,남,57세,중상
2020051300100603,2020년 5월 13일 21시,수요일,서울특별시 강서구 가양동,중상사고,0,1,0,0,차대차 - 기타,신호위반,포장 - 건조,맑음,단일로 - 기타,승용,남,76세,상해없음,자전거,남,22세,중상
2020051400100025,2020년 5월 14일 02시,목요일,서울특별시 강서구 마곡동,경상사고,0,0,1,0,차대차 - 측면충돌,신호위반,포장 - 건조,맑음,교차로 - 교차로안,승용,남,34세,상해없음,승용,남,46세,경상
2020051400100177,2020년 5월 14일 11시,목요일,서울특별시 강서구 가양동,부상신고사고,0,0,0,1,차대사람 - 기타,안전운전불이행,포장 - 건조,맑음,교차로 - 교차로안,승용,남,61세,상해없음,보행자,남,44세,부상신고
2020051400100246,2020년 5월 14일 13시,목요일,서울특별시 강서구 등촌동,경상사고,0,0,1,0,차대차 - 기타,안전운전불이행,포장 - 건조,맑음,교차로 - 교차로횡단보도내,승용,남,65세,상해없음,자전거,남,10세,경상
2020051400100284,2020년 5월 14일 14시,목요일,서울특별시 강서구 등촌동,경상사고,0,0,1,0,차대차 - 기타,안전거리미확보,포장 - 건조,맑음,단일로 - 기타,승용,남,60세,상해없음,승용,남,29세,경상
2020051400100361,2020년 5월 14일 16시,목요일,서울특별시 강서구 마곡동,경상사고,0,0,1,0,차대차 - 측면충돌,안전운전불이행,포장 - 건조,맑음,단일로 - 기타,이륜,남,16세,상해없음,승용,남,50세,경상
2020051500100060,2020년 5월 15일 06시,금요일,서울특별시 강서구 화곡동,경상사고,0,0,1,0,차대차 - 측면충돌,안전운전불이행,포장 - 젖음/습기,비,단일로 - 기타,승용,남,26세,상해없음,화물,남,34세,경상
2020051500100216,2020년 5월 15일 12시,금요일,서울특별시 강서구 화곡동,중상사고,0,1,0,0,차대사람 - 횡단중,안전운전불이행,포장 - 건조,맑음,단일로 - 기타,승합,남,51세,상해없음,보행자,여,67세,중상
2020051500100528,2020년 5월 15일 20시,금요일,서울특별시 강서구 내발산동,경상사고,0,0,1,0,차대차 - 기타,안전운전불이행,포장 - 건조,맑음,단일로 - 기타,승용,여,27세,상해없음,승용,여,51세,경상
2020051500100578,2020년 5월 15일 21시,금요일,서울특별시 강서구 방화동,중상사고,0,1,0,0,차대차 - 측면충돌,신호위반,포장 - 젖음/습기,비,교차로 - 교차로안,이륜,남,62세,상해없음,자전거,남,62세,중상
2020051500100660,2020년 5월 15일 23시,금요일,서울특별시 강서구 화곡동,경상사고,0,0,1,0,차대차 - 측면충돌,안전운전불이행,포장 - 젖음/습기,흐림,기타 - 기타,승용,남,52세,상해없음,승용,남,57세,경상
2020051600100001,2020년 5월 16일 00시,토요일,서울특별시 강서구 마곡동,경상사고,0,0,1,0,차대차 - 기타,불법유턴,포장 - 젖음/습기,비,교차로 - 교차로안,승용,남,51세,상해없음,이륜,남,36세,경상
2020051600100076,2020년 5월 16일 06시,토요일,서울특별시 강서구 외발산동,경상사고,0,0,2,0,차대차 - 측면충돌,신호위반,포장 - 젖음/습기,비,교차로 - 교차로안,승용,남,33세,경상,승용,남,50세,경상
2020051600100102,2020년 5월 16일 08시,토요일,서울특별시 강서구 화곡동,중상사고,0,1,0,0,차대사람 - 기타,안전운전불이행,포장 - 젖음/습기,비,교차로 - 교차로부근,승합,남,47세,상해없음,보행자,남,77세,중상
2020051600100234,2020년 5월 16일 13시,토요일,서울특별시 강서구 가양동,경상사고,0,0,4,0,차대차 - 추돌,안전운전불이행,포장 - 건조,맑음,단일로 - 기타,승용,남,41세,상해없음,승용,남,48세,경상
2020051700100367,2020년 5월 17일 19시,일요일,서울특별시 강서구 등촌동,경상사고,0,0,3,0,차대차 - 기타,안전운전불이행,포장 - 건조,맑음,교차로 - 교차로부근,이륜,남,16세,경상,승용,남,34세,경상
2020051800100277,2020년 5월 18일 14시,월요일,서울특별시 강서구 화곡동,중상사고,0,1,0,0,차대차 - 측면충돌,안전운전불이행,포장 - 건조,맑음,교차로 - 교차로부근,이륜,남,35세,중상,화물,남,40세,상해없음
2020051800100278,2020년 5월 18일 14시,월요일,서울특별시 강서구 가양동,경상사고,0,0,1,0,차대차 - 기타,안전운전불이행,포장 - 건조,맑음,교차로 - 교차로부근,승용,남,55세,상해없음,건설기계,남,48세,경상
2020051800100368,2020년 5월 18일 16시,월요일,서울특별시 강서구 방화동,경상사고,0,0,1,0,차대차 - 추돌,안전운전불이행,포장 - 젖음/습기,비,교차로 - 교차로부근,이륜,남,20세,경상,승용,남,54세,상해없음
2020051800100544,2020년 5월 18일 20시,월요일,서울특별시 강서구 화곡동,경상사고,0,0,1,0,차대차 - 기타,안전운전불이행,포장 - 젖음/습기,비,단일로 - 기타,승용,남,59세,상해없음,승용,남,46세,상해없음
2020051800100617,2020년 5월 18일 22시,월요일,서울특별시 강서구 개화동,경상사고,0,0,1,0,차대차 - 기타,안전거리미확보,포장 - 젖음/습기,비,단일로 - 기타,기타불명,기타불명,미분류,기타불명,승용,남,53세,경상
2020051900100025,2020년 5월 19일 02시,화요일,서울특별시 강서구 화곡동,경상사고,0,0,2,0,차대차 - 기타,안전운전불이행,포장 - 건조,기타,교차로 - 교차로부근,승용,남,48세,상해없음,승용,남,29세,경상
2020051900100468,2020년 5월 19일 20시,화요일,서울특별시 강서구 화곡동,경상사고,0,0,1,0,차대사람 - 기타,안전운전불이행,포장 - 건조,맑음,교차로 - 교차로안,승용,여,58세,상해없음,보행자,여,9세,경상
2020052000100131,2020년 5월 20일 09시,수요일,서울특별시 강서구 가양동,경상사고,0,0,1,0,차대차 - 후진중충돌,안전운전불이행,포장 - 건조,맑음,교차로 - 교차로안,승용,남,41세,상해없음,승용,여,56세,경상
2020052000100211,2020년 5월 20일 11시,수요일,서울특별시 강서구 마곡동,중상사고,0,1,0,0,차대사람 - 횡단중,신호위반,포장 - 건조,맑음,교차로 - 교차로횡단보도내,승용,남,64세,상해없음,보행자,남,68세,중상
2020052000100253,2020년 5월 20일 12시,수요일,서울특별시 강서구 내발산동,중상사고,0,1,1,1,차대차 - 기타,신호위반,포장 - 건조,맑음,교차로 - 교차로안,원동기,남,19세,중상,승용,남,48세,부상신고
2020052000100410,2020년 5월 20일 16시,수요일,서울특별시 강서구 가양동,경상사고,0,0,1,0,차대차 - 기타,기타,포장 - 건조,맑음,단일로 - 기타,화물,남,62세,상해없음,승용,여,32세,경상
2020052000100459,2020년 5월 20일 17시,수요일,서울특별시 강서구 가양동,경상사고,0,0,1,0,차대차 - 기타,기타,포장 - 건조,맑음,기타 - 기타,화물,남,44세,기타불명,특수,남,49세,경상
2020052000100652,2020년 5월 20일 22시,수요일,서울특별시 강서구 내발산동,경상사고,0,0,1,0,차대차 - 추돌,안전운전불이행,포장 - 건조,맑음,단일로 - 기타,승용,남,38세,상해없음,승용,남,40세,경상
2020052100100195,2020년 5월 21일 11시,목요일,서울특별시 강서구 가양동,경상사고,0,0,1,0,차대차 - 측면충돌,신호위반,포장 - 건조,맑음,단일로 - 기타,승용,여,57세,상해없음,자전거,여,66세,경상
2020052100100230,2020년 5월 21일 12시,목요일,서울특별시 강서구 화곡동,경상사고,0,0,2,1,차대차 - 측면충돌,중앙선침범,포장 - 건조,맑음,단일로 - 기타,이륜,남,27세,경상,승용,남,35세,경상
2020052100100379,2020년 5월 21일 16시,목요일,서울특별시 강서구 화곡동,경상사고,0,0,1,0,차대사람 - 차도통행중,안전운전불이행,포장 - 건조,맑음,교차로 - 교차로부근,승합,여,50세,상해없음,보행자,여,6세,경상
2020052100100550,2020년 5월 21일 20시,목요일,서울특별시 강서구 화곡동,경상사고,0,0,1,0,차대차 - 정면충돌,안전운전불이행,포장 - 건조,맑음,단일로 - 기타,이륜,남,26세,경상,건설기계,남,54세,기타불명
2020052100100573,2020년 5월 21일 21시,목요일,서울특별시 강서구 등촌동,경상사고,0,0,1,0,차대차 - 추돌,안전운전불이행,포장 - 건조,맑음,교차로 - 교차로부근,승용,남,62세,상해없음,승용,여,41세,경상