사고번호,사고일시,요일,시군구,사고내용,사망자수,중상자수,경상자수,부상신고자수,사고유형,법규위반,노면상태,기상상태,도로형태,가해운전자 차종,가해운전자 성별,가해운전자 연령,가해운전자 상해정도,피해운전자 차종,피해운전자 성별,피해운전자 연령,피해운전자 상해정도
2020052200100067,2020년 5월 22일 07시,금요일,서울특별시 강서구 가양동,경상사고,0,0,2,0,차대차 - 측면충돌,안전거리미확보,포장 - 건조,맑음,교차로 - 교차로안,승용,남,59세,경상,승용,남,40세,경상
2020052200100218,2020년 5월 22일 12시,금요일,서울특별시 강서구 화곡동,경상사고,0,0,1,0,차대차 - 측면충돌,안전운전불이행,포장 - 건조,맑음,교차로 - 교차로부근,승용,남,71세,상해없음,이륜,남,29세,경상
2020052200100259,2020년 5월 22일 13시,금요일,서울특별시 강서구 화곡동,경상사고,0,0,1,0,차대차 - 기타,안전운전불이행,포장 - 건조,맑음,단일로 - 기타,승용,남,35세,상해없음,승용,여,63세,경상
2020052200100384,2020년 5월 22일 16시,금요일,서울특별시 강서구 내발산동,경상사고,0,0,2,0,차대차 - 추돌,안전운전불이행,포장 - 건조,맑음,단일로 - 기타,승용,남,46세,기타불명,승용,남,25세,경상
2020052200100430,2020년 5월 22일 17시,금요일,서울특별시 강서구 마곡동,중상사고,0,1,0,0,차대차 - 측면충돌,안전운전불이행,포장 - 건조,맑음,교차로 - 교차로안,승용,남,26세,상해없음,자전거,여,30세,중상
2020052200100431,2020년 5월 22일 17시,금요일,서울특별시 강서구 가양동,경상사고,0,0,1,0,차대차 - 측면충돌,안전운전불이행,포장 - 건조,맑음,교차로 - 교차로부근,이륜,남,19세,경상,승용,남,42세,상해없음
2020052200100623,2020년 5월 22일 21시,금요일,서울특별시 강서구 가양동,경상사고,0,0,1,0,차대차 - 기타,안전운전불이행,포장 - 건조,맑음,단일로 - 기타,기타불명,기타불명,미분류,기타불명,이륜,남,37세,경상
2020052300100003,2020년 5월 23일 00시,토요일,서울특별시 강서구 화곡동,경상사고,0,0,1,0,차대차 - 측면충돌,안전운전불이행,포장 - 건조,맑음,교차로 - 교차로안,이륜,남,35세,경상,승용,남,57세,상해없음
2020052300100004,2020년 5월 23일 00시,토요일,서울특별시 강서구 화곡동,경상사고,0,0,1,0,차량단독 - 기타,안전운전불이행,포장 - 건조,맑음,단일로 - 기타,승용,남,60세,상해없음,,,,
2020052300100031,2020년 5월 23일 02시,토요일,서울특별시 강서구 등촌동,경상사고,0,0,1,0,차대사람 - 기타,안전운전불이행,포장 - 건조,맑음,기타 - 기타,이륜,남,27세,상해없음,보행자,여,23세,경상
2020052300100161,2020년 5월 23일 11시,토요일,서울특별시 강서구 외발산동,경상사고,0,0,1,0,차대사람 - 기타,안전운전불이행,포장 - 건조,맑음,기타 - 기타,화물,남,33세,상해없음,보행자,남,21세,경상
2020052300100467,2020년 5월 23일 18시,토요일,서울특별시 강서구 화곡동,경상사고,0,0,1,0,차대차 - 기타,기타,포장 - 건조,맑음,기타 - 기타,승용,남,80세,상해없음,이륜,남,36세,경상
2020052300100468,2020년 5월 23일 18시,토요일,서울특별시 강서구 등촌동,경상사고,0,0,1,0,차대사람 - 기타,안전운전불이행,포장 - 건조,맑음,교차로 - 교차로부근,승용,남,41세,상해없음,보행자,남,34세,경상
2020052400100196,2020년 5월 24일 13시,일요일,서울특별시 강서구 마곡동,부상신고사고,0,0,0,1,차대차 - 측면충돌,중앙선침범,포장 - 건조,맑음,단일로 - 기타,이륜,남,54세,부상신고,승용,남,27세,상해없음
2020052500100073,2020년 5월 25일 08시,월요일,서울특별시 강서구 마곡동,경상사고,0,0,1,0,차대차 - 측면충돌,안전거리미확보,포장 - 건조,맑음,교차로 - 교차로안,승용,여,47세,기타불명,승용,여,33세,경상
2020052500100482,2020년 5월 25일 19시,월요일,서울특별시 강서구 방화동,경상사고,0,0,1,0,차대사람 - 기타,안전운전불이행,포장 - 건조,맑음,단일로 - 기타,화물,남,49세,상해없음,보행자,여,57세,경상
2020052500100510,2020년 5월 25일 20시,월요일,서울특별시 강서구 화곡동,경상사고,0,0,1,0,차대차 - 측면충돌,안전운전불이행,포장 - 건조,맑음,단일로 - 기타,화물,남,58세,상해없음,이륜,남,32세,경상
2020052500100511,2020년 5월 25일 20시,월요일,서울특별시 강서구 화곡동,경상사고,0,0,2,0,차대차 - 기타,안전운전불이행,포장 - 건조,맑음,단일로 - 기타,승용,남,52세,기타불명,승용,남,34세,경상
2020052500100540,2020년 5월 25일 21시,월요일,서울특별시 강서구 등촌동,경상사고,0,0,1,0,차대사람 - 차도통행중,안전운전불이행,포장 - 건조,맑음,단일로 - 기타,승용,여,25세,상해없음,보행자,남,36세,경상
2020052500100565,2020년 5월 25일 22시,월요일,서울특별시 강서구 방화동,경상사고,0,0,1,0,차대차 - 기타,신호위반,포장 - 건조,맑음,교차로 - 교차로부근,이륜,남,30세,상해없음,자전거,남,30세,경상
2020052600100072,2020년 5월 26일 07시,화요일,서울특별시 강서구 등촌동,경상사고,0,0,1,0,차대사람 - 횡단중,보행자보호의무위반,포장 - 건조,맑음,단일로 - 기타,승용,남,30세,상해없음,보행자,여,59세,경상
2020052600100187,2020년 5월 26일 11시,화요일,서울특별시 강서구 화곡동,경상사고,0,0,2,0,차대차 - 추돌,안전운전불이행,포장 - 건조,맑음,단일로 - 기타,승용,남,39세,상해없음,승용,남,79세,경상
2020052600100401,2020년 5월 26일 17시,화요일,서울특별시 강서구 방화동,경상사고,0,0,1,0,차대차 - 측면충돌,안전운전불이행,포장 - 건조,맑음,교차로 - 교차로안,승용,남,59세,상해없음,이륜,남,18세,경상
2020052700100125,2020년 5월 27일 09시,수요일,서울특별시 강서구 공항동,경상사고,0,0,3,0,차량단독 - 기타,안전운전불이행,포장 - 건조,맑음,단일로 - 기타,승합,남,48세,상해없음,,,,
2020052700100348,2020년 5월 27일 15시,수요일,서울특별시 강서구 등촌동,경상사고,0,0,1,0,차대차 - 추돌,안전운전불이행,포장 - 건조,맑음,단일로 - 기타,승용,남,26세,상해없음,승용,남,45세,경상
2020052700100349,2020년 5월 27일 15시,수요일,서울특별시 강서구 공항동,중상사고,0,1,0,0,차대차 - 기타,안전운전불이행,포장 - 건조,맑음,교차로 - 교차로안,승용,남,65세,상해없음,자전거,남,53세,중상
2020052700100506,2020년 5월 27일 18시,수요일,서울특별시 강서구 개화동,경상사고,0,0,1,0,차대차 - 정면충돌,안전운전불이행,포장 - 건조,맑음,단일로 - 기타,승합,남,37세,상해없음,승합,남,47세,상해없음
2020052800100319,2020년 5월 28일 14시,목요일,서울특별시 강서구 가양동,경상사고,0,0,1,0,차대차 - 측면충돌,안전운전불이행,포장 - 건조,맑음,교차로 - 교차로안,승용,여,51세,상해없음,승용,남,73세,경상
2020052800100501,2020년 5월 28일 19시,목요일,서울특별시 강서구 화곡동,경상사고,0,0,1,0,차대차 - 기타,안전운전불이행,포장 - 건조,맑음,교차로 - 교차로부근,승용,여,59세,상해없음,자전거,남,14세,경상
2020052900100036,2020년 5월 29일 04시,금요일,서울특별시 강서구 개화동,사망사고,1,0,0,0,차대차 - 추돌,안전운전불이행,포장 - 건조,맑음,단일로 - 기타,이륜,남,18세,사망,화물,남,63세,상해없음
2020052900100149,2020년 5월 29일 09시,금요일,서울특별시 강서구 공항동,중상사고,0,1,0,1,차대차 - 기타,차로위반,포장 - 건조,맑음,단일로 - 기타,승용,남,30세,상해없음,승합,남,27세,부상신고
2020052900100203,2020년 5월 29일 10시,금요일,서울특별시 강서구 마곡동,중상사고,0,1,0,0,차대차 - 측면충돌,신호위반,포장 - 건조,맑음,교차로 - 교차로안,자전거,남,85세,중상,화물,남,50세,상해없음
2020052900100613,2020년 5월 29일 20시,금요일,서울특별시 강서구 화곡동,중상사고,0,1,0,0,차대사람 - 횡단중,안전운전불이행,포장 - 건조,맑음,단일로 - 기타,승용,남,36세,상해없음,보행자,남,62세,중상
2020052900100614,2020년 5월 29일 20시,금요일,서울특별시 강서구 마곡동,중상사고,0,1,0,0,차대차 - 측면충돌,안전거리미확보,포장 - 건조,맑음,단일로 - 기타,승용,남,46세,상해없음,원동기,남,27세,중상
2020053000100002,2020년 5월 30일 00시,토요일,서울특별시 강서구 등촌동,경상사고,0,0,2,0,차대차 - 추돌,안전거리미확보,포장 - 건조,맑음,단일로 - 기타,원동기,남,31세,상해없음,승용,남,63세,경상
2020053000100302,2020년 5월 30일 13시,토요일,서울특별시 강서구 방화동,경상사고,0,0,2,0,차대차 - 기타,안전거리미확보,포장 - 건조,맑음,교차로 - 교차로부근,이륜,남,21세,경상,이륜,남,29세,경상
2020053000100346,2020년 5월 30일 14시,토요일,서울특별시 강서구 화곡동,중상사고,0,1,0,0,차대차 - 측면충돌,안전운전불이행,포장 - 건조,맑음,기타 - 기타,승용,남,68세,기타불명,이륜,여,43세,중상
2020053000100470,2020년 5월 30일 17시,토요일,서울특별시 강서구 방화동,경상사고,0,0,3,0,차대차 - 기타,기타,포장 - 건조,맑음,단일로 - 기타,승용,남,67세,상해없음,승용,남,22세,경상
2020053000100510,2020년 5월 30일 18시,토요일,서울특별시 강서구 화곡동,경상사고,0,0,1,0,차대차 - 후진중충돌,불법유턴,포장 - 건조,맑음,단일로 - 기타,승용,남,67세,상해없음,이륜,남,21세,경상
2020053100100124,2020년 5월 31일 11시,일요일,서울특별시 강서구 방화동,경상사고,0,0,1,0,차대차 - 기타,안전운전불이행,포장 - 건조,맑음,단일로 - 기타,자전거,여,58세,상해없음,자전거,여,47세,경상
2020053100100153,2020년 5월 31일 12시,일요일,서울특별시 강서구 화곡동,경상사고,0,0,3,0,차대차 - 측면충돌,안전운전불이행,포장 - 건조,맑음,교차로 - 교차로안,승용,여,66세,상해없음,승용,남,77세,경상
2020053100100154,2020년 5월 31일 12시,일요일,서울특별시 강서구 화곡동,경상사고,0,0,1,0,차대차 - 측면충돌,안전운전불이행,포장 - 건조,기타,교차로 - 교차로안,승용,남,42세,상해없음,이륜,남,25세,경상
2020053100100314,2020년 5월 31일 17시,일요일,서울특별시 강서구 화곡동,중상사고,0,1,0,2,차대차 - 정면충돌,안전운전불이행,포장 - 건조,맑음,교차로 - 교차로안,승용,남,40세,상해없음,이륜,남,35세,중상
2020053100100411,2020년 5월 31일 20시,일요일,서울특별시 강서구 가양동,경상사고,0,0,1,0,차대차 - 추돌,안전운전불이행,포장 - 건조,맑음,기타 - 기타,승용,남,31세,상해없음,승용,여,67세,경상
2020053100100432,2020년 5월 31일 21시,일요일,서울특별시 강서구 화곡동,중상사고,0,1,0,0,차대차 - 추돌,안전운전불이행,포장 - 건조,맑음,단일로 - 기타,승용,남,46세,상해없음,화물,남,41세,중상
2020053100100476,2020년 5월 31일 23시,일요일,서울특별시 강서구 화곡동,경상사고,0,0,1,0,차대차 - 기타,신호위반,포장 - 젖음/습기,비,교차로 - 교차로안,승용,남,46세,기타불명,이륜,남,39세,경상
2020060100100282,2020년 6월 1일 13시,월요일,서울특별시 강서구 내발산동,경상사고,0,0,1,0,차대차 - 기타,신호위반,포장 - 건조,맑음,교차로 - 교차로안,승용,남,27세,상해없음,이륜,남,24세,경상
2020060100100331,2020년 6월 1일 14시,월요일,서울특별시 강서구 가양동,경상사고,0,0,1,0,차대사람 - 횡단중,신호위반,포장 - 건조,맑음,교차로 - 교차로횡단보도내,승용,여,58세,상해없음,보행자,남,56세,경상
2020060100100545,2020년 6월 1일 18시,월요일,서울특별시 강서구 마곡동,경상사고,0,0,1,0,차대차 - 기타,안전운전불이행,포장 - 건조,맑음,단일로 - 기타,특수,남,38세,상해없음,승용,여,37세,상해없음
2020060100100637,2020년 6월 1일 20시,월요일,서울특별시 강서구 공항동,중상사고,0,1,0,0,차대사람 - 기타,안전운전불이행,포장 - 건조,맑음,교차로 - 교차로부근,승용,남,58세,상해없음,보행자,남,53세,중상
2020060100100691,2020년 6월 1일 22시,월요일,서울특별시 강서구 염창동,경상사고,0,0,1,0,차대사람 - 기타,안전운전불이행,포장 - 건조,맑음,단일로 - 기타,승용,여,47세,상해없음,보행자,남,48세,경상
2020060100100720,2020년 6월 1일 23시,월요일,서울특별시 강서구 공항동,경상사고,0,0,1,0,차대차 - 추돌,안전거리미확보,포장 - 건조,맑음,단일로 - 기타,승합,남,55세,상해없음,화물,남,68세,상해없음
2020060200100236,2020년 6월 2일 12시,화요일,서울특별시 강서구 내발산동,경상사고,0,0,1,0,차대차 - 측면충돌,안전운전불이행,포장 - 젖음/습기,비,교차로 - 교차로부근,원동기,남,36세,경상,승합,남,56세,상해없음
2020060200100535,2020년 6월 2일 20시,화요일,서울특별시 강서구 가양동,중상사고,0,1,0,0,차대사람 - 횡단중,안전운전불이행,포장 - 건조,맑음,단일로 - 기타,승용,여,64세,상해없음,보행자,남,68세,중상
2020060200100536,2020년 6월 2일 20시,화요일,서울특별시 강서구 가양동,중상사고,0,1,0,0,차대사람 - 보도통행중,보행자보호의무위반,포장 - 건조,맑음,교차로 - 교차로부근,화물,남,51세,상해없음,보행자,남,38세,중상
2020060200100581,2020년 6월 2일 22시,화요일,서울특별시 강서구 공항동,중상사고,0,1,1,0,차대차 - 기타,신호위반,포장 - 건조,맑음,교차로 - 교차로안,원동기,남,78세,중상,승용,남,60세,경상
2020060200100582,2020년 6월 2일 22시,화요일,서울특별시 강서구 공항동,경상사고,0,0,1,0,차대차 - 기타,안전운전불이행,포장 - 건조,맑음,단일로 - 기타,건설기계,남,41세,상해없음,승합,남,70세,경상
2020060300100027,2020년 6월 3일 02시,수요일,서울특별시 강서구 화곡동,경상사고,0,0,1,0,차대차 - 정면충돌,안전운전불이행,포장 - 건조,맑음,교차로 - 교차로부근,승용,남,24세,상해없음,승용,남,23세,경상
2020060300100038,2020년 6월 3일 04시,수요일,서울특별시 강서구 등촌동,중상사고,0,1,0,0,차대차 - 추돌,안전운전불이행,포장 - 건조,맑음,교차로 - 교차로부근,승용,남,34세,상해없음,화물,남,56세,중상
2020060300100058,2020년 6월 3일 07시,수요일,서울특별시 강서구 내발산동,경상사고,0,0,1,0,차대차 - 기타,안전거리미확보,포장 - 건조,맑음,단일로 - 기타,승용,남,72세,상해없음,승합,남,42세,경상
2020060300100355,2020년 6월 3일 16시,수요일,서울특별시 강서구 화곡동,경상사고,0,0,1,0,차대차 - 측면충돌,안전운전불이행,포장 - 건조,맑음,교차로 - 교차로안,원동기,남,39세,상해없음,원동기,남,44세,경상
2020060300100393,2020년 6월 3일 17시,수요일,서울특별시 강서구 마곡동,경상사고,0,0,2,0,차대차 - 측면충돌,신호위반,포장 - 건조,맑음,교차로 - 교차로안,승용,여,33세,경상,승용,남,47세,상해없음
2020060300100506,2020년 6월 3일 19시,수요일,서울특별시 강서구 가양동,중상사고,0,1,0,0,차대차 - 기타,안전운전불이행,포장 - 건조,맑음,단일로 - 기타,기타불명,기타불명,미분류,기타불명,이륜,남,21세,중상
2020060400100120,2020년 6월 4일 09시,목요일,서울특별시 강서구 외발산동,경상사고,0,0,1,0,차대차 - 추돌,안전운전불이행,포장 - 건조,맑음,기타 - 기타,특수,남,53세,상해없음,승용,남,33세,경상
2020060400100170,2020년 6월 4일 11시,목요일,서울특별시 강서구 화곡동,중상사고,0,1,0,0,차대차 - 기타,교차로운행방법위반,포장 - 건조,맑음,교차로 - 교차로안,자전거,남,54세,중상,화물,기타불명,미분류,기타불명
2020060400100207,2020년 6월 4일 12시,목요일,서울특별시 강서구 방화동,경상사고,0,0,1,0,차대차 - 측면충돌,안전운전불이행,포장 - 건조,맑음,교차로 - 교차로안,원동기,남,69세,상해없음,승용,여,59세,경상
2020060400100332,2020년 6월 4일 15시,목요일,서울특별시 강서구 등촌동,중상사고,0,1,0,0,차대차 - 기타,안전거리미확보,포장 - 건조,맑음,단일로 - 기타,승용,남,62세,상해없음,이륜,남,44세,중상
2020060400100423,2020년 6월 4일 17시,목요일,서울특별시 강서구 등촌동,부상신고사고,0,0,0,1,차대차 - 기타,기타,포장 - 건조,맑음,단일로 - 기타,자전거,남,11세,부상신고,기타불명,기타불명,미분류,기타불명
2020060400100582,2020년 6월 4일 21시,목요일,서울특별시 강서구 가양동,중상사고,0,1,0,0,차대사람 - 횡단중,신호위반,포장 - 건조,맑음,교차로 - 교차로횡단보도내,승용,남,42세,상해없음,보행자,여,24세,중상
2020060500100021,2020년 6월 5일 01시,금요일,서울특별시 강서구 가양동,경상사고,0,0,1,0,차량단독 - 전도전복 - 전도,안전운전불이행,포장 - 건조,맑음,단일로 - 지하차도(도로)내,이륜,남,29세,경상,,,,
2020060500100236,2020년 6월 5일 12시,금요일,서울특별시 강서구 화곡동,경상사고,0,0,3,0,차대차 - 추돌,안전운전불이행,포장 - 건조,맑음,단일로 - 터널,승용,남,58세,상해없음,승용,남,30세,경상
2020060500100237,2020년 6월 5일 12시,금요일,서울특별시 강서구 화곡동,경상사고,0,0,1,0,차대차 - 기타,교차로운행방법위반,포장 - 건조,맑음,교차로 - 교차로안,승용,남,63세,상해없음,승용,여,23세,경상
2020060500100238,2020년 6월 5일 12시,금요일,서울특별시 강서구 염창동,경상사고,0,0,4,0,차대차 - 추돌,안전운전불이행,포장 - 건조,맑음,기타 - 기타,승용,여,55세,기타불명,승용,남,31세,경상
2020060500100312,2020년 6월 5일 14시,금요일,서울특별시 강서구 등촌동,중상사고,0,1,0,0,차대차 - 기타,안전운전불이행,포장 - 건조,맑음,교차로 - 교차로안,화물,남,55세,상해없음,자전거,남,9세,중상
2020060500100549,2020년 6월 5일 19시,금요일,서울특별시 강서구 염창동,부상신고사고,0,0,0,1,차대차 - 측면충돌,안전거리미확보,포장 - 건조,맑음,단일로 - 기타,승용,여,36세,부상신고,승용,남,63세,상해없음
2020060600100065,2020년 6월 6일 04시,토요일,서울특별시 강서구 화곡동,사망사고,1,0,0,0,차대사람 - 기타,안전운전불이행,포장 - 건조,맑음,교차로 - 교차로안,승용,남,63세,상해없음,보행자,남,63세,사망
2020060600100544,2020년 6월 6일 21시,토요일,서울특별시 강서구 마곡동,경상사고,0,0,1,0,차대차 - 후진중충돌,안전운전불이행,포장 - 건조,맑음,교차로 - 교차로안,승용,여,46세,상해없음,이륜,남,20세,경상
2020060700100048,2020년 6월 7일 03시,일요일,서울특별시 강서구 등촌동,경상사고,0,0,2,0,차대차 - 측면충돌,신호위반,포장 - 건조,맑음,단일로 - 기타,승용,남,60세,상해없음,승합,남,54세,상해없음
2020060700100170,2020년 6월 7일 12시,일요일,서울특별시 강서구 염창동,경상사고,0,0,1,0,차대차 - 기타,안전운전불이행,포장 - 건조,맑음,기타 - 기타,자전거,남,44세,상해없음,자전거,여,58세,경상
2020060700100514,2020년 6월 7일 23시,일요일,서울특별시 강서구 화곡동,경상사고,0,0,1,0,차대사람 - 기타,안전운전불이행,포장 - 건조,맑음,교차로 - 교차로부근,승용,남,24세,상해없음,보행자,남,38세,경상
2020060800100046,2020년 6월 8일 06시,월요일,서울특별시 강서구 등촌동,경상사고,0,0,2,0,차대차 - 측면충돌,안전운전불이행,포장 - 건조,맑음,교차로 - 교차로부근,승용,남,62세,경상,승용,남,67세,경상
2020060800100313,2020년 6월 8일 13시,월요일,서울특별시 강서구 화곡동,경상사고,0,0,1,0,차대사람 - 차도통행중,안전운전불이행,포장 - 건조,맑음,단일로 - 기타,이륜,남,31세,상해없음,보행자,남,79세,경상
2020060800100314,2020년 6월 8일 13시,월요일,서울특별시 강서구 등촌동,경상사고,0,0,3,0,차대차 - 기타,차로위반,포장 - 건조,맑음,단일로 - 기타,승합,남,61세,상해없음,승용,남,41세,경상
2020060800100349,2020년 6월 8일 14시,월요일,서울특별시 강서구 공항동,중상사고,0,1,0,0,차대사람 - 기타,안전운전불이행,포장 - 건조,맑음,교차로 - 교차로안,화물,남,56세,상해없음,보행자,여,55세,중상
2020060800100389,2020년 6월 8일 15시,월요일,서울특별시 강서구 화곡동,중상사고,0,1,0,0,차대사람 - 기타,안전운전불이행,포장 - 건조,맑음,교차로 - 교차로안,승용,여,45세,상해없음,보행자,여,62세,중상
2020060800100702,2020년 6월 8일 23시,월요일,서울특별시 강서구 화곡동,경상사고,0,0,1,0,차대차 - 측면충돌,안전운전불이행,포장 - 건조,맑음,교차로 - 교차로부근,자전거,남,54세,경상,승용,남,40세,상해없음
2020060900100179,2020년 6월 9일 10시,화요일,서울특별시 강서구 마곡동,경상사고,0,0,1,0,차대차 - 기타,신호위반,포장 - 건조,맑음,교차로 - 교차로안,승용,남,69세,상해없음,승합,남,57세,경상
2020060900100333,2020년 6월 9일 14시,화요일,서울특별시 강서구 방화동,중상사고,0,1,0,0,차대사람 - 횡단중,보행자보호의무위반,포장 - 건조,맑음,단일로 - 기타,원동기,남,17세,상해없음,보행자,여,56세,중상
2020060900100334,2020년 6월 9일 14시,화요일,서울특별시 강서구 개화동,중상사고,0,1,0,0,차량단독 - 공작물충돌,안전운전불이행,포장 - 건조,맑음,단일로 - 기타,화물,남,63세,중상,,,,
2020060900100614,2020년 6월 9일 20시,화요일,서울특별시 강서구 염창동,중상사고,0,1,0,0,차대사람 - 횡단중,신호위반,포장 - 건조,맑음,교차로 - 교차로안,승용,여,33세,상해없음,보행자,여,39세,중상
2020061000100041,2020년 6월 10일 06시,수요일,서울특별시 강서구 공항동,중상사고,0,1,1,0,차대차 - 측면충돌,안전거리미확보,포장 - 건조,맑음,단일로 - 기타,승용,남,62세,상해없음,화물,남,64세,경상
2020061000100151,2020년 6월 10일 09시,수요일,서울특별시 강서구 마곡동,경상사고,0,0,2,0,차대차 - 측면충돌,중앙선침범,포장 - 건조,맑음,단일로 - 기타,승용,남,30세,상해없음,승용,남,39세,경상
2020061000100214,2020년 6월 10일 11시,수요일,서울특별시 강서구 마곡동,경상사고,0,0,1,0,차대차 - 추돌,안전운전불이행,포장 - 건조,맑음,단일로 - 기타,이륜,남,26세,경상,승용,남,29세,기타불명
2020061000100310,2020년 6월 10일 14시,수요일,서울특별시 강서구 가양동,경상사고,0,0,2,0,차대차 - 측면충돌,신호위반,포장 - 건조,맑음,단일로 - 교량,승용,여,35세,상해없음,승용,남,31세,경상
2020061000100585,2020년 6월 10일 20시,수요일,서울특별시 강서구 개화동,경상사고,0,0,1,0,차대차 - 측면충돌,안전거리미확보,포장 - 젖음/습기,비,단일로 - 기타,승용,남,67세,상해없음,승용,남,25세,경상
2020061000100742,2020년 6월 10일 23시,수요일,서울특별시 강서구 화곡동,부상신고사고,0,0,0,1,차대차 - 측면충돌,중앙선침범,포장 - 젖음/습기,흐림,단일로 - 기타,이륜,남,24세,부상신고,승용,남,66세,상해없음
2020061100100021,2020년 6월 11일 01시,목요일,서울특별시 강서구 화곡동,경상사고,0,0,4,0,차대차 - 기타,중앙선침범,포장 - 젖음/습기,흐림,단일로 - 기타,승용,남,49세,경상,승용,남,53세,경상
2020061100100022,2020년 6월 11일 01시,목요일,서울특별시 강서구 마곡동,경상사고,0,0,1,0,차대차 - 측면충돌,신호위반,포장 - 건조,맑음,교차로 - 교차로안,승용,남,32세,상해없음,승용,남,49세,경상
2020061100100113,2020년 6월 11일 08시,목요일,서울특별시 강서구 화곡동,경상사고,0,0,1,0,차대차 - 측면충돌,안전운전불이행,포장 - 건조,맑음,기타 - 기타,승용,남,52세,기타불명,승용,남,32세,경상
2020061100100271,2020년 6월 11일 13시,목요일,서울특별시 강서구 염창동,경상사고,0,0,2,0,차대차 - 추돌,안전거리미확보,포장 - 건조,맑음,단일로 - 기타,화물,남,51세,상해없음,승용,여,39세,경상
2020061200100050,2020년 6월 12일 06시,금요일,서울특별시 강서구 화곡동,경상사고,0,0,2,0,차대차 - 기타,중앙선침범,포장 - 건조,맑음,단일로 - 기타,승용,남,29세,상해없음,승용,남,35세,경상
2020061200100171,2020년 6월 12일 10시,금요일,서울특별시 강서구 화곡동,중상사고,0,1,0,0,차대사람 - 기타,안전운전불이행,포장 - 건조,맑음,기타 - 기타,승용,남,64세,상해없음,보행자,여,81세,중상
2020061200100434,2020년 6월 12일 17시,금요일,서울특별시 강서구 화곡동,경상사고,0,0,1,0,차대사람 - 기타,안전운전불이행,포장 - 건조,맑음,기타 - 기타,승용,남,67세,상해없음,보행자,여,61세,경상
2020061300100033,2020년 6월 13일 01시,토요일,서울특별시 강서구 화곡동,중상사고,0,1,0,0,차대사람 - 횡단중,안전운전불이행,포장 - 건조,흐림,교차로 - 교차로안,승용,남,39세,상해없음,보행자,여,59세,중상
2020061300100175,2020년 6월 13일 10시,토요일,서울특별시 강서구 공항동,경상사고,0,0,1,0,차대차 - 기타,안전운전불이행,포장 - 건조,맑음,기타 - 기타,자전거,남,60세,경상,자전거,남,64세,상해없음
2020061300100289,2020년 6월 13일 13시,토요일,서울특별시 강서구 가양동,중상사고,0,1,0,0,차대차 - 기타,안전운전불이행,포장 - 건조,맑음,단일로 - 기타,자전거,남,23세,상해없음,자전거,남,37세,중상
2020061300100325,2020년 6월 13일 14시,토요일,서울특별시 강서구 등촌동,경상사고,0,0,1,0,차대차 - 기타,기타,포장 - 건조,맑음,단일로 - 기타,화물,남,58세,상해없음,이륜,남,28세,경상
2020061300100396,2020년 6월 13일 16시,토요일,서울특별시 강서구 마곡동,경상사고,0,0,2,0,차대차 - 정면충돌,신호위반,포장 - 건조,맑음,교차로 - 교차로안,화물,남,60세,기타불명,승용,여,52세,경상
2020061300100487,2020년 6월 13일 18시,토요일,서울특별시 강서구 화곡동,경상사고,0,0,1,0,차대차 - 기타,안전거리미확보,포장 - 건조,맑음,단일로 - 기타,승용,여,30세,상해없음,이륜,남,29세,경상
2020061400100004,2020년 6월 14일 00시,일요일,서울특별시 강서구 화곡동,경상사고,0,0,1,0,차대차 - 기타,안전운전불이행,포장 - 건조,맑음,교차로 - 교차로부근,승용,남,62세,상해없음,자전거,남,20세,경상
2020061400100041,2020년 6월 14일 02시,일요일,서울특별시 강서구 화곡동,경상사고,0,0,1,0,차대차 - 기타,안전운전불이행,포장 - 젖음/습기,비,단일로 - 기타,승용,남,61세,상해없음,이륜,남,35세,경상
2020061400100042,2020년 6월 14일 02시,일요일,서울특별시 강서구 화곡동,중상사고,0,1,0,0,차량단독 - 전도전복 - 전도,안전운전불이행,포장 - 건조,맑음,단일로 - 기타,자전거,여,23세,중상,,,,
2020061400100098,2020년 6월 14일 08시,일요일,서울특별시 강서구 화곡동,사망사고,1,0,0,0,차대사람 - 횡단중,안전운전불이행,포장 - 건조,맑음,단일로 - 기타,승용,남,33세,상해없음,보행자,여,76세,사망
2020061400100144,2020년 6월 14일 11시,일요일,서울특별시 강서구 마곡동,경상사고,0,0,4,0,차대차 - 측면충돌,신호위반,포장 - 건조,맑음,교차로 - 교차로안,승용,여,53세,상해없음,승용,남,40세,경상
2020061400100166,2020년 6월 14일 12시,일요일,서울특별시 강서구 방화동,경상사고,0,0,1,0,차대차 - 기타,안전운전불이행,포장 - 건조,맑음,단일로 - 기타,승합,여,23세,상해없음,승용,남,43세,경상
2020061400100396,2020년 6월 14일 19시,일요일,서울특별시 강서구 가양동,경상사고,0,0,1,0,차대차 - 기타,안전거리미확보,포장 - 건조,맑음,단일로 - 기타,자전거,남,49세,경상,자전거,남,30세,상해없음
2020061500100318,2020년 6월 15일 14시,월요일,서울특별시 강서구 마곡동,중상사고,0,1,3,0,차대차 - 측면충돌,신호위반,포장 - 건조,맑음,교차로 - 교차로안,이륜,남,59세,중상,승용,여,52세,경상
2020061500100319,2020년 6월 15일 14시,월요일,서울특별시 강서구 화곡동,경상사고,0,0,1,0,차대차 - 측면충돌,중앙선침범,포장 - 건조,맑음,단일로 - 기타,승용,남,38세,상해없음,승용,남,50세,경상