사고번호,사고일시,요일,시군구,사고내용,사망자수,중상자수,경상자수,부상신고자수,사고유형,법규위반,노면상태,기상상태,도로형태,가해운전자 차종,가해운전자 성별,가해운전자 연령,가해운전자 상해정도,피해운전자 차종,피해운전자 성별,피해운전자 연령,피해운전자 상해정도
2020071300100533,2020년 7월 13일 21시,월요일,서울특별시 강서구 공항동,경상사고,0,0,1,0,차대사람 - 횡단중,안전운전불이행,포장 - 젖음/습기,비,단일로 - 기타,승합,남,57세,상해없음,보행자,여,30세,경상
2020071300100596,2020년 7월 13일 23시,월요일,서울특별시 강서구 화곡동,경상사고,0,0,1,0,차대사람 - 기타,안전운전불이행,포장 - 젖음/습기,비,단일로 - 기타,이륜,남,33세,상해없음,보행자,남,28세,경상
2020071400100120,2020년 7월 14일 08시,화요일,서울특별시 강서구 화곡동,경상사고,0,0,1,0,차대차 - 추돌,안전거리미확보,포장 - 젖음/습기,비,교차로 - 교차로부근,승용,남,58세,상해없음,이륜,여,24세,경상
2020071400100351,2020년 7월 14일 15시,화요일,서울특별시 강서구 화곡동,경상사고,0,0,1,0,차대차 - 측면충돌,안전거리미확보,포장 - 건조,맑음,단일로 - 기타,승용,여,61세,상해없음,승용,남,56세,경상
2020071400100388,2020년 7월 14일 16시,화요일,서울특별시 강서구 가양동,경상사고,0,0,1,0,차대차 - 측면충돌,안전거리미확보,포장 - 건조,맑음,단일로 - 기타,승용,남,76세,상해없음,승용,여,41세,경상
2020071500100087,2020년 7월 15일 08시,수요일,서울특별시 강서구 마곡동,경상사고,0,0,1,0,차대차 - 기타,안전운전불이행,포장 - 건조,맑음,교차로 - 교차로안,자전거,남,18세,경상,승용,여,48세,상해없음
2020071500100088,2020년 7월 15일 08시,수요일,서울특별시 강서구 내발산동,경상사고,0,0,1,0,차대차 - 측면충돌,안전운전불이행,포장 - 건조,맑음,단일로 - 기타,승용,여,53세,상해없음,승용,남,45세,경상
2020071500100315,2020년 7월 15일 15시,수요일,서울특별시 강서구 화곡동,중상사고,0,2,1,0,차대차 - 측면충돌,안전거리미확보,포장 - 건조,맑음,단일로 - 기타,승용,남,32세,상해없음,이륜,남,27세,중상
2020071600100204,2020년 7월 16일 11시,목요일,서울특별시 강서구 개화동,중상사고,0,2,0,0,차대차 - 측면충돌,신호위반,포장 - 건조,맑음,교차로 - 교차로부근,이륜,남,34세,중상,승용,남,57세,중상
2020071600100347,2020년 7월 16일 15시,목요일,서울특별시 강서구 방화동,경상사고,0,0,2,0,차대차 - 측면충돌,안전운전불이행,포장 - 건조,맑음,교차로 - 교차로안,승용,남,39세,경상,승용,여,44세,경상
2020071600100622,2020년 7월 16일 22시,목요일,서울특별시 강서구 가양동,중상사고,0,1,0,0,차대차 - 정면충돌,안전운전불이행,포장 - 건조,맑음,단일로 - 기타,자전거,여,38세,상해없음,자전거,여,57세,중상
2020071700100042,2020년 7월 17일 05시,금요일,서울특별시 강서구 방화동,중상사고,0,1,0,0,차대사람 - 차도통행중,안전운전불이행,포장 - 건조,맑음,단일로 - 기타,승용,남,50세,상해없음,보행자,여,72세,중상
2020071700100426,2020년 7월 17일 17시,금요일,서울특별시 강서구 등촌동,경상사고,0,0,1,0,차대차 - 측면충돌,안전운전불이행,포장 - 건조,맑음,교차로 - 교차로안,승용,여,28세,상해없음,승용,남,38세,경상
2020071700100482,2020년 7월 17일 18시,금요일,서울특별시 강서구 내발산동,경상사고,0,0,2,0,차대차 - 기타,안전운전불이행,포장 - 건조,맑음,교차로 - 교차로부근,승용,여,37세,경상,승용,남,36세,경상
2020071700100629,2020년 7월 17일 21시,금요일,서울특별시 강서구 화곡동,경상사고,0,0,1,0,차대사람 - 기타,안전운전불이행,포장 - 건조,맑음,기타 - 기타,기타불명,기타불명,미분류,기타불명,보행자,남,44세,경상
2020071700100632,2020년 7월 17일 21시,금요일,서울특별시 강서구 등촌동,중상사고,0,1,0,0,차량단독 - 기타,안전운전불이행,포장 - 건조,맑음,단일로 - 기타,승합,남,58세,상해없음,,,,
2020071800100346,2020년 7월 18일 15시,토요일,서울특별시 강서구 등촌동,중상사고,0,1,0,0,차대사람 - 기타,신호위반,포장 - 건조,맑음,교차로 - 교차로횡단보도내,승용,여,58세,상해없음,보행자,남,75세,중상
2020071800100553,2020년 7월 18일 21시,토요일,서울특별시 강서구 화곡동,경상사고,0,0,1,0,차대사람 - 기타,안전운전불이행,포장 - 건조,맑음,교차로 - 교차로안,승용,남,67세,상해없음,보행자,남,34세,경상
2020071800100588,2020년 7월 18일 22시,토요일,서울특별시 강서구 화곡동,경상사고,0,0,1,0,차대사람 - 기타,신호위반,포장 - 건조,기타,교차로 - 교차로부근,화물,남,49세,기타불명,보행자,남,66세,경상
2020071900100018,2020년 7월 19일 01시,일요일,서울특별시 강서구 화곡동,경상사고,0,0,1,0,차대사람 - 차도통행중,안전운전불이행,포장 - 건조,맑음,단일로 - 기타,승용,남,59세,기타불명,보행자,여,31세,경상
2020071900100218,2020년 7월 19일 15시,일요일,서울특별시 강서구 공항동,경상사고,0,0,1,0,차대차 - 기타,안전운전불이행,포장 - 건조,맑음,단일로 - 기타,승용,남,59세,상해없음,승용,남,68세,경상
2020071900100334,2020년 7월 19일 19시,일요일,서울특별시 강서구 화곡동,경상사고,0,0,4,0,차대차 - 측면충돌,안전거리미확보,포장 - 건조,맑음,교차로 - 교차로안,승용,남,21세,기타불명,승용,남,26세,경상
2020072000100018,2020년 7월 20일 02시,월요일,서울특별시 강서구 방화동,경상사고,0,0,1,0,차량단독 - 공작물충돌,안전운전불이행,포장 - 건조,맑음,교차로 - 교차로안,승용,남,44세,상해없음,,,,
2020072000100078,2020년 7월 20일 08시,월요일,서울특별시 강서구 가양동,경상사고,0,0,1,0,차대차 - 추돌,안전운전불이행,포장 - 젖음/습기,비,단일로 - 기타,승용,남,39세,상해없음,승용,남,40세,경상
2020072000100241,2020년 7월 20일 13시,월요일,서울특별시 강서구 개화동,경상사고,0,0,4,0,차대차 - 추돌,안전거리미확보,포장 - 건조,맑음,단일로 - 기타,승용,남,36세,상해없음,승용,남,70세,경상
2020072000100335,2020년 7월 20일 16시,월요일,서울특별시 강서구 화곡동,경상사고,0,0,1,0,차대차 - 측면충돌,안전운전불이행,포장 - 건조,맑음,교차로 - 교차로부근,자전거,여,54세,경상,승용,남,21세,상해없음
2020072000100447,2020년 7월 20일 19시,월요일,서울특별시 강서구 내발산동,경상사고,0,0,3,0,차대차 - 측면충돌,안전운전불이행,포장 - 건조,맑음,단일로 - 기타,승용,여,40세,상해없음,승합,남,69세,경상
2020072000100472,2020년 7월 20일 20시,월요일,서울특별시 강서구 방화동,경상사고,0,0,1,0,차대차 - 기타,안전운전불이행,포장 - 건조,맑음,단일로 - 기타,승용,여,57세,상해없음,이륜,남,28세,경상
2020072100100342,2020년 7월 21일 15시,화요일,서울특별시 강서구 화곡동,중상사고,0,1,0,0,차대사람 - 보도통행중,보행자보호의무위반,포장 - 건조,맑음,교차로 - 교차로부근,승용,남,36세,상해없음,보행자,여,66세,중상
2020072100100376,2020년 7월 21일 16시,화요일,서울특별시 강서구 방화동,부상신고사고,0,0,0,1,차대차 - 측면충돌,안전운전불이행,포장 - 건조,맑음,단일로 - 기타,화물,남,38세,부상신고,화물,남,45세,상해없음
2020072100100416,2020년 7월 21일 17시,화요일,서울특별시 강서구 등촌동,경상사고,0,0,1,0,차대사람 - 기타,안전운전불이행,포장 - 건조,맑음,단일로 - 기타,승용,남,46세,상해없음,보행자,남,63세,경상
2020072100100565,2020년 7월 21일 21시,화요일,서울특별시 강서구 화곡동,중상사고,0,1,0,0,차대차 - 측면충돌,신호위반,포장 - 건조,맑음,교차로 - 교차로부근,기타불명,기타불명,미분류,기타불명,이륜,남,30세,중상
2020072100100587,2020년 7월 21일 22시,화요일,서울특별시 강서구 마곡동,경상사고,0,0,1,0,차량단독 - 기타,기타,포장 - 건조,맑음,단일로 - 기타,승합,남,53세,상해없음,,,,
2020072200100083,2020년 7월 22일 07시,수요일,서울특별시 강서구 화곡동,경상사고,0,0,3,0,차대차 - 측면충돌,안전운전불이행,포장 - 건조,흐림,교차로 - 교차로안,승용,여,51세,경상,승용,남,58세,경상
2020072200100426,2020년 7월 22일 17시,수요일,서울특별시 강서구 화곡동,경상사고,0,0,1,0,차대차 - 기타,안전운전불이행,포장 - 젖음/습기,비,단일로 - 기타,승용,남,41세,상해없음,이륜,남,45세,경상
2020072300100207,2020년 7월 23일 12시,목요일,서울특별시 강서구 마곡동,중상사고,0,1,2,0,차대차 - 기타,신호위반,포장 - 젖음/습기,비,교차로 - 교차로안,승용,여,57세,상해없음,승용,남,60세,경상
2020072300100208,2020년 7월 23일 12시,목요일,서울특별시 강서구 화곡동,경상사고,0,0,1,0,차대차 - 기타,안전운전불이행,포장 - 건조,맑음,단일로 - 기타,승용,남,73세,상해없음,원동기,남,24세,경상
2020072300100300,2020년 7월 23일 15시,목요일,서울특별시 강서구 화곡동,경상사고,0,0,2,0,차대차 - 기타,안전거리미확보,포장 - 건조,맑음,단일로 - 기타,승용,남,60세,상해없음,승용,여,44세,상해없음
2020072300100522,2020년 7월 23일 20시,목요일,서울특별시 강서구 마곡동,경상사고,0,0,1,0,차대차 - 측면충돌,신호위반,포장 - 젖음/습기,비,교차로 - 교차로안,승용,여,52세,상해없음,승용,여,48세,경상
2020072300100626,2020년 7월 23일 22시,목요일,서울특별시 강서구 화곡동,경상사고,0,0,1,0,차대사람 - 차도통행중,안전운전불이행,포장 - 젖음/습기,비,교차로 - 교차로부근,승용,남,64세,상해없음,보행자,여,62세,경상
2020072400100047,2020년 7월 24일 04시,금요일,서울특별시 강서구 화곡동,경상사고,0,0,1,0,차대사람 - 차도통행중,안전운전불이행,포장 - 젖음/습기,비,단일로 - 기타,이륜,남,31세,상해없음,보행자,남,44세,경상
2020072400100234,2020년 7월 24일 13시,금요일,서울특별시 강서구 방화동,중상사고,0,1,1,0,차대차 - 측면충돌,안전운전불이행,포장 - 건조,맑음,교차로 - 교차로안,승용,여,48세,경상,승용,여,51세,중상
2020072400100286,2020년 7월 24일 15시,금요일,서울특별시 강서구 화곡동,경상사고,0,0,1,0,차대사람 - 기타,안전운전불이행,포장 - 건조,맑음,단일로 - 기타,화물,남,40세,상해없음,보행자,여,71세,경상
2020072400100463,2020년 7월 24일 19시,금요일,서울특별시 강서구 방화동,경상사고,0,0,1,0,차대사람 - 차도통행중,안전운전불이행,포장 - 건조,맑음,단일로 - 기타,승용,남,62세,상해없음,보행자,남,8세,경상
2020072400100496,2020년 7월 24일 20시,금요일,서울특별시 강서구 방화동,경상사고,0,0,1,0,차대차 - 기타,안전운전불이행,포장 - 건조,맑음,교차로 - 교차로안,기타불명,기타불명,미분류,기타불명,자전거,남,13세,경상
2020072500100052,2020년 7월 25일 02시,토요일,서울특별시 강서구 등촌동,경상사고,0,0,3,2,차대차 - 기타,안전운전불이행,포장 - 건조,맑음,교차로 - 교차로안,승용,남,39세,경상,승용,남,37세,경상
2020072500100233,2020년 7월 25일 12시,토요일,서울특별시 강서구 화곡동,중상사고,0,1,0,0,차대차 - 측면충돌,안전운전불이행,포장 - 건조,맑음,교차로 - 교차로안,승용,남,46세,상해없음,이륜,남,64세,중상
2020072500100385,2020년 7월 25일 16시,토요일,서울특별시 강서구 개화동,경상사고,0,0,1,0,차대차 - 측면충돌,안전거리미확보,포장 - 건조,흐림,단일로 - 기타,건설기계,남,50세,상해없음,승용,남,32세,경상
2020072500100592,2020년 7월 25일 22시,토요일,서울특별시 강서구 화곡동,경상사고,0,0,1,0,차대사람 - 기타,안전운전불이행,포장 - 건조,맑음,단일로 - 기타,승용,남,61세,상해없음,보행자,남,27세,경상
2020072600100179,2020년 7월 26일 13시,일요일,서울특별시 강서구 마곡동,경상사고,0,0,1,0,차대차 - 추돌,안전운전불이행,포장 - 건조,맑음,단일로 - 기타,승용,여,56세,상해없음,승용,남,38세,경상
2020072600100314,2020년 7월 26일 17시,일요일,서울특별시 강서구 화곡동,경상사고,0,0,1,0,차대차 - 기타,안전운전불이행,포장 - 건조,맑음,교차로 - 교차로안,이륜,남,26세,경상,승용,남,30세,상해없음
2020072600100371,2020년 7월 26일 19시,일요일,서울특별시 강서구 마곡동,경상사고,0,0,2,0,차대차 - 측면충돌,신호위반,포장 - 건조,맑음,교차로 - 교차로부근,이륜,남,32세,기타불명,승합,남,58세,경상
2020072600100413,2020년 7월 26일 21시,일요일,서울특별시 강서구 방화동,부상신고사고,0,0,0,1,차량단독 - 전도전복 - 전도,안전운전불이행,포장 - 젖음/습기,비,교차로 - 교차로부근,원동기,여,21세,부상신고,,,,
2020072700100159,2020년 7월 27일 10시,월요일,서울특별시 강서구 화곡동,경상사고,0,0,1,0,차대차 - 후진중충돌,안전운전불이행,포장 - 건조,맑음,교차로 - 교차로부근,화물,남,43세,상해없음,이륜,남,29세,경상
2020072700100264,2020년 7월 27일 13시,월요일,서울특별시 강서구 등촌동,경상사고,0,0,2,0,차대차 - 기타,안전운전불이행,포장 - 건조,맑음,단일로 - 기타,승용,남,48세,상해없음,승용,여,30세,경상
2020072700100303,2020년 7월 27일 14시,월요일,서울특별시 강서구 화곡동,중상사고,0,1,0,0,차대사람 - 보도통행중,안전운전불이행,포장 - 건조,맑음,단일로 - 기타,승용,여,46세,상해없음,보행자,여,76세,중상
2020072700100304,2020년 7월 27일 14시,월요일,서울특별시 강서구 화곡동,부상신고사고,0,0,0,1,차대사람 - 횡단중,안전운전불이행,포장 - 젖음/습기,비,단일로 - 기타,승용,남,51세,상해없음,보행자,남,52세,부상신고
2020072800100241,2020년 7월 28일 14시,화요일,서울특별시 강서구 공항동,경상사고,0,0,1,0,차량단독 - 기타,안전운전불이행,포장 - 건조,맑음,단일로 - 기타,이륜,남,51세,경상,,,,
2020072800100339,2020년 7월 28일 17시,화요일,서울특별시 강서구 가양동,중상사고,0,1,0,0,차대차 - 기타,안전운전불이행,포장 - 건조,맑음,교차로 - 교차로안,승용,남,63세,상해없음,승용,남,48세,중상
2020072800100435,2020년 7월 28일 19시,화요일,서울특별시 강서구 등촌동,경상사고,0,0,1,0,차대사람 - 기타,안전운전불이행,포장 - 건조,맑음,단일로 - 기타,승용,남,60세,상해없음,보행자,여,28세,경상
2020072800100520,2020년 7월 28일 21시,화요일,서울특별시 강서구 화곡동,경상사고,0,0,1,0,차대사람 - 횡단중,보행자보호의무위반,포장 - 건조,맑음,교차로 - 교차로안,화물,남,59세,상해없음,보행자,남,50세,경상
2020072900100294,2020년 7월 29일 14시,수요일,서울특별시 강서구 마곡동,경상사고,0,0,1,0,차대차 - 측면충돌,신호위반,포장 - 젖음/습기,비,교차로 - 교차로안,이륜,남,28세,기타불명,승용,남,34세,경상
2020072900100326,2020년 7월 29일 15시,수요일,서울특별시 강서구 공항동,경상사고,0,0,1,0,차대차 - 측면충돌,안전운전불이행,포장 - 건조,맑음,기타 - 기타,기타불명,기타불명,미분류,기타불명,이륜,남,62세,경상
2020072900100362,2020년 7월 29일 16시,수요일,서울특별시 강서구 등촌동,경상사고,0,0,1,0,차대차 - 측면충돌,중앙선침범,포장 - 건조,맑음,단일로 - 기타,화물,남,44세,상해없음,승용,여,37세,경상
2020072900100429,2020년 7월 29일 18시,수요일,서울특별시 강서구 화곡동,중상사고,0,1,0,0,차량단독 - 기타,기타,포장 - 건조,맑음,단일로 - 기타,승합,남,56세,상해없음,,,,
2020073000100075,2020년 7월 30일 07시,목요일,서울특별시 강서구 가양동,경상사고,0,0,1,0,차량단독 - 기타,안전운전불이행,포장 - 건조,맑음,단일로 - 터널,승용,남,60세,상해없음,,,,
2020073000100199,2020년 7월 30일 12시,목요일,서울특별시 강서구 화곡동,경상사고,0,0,1,0,차대차 - 기타,안전운전불이행,포장 - 건조,맑음,교차로 - 교차로부근,승용,여,75세,상해없음,이륜,남,67세,경상
2020073000100200,2020년 7월 30일 12시,목요일,서울특별시 강서구 공항동,경상사고,0,0,1,0,차대차 - 후진중충돌,안전운전불이행,포장 - 건조,맑음,교차로 - 교차로부근,승용,남,66세,상해없음,이륜,남,30세,경상
2020073000100344,2020년 7월 30일 16시,목요일,서울특별시 강서구 염창동,경상사고,0,0,1,0,차대차 - 기타,안전운전불이행,포장 - 건조,맑음,단일로 - 기타,승용,여,53세,상해없음,자전거,남,58세,경상
2020073000100572,2020년 7월 30일 22시,목요일,서울특별시 강서구 화곡동,경상사고,0,0,1,0,차대사람 - 횡단중,안전운전불이행,포장 - 건조,맑음,단일로 - 기타,승용,여,30세,상해없음,보행자,여,51세,경상
2020073000100573,2020년 7월 30일 22시,목요일,서울특별시 강서구 화곡동,경상사고,0,0,1,0,차대차 - 측면충돌,안전거리미확보,포장 - 건조,맑음,단일로 - 기타,승용,남,56세,상해없음,이륜,남,29세,경상
2020073100100063,2020년 7월 31일 06시,금요일,서울특별시 강서구 화곡동,경상사고,0,0,1,0,차대차 - 기타,안전운전불이행,포장 - 건조,맑음,교차로 - 교차로안,승합,여,53세,상해없음,승용,여,63세,경상
2020073100100074,2020년 7월 31일 07시,금요일,서울특별시 강서구 염창동,중상사고,0,1,0,0,차대차 - 기타,기타,포장 - 건조,맑음,기타 - 기타,승용,여,39세,상해없음,이륜,남,39세,중상
2020073100100319,2020년 7월 31일 15시,금요일,서울특별시 강서구 방화동,경상사고,0,0,1,0,차대차 - 기타,차로위반,포장 - 젖음/습기,흐림,단일로 - 기타,승합,남,58세,상해없음,원동기,남,16세,경상
2020073100100547,2020년 7월 31일 20시,금요일,서울특별시 강서구 방화동,경상사고,0,0,2,0,차대차 - 추돌,안전운전불이행,포장 - 건조,흐림,단일로 - 기타,화물,남,52세,상해없음,승용,남,73세,경상
2020073100100578,2020년 7월 31일 21시,금요일,서울특별시 강서구 마곡동,경상사고,0,0,1,0,차대차 - 측면충돌,신호위반,포장 - 건조,맑음,교차로 - 교차로안,승용,남,36세,상해없음,승용,남,61세,경상
2020080100100167,2020년 8월 1일 11시,토요일,서울특별시 강서구 개화동,경상사고,0,0,1,1,차대차 - 기타,안전운전불이행,포장 - 젖음/습기,비,교차로 - 교차로부근,화물,남,69세,상해없음,승용,남,41세,경상
2020080100100589,2020년 8월 1일 23시,토요일,서울특별시 강서구 마곡동,경상사고,0,0,1,0,차대사람 - 횡단중,보행자보호의무위반,포장 - 젖음/습기,흐림,교차로 - 교차로안,승용,남,52세,상해없음,보행자,남,38세,경상
2020080100100590,2020년 8월 1일 23시,토요일,서울특별시 강서구 화곡동,경상사고,0,0,1,0,차대차 - 추돌,안전운전불이행,포장 - 젖음/습기,비,단일로 - 기타,기타불명,기타불명,미분류,기타불명,승용,여,56세,경상
2020080200100002,2020년 8월 2일 00시,일요일,서울특별시 강서구 가양동,경상사고,0,0,1,0,차대사람 - 횡단중,신호위반,포장 - 젖음/습기,비,교차로 - 교차로안,승용,남,30세,상해없음,보행자,남,49세,경상
2020080200100032,2020년 8월 2일 03시,일요일,서울특별시 강서구 가양동,경상사고,0,0,1,0,차대차 - 측면충돌,신호위반,포장 - 젖음/습기,비,교차로 - 교차로안,화물,남,39세,상해없음,승용,남,63세,경상
2020080200100046,2020년 8월 2일 05시,일요일,서울특별시 강서구 방화동,경상사고,0,0,1,0,차대차 - 기타,안전운전불이행,포장 - 젖음/습기,비,교차로 - 교차로부근,자전거,남,73세,경상,승합,여,34세,상해없음
2020080200100054,2020년 8월 2일 06시,일요일,서울특별시 강서구 화곡동,부상신고사고,0,0,0,1,차대차 - 측면충돌,안전운전불이행,포장 - 젖음/습기,비,교차로 - 교차로안,승용,남,32세,기타불명,승용,남,51세,부상신고
2020080200100102,2020년 8월 2일 11시,일요일,서울특별시 강서구 화곡동,경상사고,0,0,1,0,차대사람 - 보도통행중,안전운전불이행,포장 - 젖음/습기,비,단일로 - 기타,승합,남,64세,기타불명,보행자,여,66세,경상
2020080200100173,2020년 8월 2일 14시,일요일,서울특별시 강서구 방화동,경상사고,0,0,1,0,차대차 - 측면충돌,안전운전불이행,포장 - 건조,맑음,교차로 - 교차로안,승용,남,49세,상해없음,이륜,남,34세,경상
2020080200100291,2020년 8월 2일 18시,일요일,서울특별시 강서구 공항동,경상사고,0,0,4,0,차대차 - 기타,안전운전불이행,포장 - 건조,맑음,교차로 - 교차로부근,승합,남,61세,상해없음,승용,남,27세,경상
2020080300100058,2020년 8월 3일 07시,월요일,서울특별시 강서구 염창동,경상사고,0,0,1,0,차대차 - 추돌,안전운전불이행,포장 - 젖음/습기,흐림,단일로 - 기타,승용,남,26세,상해없음,승용,남,34세,경상
2020080300100328,2020년 8월 3일 15시,월요일,서울특별시 강서구 화곡동,경상사고,0,0,1,0,차대차 - 기타,안전운전불이행,포장 - 젖음/습기,비,교차로 - 교차로부근,승용,남,62세,기타불명,이륜,남,28세,경상
2020080400100025,2020년 8월 4일 02시,화요일,서울특별시 강서구 화곡동,부상신고사고,0,0,0,1,차대차 - 기타,안전운전불이행,포장 - 건조,맑음,단일로 - 기타,승용,남,61세,상해없음,이륜,남,17세,부상신고
2020080400100044,2020년 8월 4일 05시,화요일,서울특별시 강서구 화곡동,중상사고,0,1,1,0,차대차 - 측면충돌,안전운전불이행,포장 - 젖음/습기,비,교차로 - 교차로안,승용,남,23세,상해없음,승용,여,34세,경상
2020080400100107,2020년 8월 4일 09시,화요일,서울특별시 강서구 화곡동,경상사고,0,0,1,0,차대차 - 기타,안전거리미확보,포장 - 젖음/습기,비,단일로 - 기타,원동기,남,42세,상해없음,원동기,여,37세,경상
2020080400100412,2020년 8월 4일 18시,화요일,서울특별시 강서구 등촌동,중상사고,0,1,2,0,차대차 - 추돌,안전운전불이행,포장 - 건조,맑음,교차로 - 교차로안,승용,남,46세,경상,승용,남,71세,경상
2020080400100482,2020년 8월 4일 20시,화요일,서울특별시 강서구 화곡동,부상신고사고,0,0,0,1,차대차 - 측면충돌,안전운전불이행,포장 - 젖음/습기,비,교차로 - 교차로안,자전거,남,57세,부상신고,화물,남,60세,상해없음
2020080400100519,2020년 8월 4일 21시,화요일,서울특별시 강서구 화곡동,경상사고,0,0,1,0,차대차 - 추돌,안전거리미확보,포장 - 젖음/습기,맑음,단일로 - 기타,승용,남,24세,상해없음,승용,남,41세,경상
2020080400100520,2020년 8월 4일 21시,화요일,서울특별시 강서구 화곡동,중상사고,0,1,0,0,차대사람 - 기타,안전운전불이행,포장 - 건조,맑음,교차로 - 교차로부근,승용,남,65세,기타불명,보행자,남,69세,중상
2020080500100153,2020년 8월 5일 11시,수요일,서울특별시 강서구 마곡동,중상사고,0,1,2,0,차대차 - 측면충돌,신호위반,포장 - 건조,맑음,교차로 - 교차로안,승용,남,66세,상해없음,승합,남,62세,상해없음
2020080500100154,2020년 8월 5일 11시,수요일,서울특별시 강서구 공항동,경상사고,0,0,2,0,차대차 - 기타,불법유턴,포장 - 건조,맑음,교차로 - 교차로안,화물,남,41세,상해없음,승용,남,51세,경상
2020080500100256,2020년 8월 5일 14시,수요일,서울특별시 강서구 마곡동,경상사고,0,0,2,0,차대차 - 측면충돌,안전운전불이행,포장 - 건조,맑음,단일로 - 기타,승용,여,52세,경상,승용,여,43세,경상
2020080500100320,2020년 8월 5일 16시,수요일,서울특별시 강서구 염창동,경상사고,0,0,1,0,차대차 - 기타,안전운전불이행,포장 - 건조,맑음,기타 - 기타,승용,여,51세,상해없음,승용,여,55세,경상
2020080500100389,2020년 8월 5일 18시,수요일,서울특별시 강서구 방화동,경상사고,0,0,1,0,차대차 - 기타,안전운전불이행,포장 - 젖음/습기,비,교차로 - 교차로안,자전거,남,36세,경상,승용,남,30세,상해없음
2020080500100531,2020년 8월 5일 22시,수요일,서울특별시 강서구 마곡동,경상사고,0,0,1,0,차대사람 - 차도통행중,안전운전불이행,포장 - 건조,맑음,교차로 - 교차로부근,승용,남,57세,기타불명,보행자,남,36세,경상
2020080600100142,2020년 8월 6일 09시,목요일,서울특별시 강서구 화곡동,경상사고,0,0,1,0,차대사람 - 기타,불법유턴,포장 - 건조,맑음,기타 - 기타,승용,남,56세,상해없음,보행자,남,22세,경상
2020080600100143,2020년 8월 6일 09시,목요일,서울특별시 강서구 내발산동,경상사고,0,0,2,0,차대차 - 측면충돌,안전운전불이행,포장 - 건조,기타,교차로 - 교차로안,승용,여,31세,경상,승합,남,59세,상해없음
2020080600100332,2020년 8월 6일 15시,목요일,서울특별시 강서구 화곡동,중상사고,0,1,0,0,차대사람 - 기타,안전운전불이행,포장 - 건조,맑음,단일로 - 기타,승용,남,68세,상해없음,보행자,여,62세,중상
2020080600100372,2020년 8월 6일 16시,목요일,서울특별시 강서구 염창동,경상사고,0,0,1,0,차대차 - 측면충돌,안전운전불이행,포장 - 건조,맑음,단일로 - 기타,승용,남,27세,경상,승용,남,52세,상해없음
2020080600100533,2020년 8월 6일 21시,목요일,서울특별시 강서구 오쇠동,경상사고,0,0,1,0,차대차 - 측면충돌,신호위반,포장 - 건조,맑음,교차로 - 교차로안,승용,여,45세,상해없음,승용,남,27세,경상
2020080700100023,2020년 8월 7일 01시,금요일,서울특별시 강서구 화곡동,경상사고,0,0,2,0,차대차 - 측면충돌,신호위반,포장 - 건조,맑음,교차로 - 교차로안,승합,남,61세,상해없음,승용,남,50세,경상
2020080700100072,2020년 8월 7일 07시,금요일,서울특별시 강서구 화곡동,경상사고,0,0,2,0,차대차 - 측면충돌,신호위반,포장 - 건조,맑음,교차로 - 교차로안,승합,남,76세,상해없음,승용,남,76세,경상
2020080700100387,2020년 8월 7일 17시,금요일,서울특별시 강서구 가양동,경상사고,0,0,3,0,차대차 - 측면충돌,안전운전불이행,포장 - 건조,맑음,교차로 - 교차로안,승용,남,66세,경상,승용,남,47세,경상
2020080700100429,2020년 8월 7일 18시,금요일,서울특별시 강서구 등촌동,중상사고,0,1,0,0,차대차 - 기타,안전운전불이행,포장 - 건조,맑음,교차로 - 교차로부근,승합,남,59세,상해없음,승용,여,49세,중상
2020080700100612,2020년 8월 7일 23시,금요일,서울특별시 강서구 화곡동,경상사고,0,0,1,0,차대차 - 측면충돌,중앙선침범,포장 - 건조,기타,기타 - 기타,승용,남,50세,상해없음,승용,남,37세,경상
2020080800100475,2020년 8월 8일 20시,토요일,서울특별시 강서구 등촌동,경상사고,0,0,2,0,차대차 - 기타,중앙선침범,포장 - 젖음/습기,비,교차로 - 교차로부근,이륜,남,27세,경상,승용,남,53세,경상
2020080900100001,2020년 8월 9일 00시,일요일,서울특별시 강서구 화곡동,부상신고사고,0,0,0,1,차대사람 - 기타,안전운전불이행,포장 - 젖음/습기,흐림,단일로 - 기타,승용,남,66세,상해없음,보행자,남,49세,부상신고
2020080900100116,2020년 8월 9일 10시,일요일,서울특별시 강서구 마곡동,경상사고,0,0,1,0,차대사람 - 횡단중,보행자보호의무위반,포장 - 젖음/습기,비,교차로 - 교차로횡단보도내,이륜,남,42세,상해없음,보행자,여,54세,경상
2020081000100026,2020년 8월 10일 05시,월요일,서울특별시 강서구 염창동,경상사고,0,0,1,0,차대차 - 측면충돌,안전거리미확보,포장 - 젖음/습기,비,단일로 - 기타,화물,남,63세,상해없음,승용,남,37세,경상
2020081000100432,2020년 8월 10일 19시,월요일,서울특별시 강서구 가양동,경상사고,0,0,1,0,차대차 - 기타,안전거리미확보,포장 - 건조,흐림,단일로 - 기타,승용,남,26세,상해없음,승용,여,38세,경상
2020081100100069,2020년 8월 11일 06시,화요일,서울특별시 강서구 염창동,경상사고,0,0,2,0,차대차 - 추돌,안전거리미확보,포장 - 젖음/습기,비,교차로 - 교차로부근,화물,남,33세,상해없음,승용,남,71세,경상