사고번호,사고일시,요일,시군구,사고내용,사망자수,중상자수,경상자수,부상신고자수,사고유형,법규위반,노면상태,기상상태,도로형태,가해운전자 차종,가해운전자 성별,가해운전자 연령,가해운전자 상해정도,피해운전자 차종,피해운전자 성별,피해운전자 연령,피해운전자 상해정도
2020081100100275,2020년 8월 11일 13시,화요일,서울특별시 강서구 화곡동,중상사고,0,1,0,0,차대사람 - 기타,안전운전불이행,포장 - 젖음/습기,흐림,교차로 - 교차로부근,승용,남,28세,상해없음,보행자,여,68세,중상
2020081100100415,2020년 8월 11일 17시,화요일,서울특별시 강서구 화곡동,경상사고,0,0,1,0,차대사람 - 기타,안전운전불이행,포장 - 젖음/습기,흐림,단일로 - 기타,승용,여,30세,상해없음,보행자,남,42세,경상
2020081100100584,2020년 8월 11일 22시,화요일,서울특별시 강서구 화곡동,중상사고,0,1,0,0,차대사람 - 기타,안전운전불이행,포장 - 건조,맑음,단일로 - 기타,화물,남,65세,상해없음,보행자,여,64세,중상
2020081200100020,2020년 8월 12일 02시,수요일,서울특별시 강서구 등촌동,경상사고,0,0,1,0,차대차 - 추돌,안전운전불이행,포장 - 젖음/습기,비,교차로 - 교차로부근,승용,남,26세,상해없음,승용,남,43세,경상
2020081200100036,2020년 8월 12일 04시,수요일,서울특별시 강서구 가양동,중상사고,0,1,0,0,차대차 - 측면충돌,안전운전불이행,포장 - 건조,기타,기타 - 기타,승용,남,37세,상해없음,화물,남,35세,중상
2020081200100519,2020년 8월 12일 20시,수요일,서울특별시 강서구 화곡동,경상사고,0,0,1,0,차대차 - 기타,안전운전불이행,포장 - 건조,맑음,단일로 - 기타,승용,남,39세,상해없음,이륜,남,48세,경상
2020081200100549,2020년 8월 12일 21시,수요일,서울특별시 강서구 마곡동,경상사고,0,0,1,0,차대차 - 측면충돌,안전운전불이행,포장 - 건조,맑음,단일로 - 기타,승용,남,45세,상해없음,자전거,남,42세,경상
2020081300100209,2020년 8월 13일 12시,목요일,서울특별시 강서구 등촌동,경상사고,0,0,1,0,차대차 - 기타,차로위반,포장 - 건조,맑음,교차로 - 교차로부근,승용,여,33세,상해없음,승용,여,61세,경상
2020081400100003,2020년 8월 14일 00시,금요일,서울특별시 강서구 화곡동,경상사고,0,0,1,0,차대차 - 기타,안전운전불이행,포장 - 건조,맑음,교차로 - 교차로안,승용,남,64세,상해없음,원동기,남,28세,경상
2020081400100133,2020년 8월 14일 09시,금요일,서울특별시 강서구 마곡동,경상사고,0,0,1,0,차대차 - 측면충돌,안전운전불이행,포장 - 건조,맑음,교차로 - 교차로부근,화물,남,30세,상해없음,자전거,여,23세,경상
2020081400100198,2020년 8월 14일 11시,금요일,서울특별시 강서구 화곡동,경상사고,0,0,1,0,차대차 - 기타,안전운전불이행,포장 - 건조,기타,교차로 - 교차로부근,승용,남,60세,상해없음,화물,남,50세,경상
2020081400100450,2020년 8월 14일 17시,금요일,서울특별시 강서구 등촌동,경상사고,0,0,1,0,차대차 - 측면충돌,안전운전불이행,포장 - 건조,맑음,단일로 - 기타,승용,남,57세,상해없음,승용,남,68세,경상
2020081400100499,2020년 8월 14일 18시,금요일,서울특별시 강서구 가양동,경상사고,0,0,1,0,차대사람 - 차도통행중,안전운전불이행,포장 - 건조,맑음,단일로 - 기타,승용,남,45세,상해없음,보행자,여,35세,경상
2020081400100633,2020년 8월 14일 21시,금요일,서울특별시 강서구 화곡동,경상사고,0,0,1,0,차대차 - 추돌,신호위반,포장 - 기타,맑음,교차로 - 교차로횡단보도내,이륜,남,38세,경상,승용,남,47세,상해없음
2020081500100061,2020년 8월 15일 03시,토요일,서울특별시 강서구 화곡동,경상사고,0,0,1,0,차량단독 - 기타,안전운전불이행,포장 - 건조,맑음,단일로 - 기타,승용,남,62세,상해없음,,,,
2020081500100094,2020년 8월 15일 06시,토요일,서울특별시 강서구 외발산동,경상사고,0,0,1,0,차대차 - 기타,안전운전불이행,포장 - 젖음/습기,비,교차로 - 교차로안,화물,남,49세,상해없음,승용,남,75세,경상
2020081500100248,2020년 8월 15일 13시,토요일,서울특별시 강서구 외발산동,경상사고,0,0,3,0,차대차 - 측면충돌,신호위반,포장 - 젖음/습기,비,교차로 - 교차로안,승용,여,53세,상해없음,승용,남,70세,경상
2020081600100067,2020년 8월 16일 05시,일요일,서울특별시 강서구 공항동,경상사고,0,0,1,0,차대차 - 추돌,안전운전불이행,포장 - 건조,맑음,단일로 - 기타,승용,남,56세,상해없음,승용,남,35세,경상
2020081600100113,2020년 8월 16일 09시,일요일,서울특별시 강서구 공항동,경상사고,0,0,2,0,차량단독 - 기타,안전운전불이행,포장 - 건조,맑음,단일로 - 기타,승용,남,65세,상해없음,,,,
2020081600100114,2020년 8월 16일 09시,일요일,서울특별시 강서구 개화동,경상사고,0,0,1,0,차대차 - 추돌,안전운전불이행,포장 - 건조,맑음,교차로 - 교차로부근,승용,남,79세,기타불명,승용,남,49세,경상
2020081600100278,2020년 8월 16일 15시,일요일,서울특별시 강서구 화곡동,중상사고,0,1,0,0,차대사람 - 길가장자리구역통행중,안전운전불이행,포장 - 건조,맑음,단일로 - 기타,승용,여,58세,상해없음,보행자,남,19세,중상
2020081600100375,2020년 8월 16일 18시,일요일,서울특별시 강서구 가양동,중상사고,0,1,2,0,차대차 - 추돌,안전운전불이행,포장 - 건조,맑음,단일로 - 기타,화물,남,68세,중상,화물,남,51세,상해없음
2020081700100372,2020년 8월 17일 17시,월요일,서울특별시 강서구 공항동,경상사고,0,0,3,0,차대차 - 측면충돌,안전운전불이행,포장 - 건조,맑음,단일로 - 기타,화물,남,21세,경상,승용,여,38세,경상
2020081700100419,2020년 8월 17일 18시,월요일,서울특별시 강서구 등촌동,경상사고,0,0,1,0,차대차 - 측면충돌,신호위반,포장 - 건조,맑음,교차로 - 교차로안,승용,남,60세,상해없음,승용,남,28세,경상
2020081800100002,2020년 8월 18일 00시,화요일,서울특별시 강서구 화곡동,경상사고,0,0,1,0,차대사람 - 기타,안전운전불이행,포장 - 건조,맑음,교차로 - 교차로부근,이륜,남,39세,상해없음,보행자,남,29세,경상
2020081800100122,2020년 8월 18일 09시,화요일,서울특별시 강서구 염창동,경상사고,0,0,1,0,차대차 - 기타,안전운전불이행,포장 - 건조,맑음,단일로 - 기타,자전거,남,17세,경상,승용,남,50세,상해없음
2020081800100235,2020년 8월 18일 12시,화요일,서울특별시 강서구 화곡동,부상신고사고,0,0,0,1,차대차 - 기타,안전거리미확보,포장 - 건조,맑음,단일로 - 기타,화물,남,34세,상해없음,승용,남,33세,부상신고
2020081800100273,2020년 8월 18일 13시,화요일,서울특별시 강서구 방화동,경상사고,0,0,2,0,차대차 - 기타,차로위반,포장 - 건조,맑음,단일로 - 기타,승용,여,71세,상해없음,승용,남,36세,경상
2020081800100506,2020년 8월 18일 18시,화요일,서울특별시 강서구 공항동,경상사고,0,0,1,0,차대차 - 기타,신호위반,포장 - 기타,맑음,교차로 - 교차로안,승용,남,35세,상해없음,승용,남,65세,경상
2020081800100629,2020년 8월 18일 21시,화요일,서울특별시 강서구 화곡동,경상사고,0,0,2,0,차대차 - 측면충돌,안전운전불이행,포장 - 건조,맑음,단일로 - 기타,승용,여,60세,상해없음,승용,남,56세,경상
2020081800100630,2020년 8월 18일 21시,화요일,서울특별시 강서구 내발산동,경상사고,0,0,1,0,차대사람 - 보도통행중,기타,포장 - 건조,맑음,단일로 - 기타,개인형이동수단(PM),여,46세,기타불명,보행자,여,30세,경상
2020081800100682,2020년 8월 18일 23시,화요일,서울특별시 강서구 개화동,중상사고,0,1,0,0,차대사람 - 차도통행중,기타,포장 - 건조,맑음,단일로 - 기타,승합,남,56세,상해없음,보행자,남,68세,중상
2020081900100152,2020년 8월 19일 10시,수요일,서울특별시 강서구 등촌동,중상사고,0,1,0,0,차대차 - 측면충돌,안전운전불이행,포장 - 건조,맑음,교차로 - 교차로부근,승용,남,46세,상해없음,자전거,남,65세,중상
2020081900100349,2020년 8월 19일 15시,수요일,서울특별시 강서구 공항동,중상사고,0,1,0,0,차대차 - 기타,안전운전불이행,포장 - 건조,맑음,단일로 - 기타,화물,남,48세,상해없음,자전거,남,84세,중상
2020082000100037,2020년 8월 20일 06시,목요일,서울특별시 강서구 화곡동,경상사고,0,0,1,0,차대차 - 측면충돌,안전운전불이행,포장 - 건조,맑음,교차로 - 교차로안,승용,남,72세,상해없음,화물,남,50세,경상
2020082000100155,2020년 8월 20일 10시,목요일,서울특별시 강서구 마곡동,경상사고,0,0,1,0,차대차 - 추돌,안전운전불이행,포장 - 건조,맑음,단일로 - 기타,승용,남,38세,상해없음,승용,여,65세,경상
2020082000100185,2020년 8월 20일 11시,목요일,서울특별시 강서구 공항동,사망사고,1,0,0,0,차대차 - 기타,신호위반,포장 - 건조,맑음,단일로 - 기타,승합,남,54세,상해없음,자전거,남,71세,사망
2020082000100267,2020년 8월 20일 13시,목요일,서울특별시 강서구 화곡동,중상사고,0,2,2,0,차량단독 - 공작물충돌,안전운전불이행,포장 - 건조,맑음,단일로 - 기타,승합,남,60세,상해없음,,,,
2020082000100268,2020년 8월 20일 13시,목요일,서울특별시 강서구 화곡동,경상사고,0,0,1,0,차대차 - 측면충돌,안전운전불이행,포장 - 건조,흐림,교차로 - 교차로안,승용,남,63세,상해없음,승용,남,56세,경상
2020082000100390,2020년 8월 20일 16시,목요일,서울특별시 강서구 마곡동,중상사고,0,1,1,0,차대차 - 측면충돌,안전운전불이행,포장 - 젖음/습기,비,교차로 - 교차로부근,승용,여,35세,경상,승용,남,60세,중상
2020082000100555,2020년 8월 20일 20시,목요일,서울특별시 강서구 화곡동,경상사고,0,0,1,0,차대차 - 측면충돌,신호위반,포장 - 건조,맑음,교차로 - 교차로안,이륜,남,54세,상해없음,이륜,남,29세,경상
2020082000100621,2020년 8월 20일 23시,목요일,서울특별시 강서구 화곡동,경상사고,0,0,1,0,차대차 - 추돌,안전운전불이행,포장 - 건조,맑음,단일로 - 기타,승용,남,38세,상해없음,승용,남,62세,경상
2020082100100022,2020년 8월 21일 02시,금요일,서울특별시 강서구 가양동,경상사고,0,0,1,0,차대차 - 추돌,안전운전불이행,포장 - 건조,맑음,단일로 - 기타,승용,남,51세,상해없음,승용,남,57세,경상
2020082100100181,2020년 8월 21일 11시,금요일,서울특별시 강서구 방화동,중상사고,0,1,0,0,차대차 - 측면충돌,안전운전불이행,포장 - 젖음/습기,비,단일로 - 기타,승용,남,62세,상해없음,이륜,남,46세,중상
2020082100100462,2020년 8월 21일 19시,금요일,서울특별시 강서구 외발산동,경상사고,0,0,1,0,차대차 - 기타,신호위반,포장 - 건조,맑음,교차로 - 교차로안,승용,남,59세,상해없음,화물,남,67세,경상
2020082100100611,2020년 8월 21일 23시,금요일,서울특별시 강서구 화곡동,중상사고,0,1,0,0,차대사람 - 기타,안전운전불이행,포장 - 건조,맑음,교차로 - 교차로부근,승용,남,40세,상해없음,보행자,남,56세,중상
2020082200100161,2020년 8월 22일 10시,토요일,서울특별시 강서구 내발산동,중상사고,0,1,0,0,차대사람 - 기타,보행자보호의무위반,포장 - 건조,맑음,교차로 - 교차로부근,승용,남,46세,상해없음,보행자,남,56세,중상
2020082200100377,2020년 8월 22일 16시,토요일,서울특별시 강서구 방화동,중상사고,0,1,0,0,차대사람 - 차도통행중,안전운전불이행,포장 - 건조,맑음,교차로 - 교차로안,승용,남,56세,상해없음,보행자,여,67세,중상
2020082200100538,2020년 8월 22일 20시,토요일,서울특별시 강서구 화곡동,경상사고,0,0,1,0,차대차 - 측면충돌,직진우회전진행방해,포장 - 건조,기타,교차로 - 교차로안,승용,남,53세,상해없음,승용,남,28세,경상
2020082300100053,2020년 8월 23일 04시,일요일,서울특별시 강서구 화곡동,경상사고,0,0,3,0,차대차 - 후진중충돌,안전운전불이행,포장 - 건조,맑음,단일로 - 기타,승용,남,29세,경상,승용,남,25세,경상
2020082300100147,2020년 8월 23일 12시,일요일,서울특별시 강서구 등촌동,경상사고,0,0,1,0,차대차 - 추돌,신호위반,포장 - 기타,맑음,단일로 - 기타,승용,남,71세,상해없음,자전거,여,29세,경상
2020082300100196,2020년 8월 23일 14시,일요일,서울특별시 강서구 화곡동,경상사고,0,0,1,0,차대사람 - 기타,안전운전불이행,포장 - 건조,맑음,단일로 - 기타,승용,남,27세,상해없음,보행자,남,46세,경상
2020082300100197,2020년 8월 23일 14시,일요일,서울특별시 강서구 마곡동,경상사고,0,0,3,0,차대차 - 측면충돌,안전거리미확보,포장 - 건조,기타,단일로 - 기타,건설기계,남,65세,상해없음,승용,남,38세,경상
2020082300100256,2020년 8월 23일 16시,일요일,서울특별시 강서구 화곡동,경상사고,0,0,2,0,차대사람 - 보도통행중,안전운전불이행,포장 - 건조,맑음,단일로 - 기타,화물,남,64세,상해없음,보행자,여,21세,경상
2020082400100064,2020년 8월 24일 07시,월요일,서울특별시 강서구 내발산동,중상사고,0,1,0,0,차대차 - 기타,신호위반,포장 - 건조,맑음,교차로 - 교차로안,승용,남,43세,상해없음,승합,남,48세,상해없음
2020082400100267,2020년 8월 24일 13시,월요일,서울특별시 강서구 화곡동,중상사고,0,1,0,0,차대차 - 기타,신호위반,포장 - 건조,맑음,단일로 - 기타,화물,남,46세,상해없음,원동기,남,66세,중상
2020082400100390,2020년 8월 24일 16시,월요일,서울특별시 강서구 공항동,중상사고,0,1,0,0,차대사람 - 기타,안전운전불이행,포장 - 건조,맑음,기타 - 기타,승용,남,67세,상해없음,보행자,남,71세,중상
2020082400100391,2020년 8월 24일 16시,월요일,서울특별시 강서구 공항동,중상사고,0,1,0,0,차대차 - 기타,안전운전불이행,포장 - 건조,맑음,단일로 - 기타,승용,남,52세,상해없음,개인형이동수단(PM),남,59세,중상
2020082400100433,2020년 8월 24일 17시,월요일,서울특별시 강서구 개화동,경상사고,0,0,1,0,차대차 - 추돌,과속,포장 - 건조,맑음,단일로 - 기타,승용,남,37세,상해없음,승용,남,59세,경상
2020082400100525,2020년 8월 24일 19시,월요일,서울특별시 강서구 마곡동,부상신고사고,0,0,0,1,차대차 - 기타,신호위반,포장 - 건조,맑음,교차로 - 교차로안,이륜,남,28세,부상신고,승용,남,30세,상해없음
2020082400100526,2020년 8월 24일 19시,월요일,서울특별시 강서구 염창동,경상사고,0,0,3,0,차대차 - 추돌,안전거리미확보,포장 - 건조,맑음,단일로 - 기타,승용,남,66세,상해없음,승용,여,58세,경상
2020082500100284,2020년 8월 25일 13시,화요일,서울특별시 강서구 방화동,사망사고,1,0,0,0,차대차 - 측면충돌,신호위반,포장 - 건조,맑음,교차로 - 교차로안,승용,여,19세,상해없음,자전거,남,85세,사망
2020082500100285,2020년 8월 25일 13시,화요일,서울특별시 강서구 마곡동,중상사고,0,1,0,0,차대차 - 측면충돌,안전운전불이행,포장 - 건조,맑음,교차로 - 교차로안,승용,여,54세,상해없음,승용,남,45세,중상
2020082500100354,2020년 8월 25일 15시,화요일,서울특별시 강서구 마곡동,경상사고,0,0,1,0,차대차 - 기타,안전운전불이행,포장 - 건조,맑음,단일로 - 기타,원동기,남,28세,상해없음,화물,남,35세,경상
2020082600100265,2020년 8월 26일 14시,수요일,서울특별시 강서구 화곡동,중상사고,0,1,0,0,차대사람 - 보도통행중,보행자보호의무위반,포장 - 건조,맑음,교차로 - 교차로횡단보도내,승용,남,51세,기타불명,보행자,여,40세,중상
2020082600100400,2020년 8월 26일 18시,수요일,서울특별시 강서구 마곡동,경상사고,0,0,2,0,차대차 - 측면충돌,안전운전불이행,포장 - 건조,맑음,단일로 - 기타,승용,남,31세,상해없음,승용,남,62세,경상
2020082700100011,2020년 8월 27일 01시,목요일,서울특별시 강서구 방화동,경상사고,0,0,1,0,차대차 - 측면충돌,안전운전불이행,포장 - 젖음/습기,비,교차로 - 교차로안,승용,남,45세,상해없음,이륜,남,18세,경상
2020082700100153,2020년 8월 27일 10시,목요일,서울특별시 강서구 방화동,경상사고,0,0,1,0,차대차 - 후진중충돌,안전운전불이행,포장 - 건조,맑음,단일로 - 기타,화물,남,61세,상해없음,승용,남,29세,경상
2020082700100252,2020년 8월 27일 14시,목요일,서울특별시 강서구 등촌동,중상사고,0,1,0,0,차대차 - 기타,신호위반,포장 - 건조,맑음,교차로 - 교차로안,승용,남,32세,상해없음,이륜,남,38세,중상
2020082700100476,2020년 8월 27일 20시,목요일,서울특별시 강서구 마곡동,경상사고,0,0,1,0,차대차 - 측면충돌,신호위반,포장 - 건조,맑음,교차로 - 교차로안,승용,남,66세,상해없음,원동기,남,44세,경상
2020082700100508,2020년 8월 27일 21시,목요일,서울특별시 강서구 화곡동,경상사고,0,0,1,0,차대사람 - 보도통행중,기타,포장 - 건조,맑음,단일로 - 기타,기타불명,기타불명,미분류,기타불명,보행자,남,20세,경상
2020082800100209,2020년 8월 28일 12시,금요일,서울특별시 강서구 화곡동,경상사고,0,0,1,0,차대차 - 측면충돌,안전운전불이행,포장 - 건조,맑음,교차로 - 교차로안,승용,남,39세,상해없음,승용,여,46세,경상
2020082800100313,2020년 8월 28일 15시,금요일,서울특별시 강서구 등촌동,경상사고,0,0,1,0,차대차 - 측면충돌,차로위반,포장 - 건조,맑음,단일로 - 기타,승용,남,27세,상해없음,승용,여,46세,경상
2020082800100366,2020년 8월 28일 16시,금요일,서울특별시 강서구 화곡동,경상사고,0,0,1,0,차대차 - 측면충돌,신호위반,포장 - 건조,맑음,교차로 - 교차로안,승용,남,60세,상해없음,승용,남,72세,상해없음
2020082800100613,2020년 8월 28일 22시,금요일,서울특별시 강서구 방화동,경상사고,0,0,1,0,차대사람 - 기타,안전운전불이행,포장 - 건조,맑음,단일로 - 기타,승용,여,55세,상해없음,보행자,남,18세,경상
2020082900100252,2020년 8월 29일 13시,토요일,서울특별시 강서구 개화동,중상사고,0,1,0,0,차대차 - 정면충돌,안전운전불이행,포장 - 젖음/습기,비,단일로 - 기타,자전거,남,59세,상해없음,자전거,남,71세,중상
2020082900100356,2020년 8월 29일 16시,토요일,서울특별시 강서구 화곡동,경상사고,0,0,1,0,차대사람 - 보도통행중,기타,포장 - 건조,흐림,단일로 - 기타,승용,남,63세,상해없음,보행자,여,23세,경상
2020083000100051,2020년 8월 30일 04시,일요일,서울특별시 강서구 방화동,중상사고,0,1,0,0,차량단독 - 공작물충돌,안전운전불이행,포장 - 젖음/습기,비,단일로 - 교량,승용,남,21세,상해없음,,,,
2020083000100070,2020년 8월 30일 07시,일요일,서울특별시 강서구 개화동,경상사고,0,0,2,0,차대차 - 추돌,과속,포장 - 건조,맑음,교차로 - 교차로안,승용,남,29세,경상,승합,남,35세,경상
2020083000100164,2020년 8월 30일 13시,일요일,서울특별시 강서구 화곡동,경상사고,0,0,1,0,차대차 - 기타,안전운전불이행,포장 - 건조,맑음,단일로 - 기타,이륜,남,60세,상해없음,승용,남,34세,경상
2020083000100190,2020년 8월 30일 14시,일요일,서울특별시 강서구 염창동,경상사고,0,0,2,0,차대차 - 측면충돌,안전운전불이행,포장 - 건조,맑음,교차로 - 교차로부근,자전거,남,10세,경상,자전거,남,56세,경상
2020083000100339,2020년 8월 30일 19시,일요일,서울특별시 강서구 방화동,경상사고,0,0,1,0,차대차 - 측면충돌,중앙선침범,포장 - 건조,맑음,교차로 - 교차로부근,자전거,남,59세,상해없음,이륜,남,18세,경상
2020083000100372,2020년 8월 30일 20시,일요일,서울특별시 강서구 화곡동,중상사고,0,1,0,0,차대차 - 기타,안전운전불이행,포장 - 젖음/습기,비,교차로 - 교차로부근,승용,남,63세,기타불명,이륜,남,53세,중상
2020083100100201,2020년 8월 31일 12시,월요일,서울특별시 강서구 방화동,중상사고,0,1,0,0,차대차 - 추돌,안전운전불이행,포장 - 건조,맑음,단일로 - 기타,자전거,여,70세,중상,승용,여,45세,상해없음
2020083100100225,2020년 8월 31일 13시,월요일,서울특별시 강서구 가양동,경상사고,0,0,2,0,차대차 - 측면충돌,안전운전불이행,포장 - 건조,맑음,교차로 - 교차로안,승용,여,51세,경상,화물,남,65세,경상
2020083100100292,2020년 8월 31일 15시,월요일,서울특별시 강서구 화곡동,경상사고,0,0,1,0,차대사람 - 횡단중,안전운전불이행,포장 - 기타,맑음,교차로 - 교차로부근,승용,남,34세,상해없음,보행자,여,73세,경상
2020083100100293,2020년 8월 31일 15시,월요일,서울특별시 강서구 화곡동,경상사고,0,0,1,0,차대차 - 측면충돌,안전운전불이행,포장 - 건조,맑음,교차로 - 교차로안,승용,여,44세,상해없음,이륜,남,17세,경상
2020083100100450,2020년 8월 31일 19시,월요일,서울특별시 강서구 화곡동,경상사고,0,0,1,0,차대사람 - 기타,안전운전불이행,포장 - 건조,맑음,교차로 - 교차로안,승용,남,72세,상해없음,보행자,남,39세,경상
2020090100100016,2020년 9월 1일 03시,화요일,서울특별시 강서구 가양동,부상신고사고,0,0,0,1,차대사람 - 기타,안전운전불이행,포장 - 건조,맑음,기타 - 기타,기타불명,기타불명,미분류,기타불명,보행자,남,31세,부상신고
2020090100100211,2020년 9월 1일 13시,화요일,서울특별시 강서구 화곡동,중상사고,0,1,0,0,차대사람 - 횡단중,안전운전불이행,포장 - 건조,맑음,단일로 - 기타,승용,남,46세,상해없음,보행자,여,80세,중상
2020090100100212,2020년 9월 1일 13시,화요일,서울특별시 강서구 화곡동,경상사고,0,0,1,0,차대사람 - 기타,안전운전불이행,포장 - 건조,맑음,단일로 - 기타,화물,남,69세,상해없음,보행자,여,30세,경상
2020090100100240,2020년 9월 1일 14시,화요일,서울특별시 강서구 가양동,경상사고,0,0,1,0,차대차 - 측면충돌,안전거리미확보,포장 - 건조,맑음,교차로 - 교차로안,승용,여,33세,상해없음,승용,남,24세,경상
2020090100100241,2020년 9월 1일 14시,화요일,서울특별시 강서구 마곡동,경상사고,0,0,2,0,차대차 - 추돌,안전운전불이행,포장 - 건조,맑음,기타 - 기타,화물,남,40세,기타불명,승용,여,55세,경상
2020090100100316,2020년 9월 1일 16시,화요일,서울특별시 강서구 화곡동,경상사고,0,0,1,0,차대차 - 후진중충돌,안전운전불이행,포장 - 건조,맑음,기타 - 기타,승합,남,59세,기타불명,이륜,남,38세,경상
2020090100100435,2020년 9월 1일 19시,화요일,서울특별시 강서구 등촌동,경상사고,0,0,2,0,차대차 - 측면충돌,안전운전불이행,포장 - 건조,맑음,기타 - 기타,기타불명,기타불명,미분류,기타불명,승용,남,33세,경상
2020090200100125,2020년 9월 2일 10시,수요일,서울특별시 강서구 화곡동,경상사고,0,0,1,0,차대차 - 추돌,안전거리미확보,포장 - 젖음/습기,비,단일로 - 기타,승용,남,56세,상해없음,승용,여,64세,경상
2020090200100338,2020년 9월 2일 18시,수요일,서울특별시 강서구 방화동,경상사고,0,0,1,0,차대차 - 기타,중앙선침범,포장 - 건조,맑음,단일로 - 기타,이륜,남,60세,경상,승용,남,38세,상해없음
2020090200100538,2020년 9월 2일 23시,수요일,서울특별시 강서구 화곡동,경상사고,0,0,1,1,차대차 - 기타,안전운전불이행,포장 - 젖음/습기,비,교차로 - 교차로안,이륜,남,40세,경상,승용,남,41세,상해없음
2020090200100539,2020년 9월 2일 23시,수요일,서울특별시 강서구 화곡동,중상사고,0,1,2,0,차대차 - 정면충돌,신호위반,포장 - 젖음/습기,비,교차로 - 교차로안,승용,남,60세,상해없음,승용,남,65세,경상
2020090300100011,2020년 9월 3일 01시,목요일,서울특별시 강서구 염창동,중상사고,0,1,1,0,차량단독 - 도로외이탈 - 추락,과속,포장 - 젖음/습기,비,단일로 - 기타,승용,남,63세,경상,,,,
2020090300100012,2020년 9월 3일 01시,목요일,서울특별시 강서구 마곡동,중상사고,0,1,0,0,차대사람 - 횡단중,안전운전불이행,포장 - 젖음/습기,비,교차로 - 교차로부근,화물,남,51세,상해없음,보행자,남,57세,중상
2020090300100304,2020년 9월 3일 16시,목요일,서울특별시 강서구 가양동,경상사고,0,0,1,0,차대차 - 측면충돌,안전운전불이행,포장 - 건조,맑음,단일로 - 기타,승용,남,34세,경상,승용,여,63세,상해없음
2020090300100404,2020년 9월 3일 19시,목요일,서울특별시 강서구 등촌동,경상사고,0,0,1,0,차대차 - 기타,안전거리미확보,포장 - 건조,맑음,단일로 - 기타,승용,남,63세,상해없음,승용,남,32세,경상
2020090300100442,2020년 9월 3일 20시,목요일,서울특별시 강서구 외발산동,경상사고,0,0,1,0,차대사람 - 횡단중,보행자보호의무위반,포장 - 젖음/습기,비,교차로 - 교차로안,화물,남,27세,상해없음,보행자,남,67세,경상
2020090300100443,2020년 9월 3일 20시,목요일,서울특별시 강서구 마곡동,경상사고,0,0,1,0,차대차 - 추돌,안전운전불이행,포장 - 건조,맑음,교차로 - 교차로안,승용,남,38세,경상,화물,남,33세,상해없음
2020090400100026,2020년 9월 4일 04시,금요일,서울특별시 강서구 공항동,중상사고,0,1,0,0,차대사람 - 횡단중,안전운전불이행,포장 - 건조,맑음,교차로 - 교차로횡단보도내,승용,남,55세,상해없음,보행자,여,62세,중상
2020090400100051,2020년 9월 4일 07시,금요일,서울특별시 강서구 공항동,경상사고,0,0,1,0,차대사람 - 기타,안전운전불이행,포장 - 건조,맑음,교차로 - 교차로부근,화물,남,61세,상해없음,보행자,남,35세,경상
2020090400100177,2020년 9월 4일 11시,금요일,서울특별시 강서구 화곡동,경상사고,0,0,1,0,차대차 - 기타,중앙선침범,포장 - 건조,맑음,교차로 - 교차로안,이륜,남,44세,상해없음,이륜,남,28세,경상
2020090400100491,2020년 9월 4일 19시,금요일,서울특별시 강서구 화곡동,경상사고,0,0,4,0,차대사람 - 횡단중,안전운전불이행,포장 - 건조,맑음,교차로 - 교차로안,승합,남,69세,상해없음,보행자,여,77세,경상
2020090400100531,2020년 9월 4일 20시,금요일,서울특별시 강서구 화곡동,경상사고,0,0,2,1,차대차 - 측면충돌,신호위반,포장 - 건조,맑음,교차로 - 교차로안,원동기,남,23세,부상신고,승용,남,22세,경상
2020090400100532,2020년 9월 4일 20시,금요일,서울특별시 강서구 개화동,중상사고,0,1,0,0,차대사람 - 기타,안전운전불이행,포장 - 건조,맑음,단일로 - 기타,자전거,남,19세,상해없음,보행자,남,58세,중상
2020090400100562,2020년 9월 4일 21시,금요일,서울특별시 강서구 등촌동,경상사고,0,0,2,1,차대차 - 측면충돌,중앙선침범,포장 - 기타,기타,교차로 - 교차로부근,승용,남,45세,기타불명,승용,남,32세,경상
2020090500100085,2020년 9월 5일 09시,토요일,서울특별시 강서구 화곡동,경상사고,0,0,2,0,차대차 - 추돌,안전운전불이행,포장 - 건조,맑음,기타 - 기타,승용,남,74세,상해없음,승용,여,51세,경상
2020090500100203,2020년 9월 5일 13시,토요일,서울특별시 강서구 화곡동,부상신고사고,0,0,0,1,차대차 - 기타,안전운전불이행,포장 - 건조,맑음,단일로 - 기타,이륜,남,60세,부상신고,승용,남,71세,상해없음
2020090500100204,2020년 9월 5일 13시,토요일,서울특별시 강서구 개화동,경상사고,0,0,1,0,차대차 - 추돌,안전운전불이행,포장 - 건조,맑음,기타 - 기타,건설기계,남,59세,상해없음,승용,남,36세,경상
2020090500100501,2020년 9월 5일 21시,토요일,서울특별시 강서구 화곡동,경상사고,0,0,3,0,차대차 - 정면충돌,신호위반,포장 - 건조,맑음,교차로 - 교차로안,승용,남,47세,상해없음,승용,남,66세,경상
2020090500100502,2020년 9월 5일 21시,토요일,서울특별시 강서구 화곡동,경상사고,0,0,1,0,차대사람 - 횡단중,안전운전불이행,포장 - 건조,맑음,교차로 - 교차로안,이륜,남,24세,경상,보행자,기타불명,미분류,기타불명