사고번호,사고일시,요일,시군구,사고내용,사망자수,중상자수,경상자수,부상신고자수,사고유형,법규위반,노면상태,기상상태,도로형태,가해운전자 차종,가해운전자 성별,가해운전자 연령,가해운전자 상해정도,피해운전자 차종,피해운전자 성별,피해운전자 연령,피해운전자 상해정도
2020093000100173,2020년 9월 30일 11시,수요일,서울특별시 강서구 화곡동,경상사고,0,0,2,0,차대차 - 측면충돌,중앙선침범,포장 - 건조,맑음,단일로 - 기타,승용,남,34세,상해없음,승용,남,28세,경상
2020093000100337,2020년 9월 30일 16시,수요일,서울특별시 강서구 방화동,경상사고,0,0,1,0,차대차 - 기타,신호위반,포장 - 건조,맑음,교차로 - 교차로횡단보도내,자전거,남,24세,상해없음,자전거,여,14세,경상
2020093000100387,2020년 9월 30일 18시,수요일,서울특별시 강서구 화곡동,경상사고,0,0,1,1,차대차 - 기타,직진우회전진행방해,포장 - 건조,맑음,교차로 - 교차로안,이륜,남,24세,경상,이륜,남,26세,부상신고
2020093000100493,2020년 9월 30일 22시,수요일,서울특별시 강서구 마곡동,경상사고,0,0,1,0,차대차 - 기타,신호위반,포장 - 건조,맑음,교차로 - 교차로안,이륜,남,28세,경상,승합,남,58세,상해없음
2020100100100122,2020년 10월 1일 13시,목요일,서울특별시 강서구 화곡동,부상신고사고,0,0,0,1,차대차 - 기타,안전운전불이행,포장 - 건조,맑음,단일로 - 기타,이륜,남,27세,부상신고,화물,남,53세,상해없음
2020100200100209,2020년 10월 2일 16시,금요일,서울특별시 강서구 화곡동,경상사고,0,0,1,0,차대사람 - 보도통행중,안전운전불이행,포장 - 건조,맑음,단일로 - 기타,승용,여,24세,상해없음,보행자,여,32세,경상
2020100200100237,2020년 10월 2일 17시,금요일,서울특별시 강서구 공항동,중상사고,0,1,0,0,차대사람 - 보도통행중,기타,포장 - 건조,맑음,단일로 - 기타,화물,남,55세,상해없음,보행자,여,60세,중상
2020100300100028,2020년 10월 3일 02시,토요일,서울특별시 강서구 화곡동,경상사고,0,0,2,0,차대사람 - 차도통행중,안전운전불이행,포장 - 건조,맑음,기타 - 기타,승용,남,20세,상해없음,보행자,남,29세,상해없음
2020100300100320,2020년 10월 3일 18시,토요일,서울특별시 강서구 방화동,중상사고,0,2,0,0,차대차 - 추돌,안전운전불이행,포장 - 건조,맑음,교차로 - 교차로안,승용,남,58세,상해없음,승용,남,41세,중상
2020100400100388,2020년 10월 4일 22시,일요일,서울특별시 강서구 화곡동,경상사고,0,0,1,0,차대차 - 후진중충돌,안전운전불이행,포장 - 건조,맑음,단일로 - 기타,승용,남,22세,상해없음,이륜,남,42세,경상
2020100400100389,2020년 10월 4일 22시,일요일,서울특별시 강서구 마곡동,부상신고사고,0,0,0,1,차대차 - 기타,안전운전불이행,포장 - 건조,맑음,단일로 - 기타,승용,남,29세,상해없음,원동기,남,45세,부상신고
2020100500100033,2020년 10월 5일 06시,월요일,서울특별시 강서구 등촌동,중상사고,0,1,0,0,차대차 - 기타,안전운전불이행,포장 - 건조,맑음,단일로 - 기타,승용,남,63세,상해없음,자전거,남,59세,중상
2020100500100078,2020년 10월 5일 08시,월요일,서울특별시 강서구 화곡동,중상사고,0,1,0,0,차대차 - 기타,안전운전불이행,포장 - 건조,맑음,교차로 - 교차로안,승용,남,59세,상해없음,자전거,여,44세,중상
2020100500100181,2020년 10월 5일 10시,월요일,서울특별시 강서구 등촌동,부상신고사고,0,0,0,5,차대차 - 추돌,안전운전불이행,포장 - 건조,맑음,교차로 - 교차로부근,승용,남,20세,부상신고,승용,남,72세,상해없음
2020100500100323,2020년 10월 5일 14시,월요일,서울특별시 강서구 등촌동,경상사고,0,0,1,0,차대차 - 기타,안전운전불이행,포장 - 건조,맑음,단일로 - 기타,승용,여,34세,상해없음,승용,남,31세,경상
2020100500100503,2020년 10월 5일 18시,월요일,서울특별시 강서구 등촌동,경상사고,0,0,2,0,차대차 - 기타,교차로운행방법위반,포장 - 건조,맑음,교차로 - 교차로안,승용,여,53세,상해없음,승용,남,22세,경상
2020100500100644,2020년 10월 5일 23시,월요일,서울특별시 강서구 마곡동,경상사고,0,0,1,0,차대차 - 기타,안전운전불이행,포장 - 건조,맑음,교차로 - 교차로안,승용,남,54세,상해없음,승용,여,43세,경상
2020100600100357,2020년 10월 6일 15시,화요일,서울특별시 강서구 화곡동,경상사고,0,0,1,0,차대사람 - 기타,안전운전불이행,포장 - 건조,맑음,기타 - 기타,자전거,기타불명,미분류,기타불명,보행자,여,25세,경상
2020100600100358,2020년 10월 6일 15시,화요일,서울특별시 강서구 등촌동,경상사고,0,0,1,0,차대차 - 추돌,안전거리미확보,포장 - 건조,맑음,교차로 - 교차로부근,승용,남,66세,상해없음,승용,여,39세,경상
2020100700100393,2020년 10월 7일 17시,수요일,서울특별시 강서구 방화동,경상사고,0,0,1,0,차대차 - 후진중충돌,안전운전불이행,포장 - 건조,흐림,기타 - 기타,승용,남,59세,상해없음,승용,남,63세,경상
2020100700100394,2020년 10월 7일 17시,수요일,서울특별시 강서구 방화동,경상사고,0,0,1,0,차대차 - 정면충돌,안전운전불이행,포장 - 건조,맑음,교차로 - 교차로부근,자전거,남,53세,경상,승용,남,31세,상해없음
2020100700100444,2020년 10월 7일 18시,수요일,서울특별시 강서구 내발산동,경상사고,0,0,1,0,차량단독 - 기타,안전운전불이행,포장 - 건조,맑음,기타 - 기타,승합,남,54세,상해없음,,,,
2020100800100072,2020년 10월 8일 07시,목요일,서울특별시 강서구 방화동,중상사고,0,1,0,0,차대사람 - 기타,보행자보호의무위반,포장 - 건조,맑음,교차로 - 교차로횡단보도내,승합,남,47세,상해없음,보행자,여,38세,중상
2020100800100073,2020년 10월 8일 07시,목요일,서울특별시 강서구 화곡동,경상사고,0,0,1,0,차대사람 - 횡단중,안전운전불이행,포장 - 건조,맑음,단일로 - 기타,화물,남,38세,상해없음,보행자,여,26세,경상
2020100800100279,2020년 10월 8일 12시,목요일,서울특별시 강서구 등촌동,중상사고,0,1,0,0,차대사람 - 차도통행중,안전운전불이행,포장 - 건조,맑음,교차로 - 교차로안,승용,남,51세,상해없음,보행자,여,83세,중상
2020100800100315,2020년 10월 8일 13시,목요일,서울특별시 강서구 방화동,경상사고,0,0,1,0,차대차 - 측면충돌,안전거리미확보,포장 - 건조,맑음,단일로 - 기타,승용,남,41세,상해없음,승용,여,53세,경상
2020100800100425,2020년 10월 8일 16시,목요일,서울특별시 강서구 화곡동,경상사고,0,0,1,0,차대차 - 기타,안전거리미확보,포장 - 건조,맑음,교차로 - 교차로부근,승용,남,65세,상해없음,이륜,남,35세,경상
2020100800100426,2020년 10월 8일 16시,목요일,서울특별시 강서구 화곡동,경상사고,0,0,1,0,차대차 - 기타,안전거리미확보,포장 - 건조,맑음,교차로 - 교차로부근,승용,남,47세,상해없음,화물,남,38세,경상
2020100900100240,2020년 10월 9일 13시,금요일,서울특별시 강서구 방화동,경상사고,0,0,1,0,차대차 - 측면충돌,안전운전불이행,포장 - 건조,맑음,교차로 - 교차로부근,승용,남,24세,상해없음,승용,여,62세,경상
2020100900100411,2020년 10월 9일 18시,금요일,서울특별시 강서구 개화동,경상사고,0,0,1,0,차대차 - 측면충돌,안전운전불이행,포장 - 건조,맑음,단일로 - 기타,승용,여,35세,상해없음,승용,여,27세,경상
2020100900100412,2020년 10월 9일 18시,금요일,서울특별시 강서구 화곡동,경상사고,0,0,2,0,차대차 - 측면충돌,중앙선침범,포장 - 건조,맑음,교차로 - 교차로부근,승용,남,65세,경상,승용,여,44세,경상
2020100900100581,2020년 10월 9일 23시,금요일,서울특별시 강서구 마곡동,경상사고,0,0,1,0,차대차 - 기타,신호위반,포장 - 건조,맑음,교차로 - 교차로안,원동기,남,29세,상해없음,승용,남,65세,경상
2020101000100075,2020년 10월 10일 07시,토요일,서울특별시 강서구 마곡동,경상사고,0,0,1,0,차대차 - 측면충돌,신호위반,포장 - 건조,맑음,교차로 - 교차로안,승용,남,79세,경상,승합,남,49세,상해없음
2020101000100206,2020년 10월 10일 12시,토요일,서울특별시 강서구 화곡동,중상사고,0,1,1,0,차대사람 - 기타,안전운전불이행,포장 - 건조,맑음,교차로 - 교차로안,승합,남,59세,상해없음,보행자,남,24세,경상
2020101000100243,2020년 10월 10일 13시,토요일,서울특별시 강서구 화곡동,경상사고,0,0,1,0,차대사람 - 기타,안전운전불이행,포장 - 건조,맑음,단일로 - 기타,승용,여,46세,상해없음,보행자,남,27세,경상
2020101000100325,2020년 10월 10일 15시,토요일,서울특별시 강서구 마곡동,경상사고,0,0,1,0,차대차 - 기타,안전운전불이행,포장 - 건조,맑음,교차로 - 교차로횡단보도내,승용,남,36세,상해없음,자전거,남,13세,경상
2020101000100361,2020년 10월 10일 16시,토요일,서울특별시 강서구 개화동,경상사고,0,0,1,0,차대차 - 추돌,안전운전불이행,포장 - 건조,맑음,단일로 - 기타,승용,남,66세,상해없음,화물,남,44세,경상
2020101000100410,2020년 10월 10일 17시,토요일,서울특별시 강서구 등촌동,경상사고,0,0,1,0,차대차 - 측면충돌,신호위반,포장 - 건조,맑음,교차로 - 교차로안,승용,여,47세,상해없음,승용,남,50세,경상
2020101000100444,2020년 10월 10일 18시,토요일,서울특별시 강서구 화곡동,경상사고,0,0,1,0,차대차 - 측면충돌,신호위반,포장 - 건조,맑음,교차로 - 교차로부근,이륜,남,49세,경상,승용,남,71세,상해없음
2020101000100493,2020년 10월 10일 19시,토요일,서울특별시 강서구 화곡동,경상사고,0,0,1,0,차대차 - 측면충돌,안전운전불이행,포장 - 건조,맑음,단일로 - 기타,이륜,남,58세,상해없음,이륜,남,22세,경상
2020101000100583,2020년 10월 10일 23시,토요일,서울특별시 강서구 화곡동,경상사고,0,0,3,0,차대차 - 측면충돌,신호위반,포장 - 건조,맑음,교차로 - 교차로안,이륜,남,32세,경상,원동기,남,42세,경상
2020101100100307,2020년 10월 11일 17시,일요일,서울특별시 강서구 화곡동,경상사고,0,0,1,0,차대차 - 추돌,안전운전불이행,포장 - 건조,맑음,단일로 - 기타,화물,남,57세,상해없음,승용,남,69세,경상
2020101100100308,2020년 10월 11일 17시,일요일,서울특별시 강서구 화곡동,경상사고,0,0,1,0,차대차 - 기타,안전운전불이행,포장 - 건조,맑음,단일로 - 기타,화물,남,57세,상해없음,이륜,남,50세,경상
2020101200100046,2020년 10월 12일 06시,월요일,서울특별시 강서구 가양동,경상사고,0,0,1,0,차대차 - 추돌,안전운전불이행,포장 - 건조,맑음,단일로 - 기타,승용,여,59세,상해없음,승용,남,42세,경상
2020101200100326,2020년 10월 12일 14시,월요일,서울특별시 강서구 방화동,중상사고,0,1,0,0,차대차 - 측면충돌,신호위반,포장 - 건조,맑음,교차로 - 교차로안,승용,남,27세,상해없음,이륜,남,54세,중상
2020101200100422,2020년 10월 12일 16시,월요일,서울특별시 강서구 화곡동,부상신고사고,0,0,0,1,차대차 - 기타,안전운전불이행,포장 - 건조,맑음,교차로 - 교차로안,자전거,남,58세,부상신고,이륜,남,17세,상해없음
2020101300100023,2020년 10월 13일 03시,화요일,서울특별시 강서구 가양동,경상사고,0,0,2,0,차대차 - 기타,과속,포장 - 건조,맑음,단일로 - 기타,승용,남,59세,경상,승용,남,33세,상해없음
2020101300100337,2020년 10월 13일 15시,화요일,서울특별시 강서구 등촌동,경상사고,0,0,1,0,차대차 - 기타,안전운전불이행,포장 - 건조,맑음,주차장 - 주차장,승용,남,52세,상해없음,승용,남,37세,상해없음
2020101300100636,2020년 10월 13일 22시,화요일,서울특별시 강서구 마곡동,경상사고,0,0,1,0,차대차 - 측면충돌,안전운전불이행,포장 - 건조,맑음,단일로 - 기타,개인형이동수단(PM),남,38세,경상,승용,남,35세,상해없음
2020101400100267,2020년 10월 14일 13시,수요일,서울특별시 강서구 내발산동,중상사고,0,1,0,0,차대차 - 기타,직진우회전진행방해,포장 - 건조,맑음,교차로 - 교차로안,승용,여,39세,상해없음,이륜,남,25세,중상
2020101400100361,2020년 10월 14일 16시,수요일,서울특별시 강서구 화곡동,경상사고,0,0,1,0,차대사람 - 기타,안전운전불이행,포장 - 건조,맑음,단일로 - 기타,승용,남,65세,상해없음,보행자,여,66세,경상
2020101500100003,2020년 10월 15일 00시,목요일,서울특별시 강서구 방화동,중상사고,0,1,2,0,차대차 - 추돌,안전운전불이행,포장 - 건조,맑음,단일로 - 기타,화물,남,32세,경상,승용,남,45세,경상
2020101500100041,2020년 10월 15일 06시,목요일,서울특별시 강서구 화곡동,경상사고,0,0,1,0,차대사람 - 기타,안전운전불이행,포장 - 건조,맑음,교차로 - 교차로안,화물,남,56세,상해없음,보행자,여,26세,경상
2020101500100065,2020년 10월 15일 07시,목요일,서울특별시 강서구 방화동,경상사고,0,0,1,0,차대차 - 추돌,안전운전불이행,포장 - 건조,맑음,교차로 - 교차로안,승용,남,55세,상해없음,승용,남,51세,경상
2020101500100242,2020년 10월 15일 12시,목요일,서울특별시 강서구 마곡동,경상사고,0,0,1,0,차대차 - 기타,안전운전불이행,포장 - 건조,맑음,교차로 - 교차로부근,승용,여,51세,상해없음,승용,남,53세,경상
2020101500100506,2020년 10월 15일 18시,목요일,서울특별시 강서구 등촌동,중상사고,0,1,0,0,차대차 - 기타,안전운전불이행,포장 - 건조,맑음,교차로 - 교차로안,승용,여,63세,상해없음,이륜,남,57세,중상
2020101500100584,2020년 10월 15일 19시,목요일,서울특별시 강서구 내발산동,경상사고,0,0,1,0,차대차 - 기타,신호위반,포장 - 건조,맑음,교차로 - 교차로부근,승용,남,75세,상해없음,이륜,남,39세,경상
2020101500100585,2020년 10월 15일 19시,목요일,서울특별시 강서구 가양동,중상사고,0,1,0,0,차대사람 - 보도통행중,중앙선침범,포장 - 건조,맑음,기타 - 기타,승용,여,52세,상해없음,보행자,남,4세,상해없음
2020101600100240,2020년 10월 16일 13시,금요일,서울특별시 강서구 염창동,사망사고,1,0,0,0,차대차 - 측면충돌,신호위반,포장 - 건조,맑음,교차로 - 교차로부근,이륜,남,48세,사망,승합,남,58세,상해없음
2020101600100241,2020년 10월 16일 13시,금요일,서울특별시 강서구 화곡동,경상사고,0,0,1,0,차대사람 - 차도통행중,안전운전불이행,포장 - 건조,맑음,기타 - 기타,승용,여,36세,상해없음,보행자,여,62세,경상
2020101600100306,2020년 10월 16일 15시,금요일,서울특별시 강서구 내발산동,경상사고,0,0,1,0,차대차 - 추돌,안전운전불이행,포장 - 건조,맑음,교차로 - 교차로부근,이륜,남,26세,경상,승용,남,54세,상해없음
2020101600100527,2020년 10월 16일 19시,금요일,서울특별시 강서구 방화동,경상사고,0,0,1,0,차대차 - 측면충돌,안전운전불이행,포장 - 건조,맑음,교차로 - 교차로부근,승용,남,23세,상해없음,승용,남,56세,경상
2020101600100641,2020년 10월 16일 22시,금요일,서울특별시 강서구 화곡동,경상사고,0,0,1,0,차대차 - 기타,직진우회전진행방해,포장 - 건조,맑음,교차로 - 교차로안,이륜,남,17세,상해없음,이륜,남,27세,경상
2020101600100666,2020년 10월 16일 23시,금요일,서울특별시 강서구 화곡동,경상사고,0,0,2,0,차대차 - 기타,안전운전불이행,포장 - 건조,맑음,교차로 - 교차로부근,승용,남,42세,상해없음,승용,남,43세,경상
2020101700100005,2020년 10월 17일 00시,토요일,서울특별시 강서구 화곡동,경상사고,0,0,2,2,차대차 - 측면충돌,안전거리미확보,포장 - 건조,맑음,단일로 - 기타,승용,남,65세,상해없음,승용,남,28세,경상
2020101700100026,2020년 10월 17일 01시,토요일,서울특별시 강서구 화곡동,경상사고,0,0,1,0,차대사람 - 기타,안전운전불이행,포장 - 건조,맑음,교차로 - 교차로안,승용,남,59세,상해없음,보행자,남,28세,경상
2020101700100054,2020년 10월 17일 04시,토요일,서울특별시 강서구 화곡동,경상사고,0,0,2,0,차대차 - 기타,안전운전불이행,포장 - 건조,맑음,교차로 - 교차로안,승용,남,59세,기타불명,승용,남,62세,경상
2020101700100072,2020년 10월 17일 06시,토요일,서울특별시 강서구 마곡동,중상사고,0,1,2,0,차대차 - 추돌,안전운전불이행,포장 - 건조,맑음,단일로 - 기타,승용,여,41세,경상,승용,남,50세,경상
2020101700100104,2020년 10월 17일 08시,토요일,서울특별시 강서구 방화동,경상사고,0,0,3,0,차대차 - 추돌,안전운전불이행,포장 - 건조,맑음,단일로 - 고가도로위,승용,남,71세,상해없음,승용,여,31세,경상
2020101700100236,2020년 10월 17일 12시,토요일,서울특별시 강서구 화곡동,경상사고,0,0,1,0,차대사람 - 보도통행중,기타,포장 - 건조,맑음,기타 - 기타,승용,남,60세,상해없음,보행자,남,47세,경상
2020101700100579,2020년 10월 17일 19시,토요일,서울특별시 강서구 마곡동,경상사고,0,0,2,0,차대차 - 추돌,안전거리미확보,포장 - 건조,흐림,단일로 - 기타,이륜,남,27세,경상,이륜,남,18세,경상
2020101700100717,2020년 10월 17일 23시,토요일,서울특별시 강서구 화곡동,중상사고,0,1,0,0,차대차 - 측면충돌,안전거리미확보,포장 - 건조,맑음,단일로 - 기타,승용,남,41세,기타불명,이륜,남,20세,중상
2020101800100325,2020년 10월 18일 16시,일요일,서울특별시 강서구 화곡동,경상사고,0,0,1,0,차대차 - 기타,신호위반,포장 - 건조,맑음,교차로 - 교차로안,승용,남,50세,상해없음,이륜,남,22세,경상
2020101800100418,2020년 10월 18일 18시,일요일,서울특별시 강서구 공항동,중상사고,0,1,0,0,차대차 - 측면충돌,중앙선침범,포장 - 건조,맑음,단일로 - 기타,승용,남,59세,상해없음,원동기,남,26세,중상
2020101900100097,2020년 10월 19일 08시,월요일,서울특별시 강서구 화곡동,경상사고,0,0,2,0,차대차 - 측면충돌,안전운전불이행,포장 - 건조,맑음,교차로 - 교차로안,승합,남,37세,경상,승용,남,57세,경상
2020101900100098,2020년 10월 19일 08시,월요일,서울특별시 강서구 방화동,경상사고,0,0,1,0,차대차 - 추돌,안전거리미확보,포장 - 건조,맑음,단일로 - 기타,승용,남,63세,상해없음,승용,여,32세,경상
2020101900100158,2020년 10월 19일 09시,월요일,서울특별시 강서구 등촌동,경상사고,0,0,1,0,차대차 - 기타,신호위반,포장 - 건조,맑음,교차로 - 교차로안,승용,여,36세,상해없음,승용,여,55세,경상
2020101900100641,2020년 10월 19일 20시,월요일,서울특별시 강서구 화곡동,경상사고,0,0,1,0,차대차 - 추돌,안전운전불이행,포장 - 건조,맑음,기타 - 기타,승용,여,22세,상해없음,승용,남,44세,경상
2020102000100133,2020년 10월 20일 09시,화요일,서울특별시 강서구 개화동,사망사고,1,0,0,0,차대차 - 측면충돌,안전운전불이행,포장 - 건조,맑음,단일로 - 교량,이륜,남,60세,사망,건설기계,남,63세,상해없음
2020102000100203,2020년 10월 20일 11시,화요일,서울특별시 강서구 등촌동,경상사고,0,0,1,0,차대사람 - 횡단중,보행자보호의무위반,포장 - 건조,맑음,단일로 - 기타,승용,남,54세,상해없음,보행자,여,16세,경상
2020102000100462,2020년 10월 20일 17시,화요일,서울특별시 강서구 화곡동,경상사고,0,0,1,0,차대사람 - 기타,안전운전불이행,포장 - 건조,맑음,단일로 - 기타,승용,여,53세,상해없음,보행자,남,7세,경상
2020102000100590,2020년 10월 20일 19시,화요일,서울특별시 강서구 내발산동,경상사고,0,0,1,0,차대차 - 기타,안전운전불이행,포장 - 건조,맑음,단일로 - 기타,자전거,남,13세,경상,승용,남,65세,상해없음
2020102000100591,2020년 10월 20일 19시,화요일,서울특별시 강서구 화곡동,중상사고,0,1,0,0,차대사람 - 보도통행중,보행자보호의무위반,포장 - 건조,맑음,단일로 - 기타,승용,여,53세,상해없음,보행자,남,55세,중상
2020102000100638,2020년 10월 20일 20시,화요일,서울특별시 강서구 가양동,경상사고,0,0,2,0,차대차 - 기타,안전운전불이행,포장 - 건조,맑음,단일로 - 기타,승용,남,58세,상해없음,화물,남,38세,경상
2020102100100002,2020년 10월 21일 00시,수요일,서울특별시 강서구 가양동,중상사고,0,1,0,0,차대차 - 추돌,안전운전불이행,포장 - 건조,맑음,단일로 - 기타,화물,남,58세,중상,화물,남,31세,상해없음
2020102200100045,2020년 10월 22일 05시,목요일,서울특별시 강서구 등촌동,경상사고,0,0,1,0,차대차 - 기타,안전거리미확보,포장 - 건조,맑음,단일로 - 기타,승용,남,43세,상해없음,승용,남,41세,경상
2020102200100148,2020년 10월 22일 09시,목요일,서울특별시 강서구 염창동,경상사고,0,0,1,0,차대차 - 측면충돌,안전거리미확보,포장 - 건조,맑음,단일로 - 기타,승용,남,56세,상해없음,승용,여,25세,경상
2020102200100173,2020년 10월 22일 10시,목요일,서울특별시 강서구 화곡동,중상사고,0,1,0,0,차대사람 - 횡단중,안전운전불이행,포장 - 건조,기타,기타 - 기타,승용,남,59세,기타불명,보행자,여,54세,중상
2020102200100270,2020년 10월 22일 13시,목요일,서울특별시 강서구 화곡동,경상사고,0,0,1,0,차대사람 - 기타,안전운전불이행,포장 - 건조,맑음,교차로 - 교차로안,승용,남,61세,상해없음,보행자,남,29세,경상
2020102200100330,2020년 10월 22일 15시,목요일,서울특별시 강서구 마곡동,경상사고,0,0,1,0,차대차 - 측면충돌,안전운전불이행,포장 - 건조,맑음,단일로 - 기타,승용,남,24세,상해없음,자전거,여,65세,경상
2020102200100373,2020년 10월 22일 16시,목요일,서울특별시 강서구 화곡동,경상사고,0,0,1,0,차대사람 - 횡단중,중앙선침범,포장 - 건조,맑음,단일로 - 기타,자전거,남,27세,상해없음,보행자,여,28세,경상
2020102200100639,2020년 10월 22일 23시,목요일,서울특별시 강서구 공항동,경상사고,0,0,2,0,차대차 - 추돌,안전운전불이행,포장 - 건조,맑음,기타 - 기타,승용,남,59세,상해없음,승용,남,30세,경상
2020102200100640,2020년 10월 22일 23시,목요일,서울특별시 강서구 화곡동,경상사고,0,0,2,0,차대차 - 기타,안전운전불이행,포장 - 건조,맑음,교차로 - 교차로부근,승용,남,53세,상해없음,화물,남,34세,경상
2020102300100274,2020년 10월 23일 12시,금요일,서울특별시 강서구 염창동,경상사고,0,0,1,0,차대차 - 측면충돌,안전거리미확보,포장 - 건조,맑음,단일로 - 기타,승용,여,20세,상해없음,승용,남,40세,경상
2020102300100579,2020년 10월 23일 18시,금요일,서울특별시 강서구 마곡동,경상사고,0,0,1,0,차대차 - 측면충돌,안전운전불이행,포장 - 건조,맑음,단일로 - 기타,승용,여,58세,상해없음,자전거,남,37세,경상
2020102300100772,2020년 10월 23일 21시,금요일,서울특별시 강서구 염창동,경상사고,0,0,1,0,차대차 - 기타,안전거리미확보,포장 - 건조,맑음,교차로 - 교차로부근,승용,남,60세,상해없음,승용,남,51세,경상
2020102300100827,2020년 10월 23일 23시,금요일,서울특별시 강서구 마곡동,중상사고,0,2,1,0,차대차 - 추돌,안전운전불이행,포장 - 건조,기타,단일로 - 기타,승용,여,41세,기타불명,승용,남,26세,상해없음
2020102400100010,2020년 10월 24일 00시,토요일,서울특별시 강서구 화곡동,중상사고,0,1,0,0,차대사람 - 기타,안전운전불이행,포장 - 건조,맑음,교차로 - 교차로안,승용,남,68세,상해없음,보행자,남,37세,중상
2020102400100030,2020년 10월 24일 01시,토요일,서울특별시 강서구 화곡동,경상사고,0,0,2,0,차대차 - 기타,중앙선침범,포장 - 건조,맑음,단일로 - 기타,승용,남,68세,상해없음,승용,남,61세,경상
2020102400100236,2020년 10월 24일 12시,토요일,서울특별시 강서구 등촌동,경상사고,0,0,1,0,차대사람 - 기타,안전운전불이행,포장 - 건조,맑음,교차로 - 교차로안,승용,남,39세,상해없음,보행자,여,80세,경상
2020102400100397,2020년 10월 24일 15시,토요일,서울특별시 강서구 화곡동,경상사고,0,0,1,0,차대사람 - 기타,안전운전불이행,포장 - 건조,맑음,단일로 - 기타,화물,남,37세,상해없음,보행자,여,9세,경상
2020102400100515,2020년 10월 24일 18시,토요일,서울특별시 강서구 화곡동,경상사고,0,0,1,0,차대차 - 측면충돌,안전운전불이행,포장 - 건조,맑음,교차로 - 교차로안,승용,남,68세,상해없음,승용,여,70세,경상
2020102400100669,2020년 10월 24일 23시,토요일,서울특별시 강서구 방화동,중상사고,0,1,2,0,차대차 - 기타,신호위반,포장 - 건조,맑음,교차로 - 교차로안,승용,남,35세,상해없음,승용,남,62세,경상
2020102500100219,2020년 10월 25일 13시,일요일,서울특별시 강서구 공항동,경상사고,0,0,4,0,차대차 - 측면충돌,신호위반,포장 - 건조,맑음,교차로 - 교차로안,승용,남,66세,상해없음,승용,여,31세,경상
2020102500100407,2020년 10월 25일 18시,일요일,서울특별시 강서구 화곡동,중상사고,0,1,0,0,차대사람 - 길가장자리구역통행중,안전운전불이행,포장 - 건조,흐림,교차로 - 교차로안,승용,남,62세,상해없음,보행자,여,62세,중상
2020102600100012,2020년 10월 26일 02시,월요일,서울특별시 강서구 화곡동,중상사고,0,1,0,0,차대차 - 기타,안전거리미확보,포장 - 건조,맑음,교차로 - 교차로부근,승용,남,67세,상해없음,원동기,남,28세,중상
2020102600100041,2020년 10월 26일 06시,월요일,서울특별시 강서구 등촌동,중상사고,0,1,0,0,차대차 - 측면충돌,신호위반,포장 - 건조,맑음,단일로 - 기타,승용,남,65세,상해없음,승합,남,56세,중상
2020102600100161,2020년 10월 26일 09시,월요일,서울특별시 강서구 개화동,경상사고,0,0,2,0,차대차 - 추돌,안전운전불이행,포장 - 건조,맑음,단일로 - 기타,승합,남,44세,상해없음,승용,남,41세,경상
2020102600100162,2020년 10월 26일 09시,월요일,서울특별시 강서구 등촌동,경상사고,0,0,2,0,차대차 - 측면충돌,신호위반,포장 - 건조,맑음,단일로 - 기타,승용,여,47세,상해없음,화물,남,84세,경상
2020102700100004,2020년 10월 27일 00시,화요일,서울특별시 강서구 마곡동,경상사고,0,0,1,0,차대차 - 측면충돌,안전운전불이행,포장 - 건조,맑음,교차로 - 교차로안,개인형이동수단(PM),남,34세,경상,승용,남,65세,상해없음
2020102700100093,2020년 10월 27일 08시,화요일,서울특별시 강서구 외발산동,경상사고,0,0,2,0,차대차 - 추돌,안전운전불이행,포장 - 건조,맑음,교차로 - 교차로부근,승용,남,50세,상해없음,승용,여,42세,경상
2020102700100131,2020년 10월 27일 09시,화요일,서울특별시 강서구 공항동,경상사고,0,0,1,0,차대차 - 측면충돌,안전거리미확보,포장 - 건조,맑음,단일로 - 기타,승용,남,59세,상해없음,승용,남,46세,경상
2020102700100213,2020년 10월 27일 11시,화요일,서울특별시 강서구 내발산동,경상사고,0,0,2,0,차대차 - 측면충돌,차로위반,포장 - 건조,맑음,단일로 - 기타,승용,여,52세,경상,승용,남,46세,경상
2020102700100442,2020년 10월 27일 17시,화요일,서울특별시 강서구 등촌동,경상사고,0,0,1,0,차대차 - 추돌,안전운전불이행,포장 - 건조,맑음,단일로 - 기타,화물,남,61세,상해없음,승용,남,60세,경상
2020102700100443,2020년 10월 27일 17시,화요일,서울특별시 강서구 내발산동,경상사고,0,0,1,0,차대차 - 기타,안전운전불이행,포장 - 건조,맑음,기타 - 기타,자전거,남,39세,경상,승용,남,66세,상해없음
2020102800100003,2020년 10월 28일 00시,수요일,서울특별시 강서구 가양동,경상사고,0,0,1,0,차대사람 - 기타,안전운전불이행,포장 - 건조,맑음,단일로 - 기타,승용,남,49세,상해없음,보행자,여,21세,경상
2020102800100401,2020년 10월 28일 16시,수요일,서울특별시 강서구 화곡동,중상사고,0,1,0,0,차대사람 - 횡단중,보행자보호의무위반,포장 - 건조,맑음,교차로 - 교차로안,개인형이동수단(PM),남,21세,상해없음,보행자,여,76세,중상