사고번호,사고일시,요일,시군구,사고내용,사망자수,중상자수,경상자수,부상신고자수,사고유형,법규위반,노면상태,기상상태,도로형태,가해운전자 차종,가해운전자 성별,가해운전자 연령,가해운전자 상해정도,피해운전자 차종,피해운전자 성별,피해운전자 연령,피해운전자 상해정도
2020112200100194,2020년 11월 22일 14시,일요일,서울특별시 강서구 염창동,경상사고,0,0,2,0,차대차 - 측면충돌,차로위반,포장 - 건조,맑음,교차로 - 교차로부근,승용,남,68세,상해없음,승용,남,31세,경상
2020112300100087,2020년 11월 23일 08시,월요일,서울특별시 강서구 화곡동,경상사고,0,0,2,0,차대차 - 추돌,안전운전불이행,포장 - 건조,맑음,교차로 - 교차로부근,승용,여,64세,상해없음,승용,남,41세,경상
2020112400100118,2020년 11월 24일 09시,화요일,서울특별시 강서구 등촌동,경상사고,0,0,1,0,차대차 - 측면충돌,안전운전불이행,포장 - 건조,맑음,단일로 - 기타,승합,남,51세,상해없음,승합,남,51세,경상
2020112400100267,2020년 11월 24일 14시,화요일,서울특별시 강서구 가양동,중상사고,0,1,0,0,차대사람 - 횡단중,신호위반,포장 - 건조,맑음,단일로 - 기타,승용,남,69세,상해없음,보행자,여,60세,중상
2020112400100306,2020년 11월 24일 15시,화요일,서울특별시 강서구 화곡동,경상사고,0,0,1,0,차대차 - 추돌,안전운전불이행,포장 - 건조,맑음,단일로 - 기타,승용,남,60세,상해없음,특수,남,38세,경상
2020112400100398,2020년 11월 24일 17시,화요일,서울특별시 강서구 등촌동,경상사고,0,0,2,0,차대차 - 기타,교차로운행방법위반,포장 - 건조,맑음,교차로 - 교차로안,화물,여,66세,경상,승용,여,38세,경상
2020112400100399,2020년 11월 24일 17시,화요일,서울특별시 강서구 외발산동,경상사고,0,0,1,0,차대차 - 측면충돌,안전운전불이행,포장 - 건조,맑음,교차로 - 교차로부근,화물,남,37세,상해없음,승용,여,38세,경상
2020112500100113,2020년 11월 25일 09시,수요일,서울특별시 강서구 화곡동,경상사고,0,0,1,0,차대차 - 측면충돌,안전운전불이행,포장 - 건조,맑음,단일로 - 기타,승용,여,35세,상해없음,승용,여,45세,경상
2020112500100318,2020년 11월 25일 15시,수요일,서울특별시 강서구 방화동,부상신고사고,0,0,0,1,차대차 - 측면충돌,안전운전불이행,포장 - 건조,맑음,단일로 - 기타,개인형이동수단(PM),남,14세,부상신고,승용,남,52세,상해없음
2020112600100239,2020년 11월 26일 13시,목요일,서울특별시 강서구 방화동,경상사고,0,0,1,0,차대차 - 기타,안전운전불이행,포장 - 건조,맑음,단일로 - 기타,화물,남,58세,상해없음,승용,남,36세,경상
2020112600100421,2020년 11월 26일 18시,목요일,서울특별시 강서구 마곡동,중상사고,0,1,0,0,차대사람 - 횡단중,보행자보호의무위반,포장 - 건조,맑음,교차로 - 교차로안,승용,남,25세,상해없음,보행자,여,43세,중상
2020112600100561,2020년 11월 26일 21시,목요일,서울특별시 강서구 가양동,중상사고,0,1,0,0,차대사람 - 기타,안전운전불이행,포장 - 건조,맑음,교차로 - 교차로부근,승용,남,30세,상해없음,보행자,남,43세,중상
2020112600100590,2020년 11월 26일 22시,목요일,서울특별시 강서구 외발산동,경상사고,0,0,1,0,차대차 - 측면충돌,차로위반,포장 - 건조,맑음,교차로 - 교차로부근,승용,남,71세,상해없음,승합,남,50세,상해없음
2020112600100604,2020년 11월 26일 23시,목요일,서울특별시 강서구 등촌동,중상사고,0,1,0,0,차대차 - 측면충돌,신호위반,포장 - 건조,흐림,교차로 - 교차로안,승용,남,72세,상해없음,이륜,남,28세,중상
2020112700100039,2020년 11월 27일 06시,금요일,서울특별시 강서구 가양동,경상사고,0,0,1,0,차대차 - 기타,안전운전불이행,포장 - 건조,맑음,교차로 - 교차로횡단보도내,승합,남,72세,상해없음,자전거,남,68세,경상
2020112700100098,2020년 11월 27일 09시,금요일,서울특별시 강서구 화곡동,경상사고,0,0,1,0,차대차 - 측면충돌,안전운전불이행,포장 - 건조,맑음,교차로 - 교차로안,이륜,남,25세,경상,승용,여,49세,상해없음
2020112700100120,2020년 11월 27일 10시,금요일,서울특별시 강서구 외발산동,경상사고,0,0,1,0,차대차 - 기타,안전운전불이행,포장 - 건조,맑음,단일로 - 기타,승용,남,47세,상해없음,승용,남,33세,경상
2020112700100145,2020년 11월 27일 11시,금요일,서울특별시 강서구 염창동,경상사고,0,0,1,0,차대차 - 측면충돌,안전운전불이행,포장 - 건조,맑음,단일로 - 기타,승용,남,44세,상해없음,승용,남,62세,경상
2020112700100506,2020년 11월 27일 19시,금요일,서울특별시 강서구 화곡동,중상사고,0,1,0,0,차대차 - 측면충돌,안전운전불이행,포장 - 기타,맑음,기타 - 기타,승용,남,50세,상해없음,이륜,남,44세,중상
2020112700100591,2020년 11월 27일 21시,금요일,서울특별시 강서구 화곡동,중상사고,0,1,0,0,차대차 - 측면충돌,안전운전불이행,포장 - 건조,맑음,단일로 - 기타,자전거,여,60세,중상,승합,남,40세,상해없음
2020112700100592,2020년 11월 27일 21시,금요일,서울특별시 강서구 화곡동,경상사고,0,0,1,0,차대차 - 기타,불법유턴,포장 - 건조,맑음,단일로 - 기타,원동기,남,27세,상해없음,이륜,남,35세,경상
2020112800100173,2020년 11월 28일 12시,토요일,서울특별시 강서구 화곡동,경상사고,0,0,1,0,차대사람 - 횡단중,안전운전불이행,포장 - 건조,맑음,단일로 - 기타,이륜,남,47세,상해없음,보행자,남,62세,경상
2020112800100213,2020년 11월 28일 13시,토요일,서울특별시 강서구 가양동,경상사고,0,0,1,0,차량단독 - 기타,안전운전불이행,포장 - 건조,맑음,단일로 - 기타,승합,여,56세,기타불명,,,,
2020112800100265,2020년 11월 28일 14시,토요일,서울특별시 강서구 화곡동,중상사고,0,1,1,0,차대차 - 측면충돌,신호위반,포장 - 건조,맑음,교차로 - 교차로안,승용,남,68세,상해없음,화물,남,58세,중상
2020112900100084,2020년 11월 29일 10시,일요일,서울특별시 강서구 화곡동,경상사고,0,0,1,0,차대차 - 기타,안전운전불이행,포장 - 건조,맑음,단일로 - 기타,자전거,남,34세,경상,승용,여,31세,상해없음
2020112900100086,2020년 11월 29일 10시,일요일,서울특별시 강서구 화곡동,경상사고,0,0,1,0,차대차 - 측면충돌,안전운전불이행,포장 - 건조,맑음,교차로 - 교차로부근,승용,남,58세,상해없음,이륜,남,53세,경상
2020112900100202,2020년 11월 29일 15시,일요일,서울특별시 강서구 화곡동,경상사고,0,0,1,0,차대사람 - 기타,안전운전불이행,포장 - 건조,맑음,단일로 - 기타,승용,남,56세,상해없음,보행자,여,72세,경상
2020112900100256,2020년 11월 29일 17시,일요일,서울특별시 강서구 화곡동,경상사고,0,0,1,1,차대차 - 기타,안전운전불이행,포장 - 건조,맑음,교차로 - 교차로부근,이륜,남,54세,부상신고,화물,남,46세,경상
2020112900100368,2020년 11월 29일 21시,일요일,서울특별시 강서구 화곡동,경상사고,0,0,1,1,차대차 - 추돌,안전운전불이행,포장 - 건조,맑음,단일로 - 기타,승용,남,29세,상해없음,이륜,남,20세,부상신고
2020113000100018,2020년 11월 30일 03시,월요일,서울특별시 강서구 화곡동,중상사고,0,1,0,0,차대차 - 추돌,안전거리미확보,포장 - 건조,맑음,단일로 - 기타,원동기,남,28세,중상,화물,남,57세,상해없음
2020113000100166,2020년 11월 30일 10시,월요일,서울특별시 강서구 가양동,경상사고,0,0,1,0,차대차 - 측면충돌,안전운전불이행,포장 - 건조,맑음,단일로 - 기타,이륜,남,41세,경상,승용,남,59세,상해없음
2020113000100196,2020년 11월 30일 11시,월요일,서울특별시 강서구 등촌동,경상사고,0,0,2,0,차대차 - 측면충돌,신호위반,포장 - 건조,맑음,교차로 - 교차로부근,승용,남,32세,기타불명,승용,남,27세,경상
2020113000100329,2020년 11월 30일 15시,월요일,서울특별시 강서구 염창동,경상사고,0,0,1,0,차대차 - 기타,안전운전불이행,포장 - 건조,맑음,단일로 - 기타,승용,남,30세,상해없음,승용,여,51세,경상
2020113000100374,2020년 11월 30일 16시,월요일,서울특별시 강서구 가양동,중상사고,0,1,0,0,차대사람 - 기타,안전운전불이행,포장 - 건조,맑음,단일로 - 기타,승합,남,59세,상해없음,보행자,여,73세,중상
2020120100100389,2020년 12월 1일 16시,화요일,서울특별시 강서구 내발산동,경상사고,0,0,1,0,차대차 - 기타,안전거리미확보,포장 - 건조,맑음,교차로 - 교차로부근,화물,남,56세,상해없음,승용,남,61세,상해없음
2020120100100624,2020년 12월 1일 22시,화요일,서울특별시 강서구 화곡동,경상사고,0,0,1,0,차대차 - 기타,안전운전불이행,포장 - 건조,맑음,단일로 - 기타,승용,남,30세,상해없음,승용,남,60세,경상
2020120200100142,2020년 12월 2일 11시,수요일,서울특별시 강서구 화곡동,경상사고,0,0,1,0,차대사람 - 기타,안전운전불이행,포장 - 건조,맑음,단일로 - 기타,승용,남,60세,상해없음,보행자,남,79세,경상
2020120200100334,2020년 12월 2일 17시,수요일,서울특별시 강서구 내발산동,경상사고,0,0,1,0,차대차 - 기타,안전운전불이행,포장 - 건조,맑음,교차로 - 교차로안,승용,여,61세,상해없음,화물,남,68세,경상
2020120200100460,2020년 12월 2일 19시,수요일,서울특별시 강서구 염창동,경상사고,0,0,1,0,차대차 - 추돌,안전운전불이행,포장 - 건조,맑음,단일로 - 기타,승용,남,61세,상해없음,자전거,남,23세,경상
2020120300100133,2020년 12월 3일 10시,목요일,서울특별시 강서구 마곡동,부상신고사고,0,0,0,1,차대차 - 기타,안전운전불이행,포장 - 건조,맑음,교차로 - 교차로부근,자전거,남,45세,부상신고,승용,남,51세,상해없음
2020120300100356,2020년 12월 3일 17시,목요일,서울특별시 강서구 화곡동,중상사고,0,1,0,0,차대차 - 기타,안전운전불이행,포장 - 건조,맑음,단일로 - 기타,승용,남,78세,상해없음,이륜,남,66세,중상
2020120400100166,2020년 12월 4일 10시,금요일,서울특별시 강서구 등촌동,경상사고,0,0,1,0,차대사람 - 횡단중,보행자보호의무위반,포장 - 건조,맑음,교차로 - 교차로횡단보도내,승용,여,60세,상해없음,보행자,남,34세,경상
2020120400100323,2020년 12월 4일 15시,금요일,서울특별시 강서구 등촌동,경상사고,0,0,2,0,차대차 - 기타,안전운전불이행,포장 - 건조,맑음,단일로 - 기타,건설기계,남,54세,상해없음,승용,남,53세,경상
2020120400100357,2020년 12월 4일 16시,금요일,서울특별시 강서구 화곡동,경상사고,0,0,1,0,차대사람 - 기타,신호위반,포장 - 건조,맑음,단일로 - 기타,승용,남,28세,상해없음,보행자,여,59세,경상
2020120400100456,2020년 12월 4일 18시,금요일,서울특별시 강서구 마곡동,중상사고,0,1,0,0,차대차 - 추돌,안전거리미확보,포장 - 건조,흐림,교차로 - 교차로부근,승용,남,54세,상해없음,이륜,남,30세,중상
2020120400100563,2020년 12월 4일 20시,금요일,서울특별시 강서구 염창동,경상사고,0,0,1,0,차대차 - 기타,신호위반,포장 - 건조,맑음,단일로 - 기타,기타불명,기타불명,미분류,기타불명,승합,남,59세,상해없음
2020120500100135,2020년 12월 5일 11시,토요일,서울특별시 강서구 화곡동,경상사고,0,0,1,0,차대사람 - 기타,안전운전불이행,포장 - 건조,맑음,단일로 - 기타,승합,남,65세,상해없음,보행자,남,29세,경상
2020120500100356,2020년 12월 5일 17시,토요일,서울특별시 강서구 등촌동,경상사고,0,0,1,0,차대차 - 기타,안전거리미확보,포장 - 건조,맑음,단일로 - 기타,승용,남,28세,상해없음,승용,여,43세,경상
2020120500100503,2020년 12월 5일 21시,토요일,서울특별시 강서구 마곡동,중상사고,0,1,1,0,차대차 - 추돌,안전운전불이행,포장 - 건조,맑음,단일로 - 기타,승용,남,45세,상해없음,승용,여,56세,경상
2020120600100297,2020년 12월 6일 18시,일요일,서울특별시 강서구 마곡동,중상사고,0,1,0,0,차대차 - 기타,안전운전불이행,포장 - 건조,맑음,기타 - 기타,이륜,남,16세,상해없음,자전거,남,58세,중상
2020120700100034,2020년 12월 7일 06시,월요일,서울특별시 강서구 방화동,중상사고,0,1,0,0,차대차 - 정면충돌,중앙선침범,포장 - 건조,맑음,단일로 - 기타,자전거,여,78세,중상,원동기,남,41세,상해없음
2020120700100304,2020년 12월 7일 16시,월요일,서울특별시 강서구 가양동,경상사고,0,0,1,0,차대차 - 기타,신호위반,포장 - 건조,맑음,교차로 - 교차로부근,원동기,남,66세,상해없음,승용,남,53세,상해없음
2020120700100380,2020년 12월 7일 18시,월요일,서울특별시 강서구 염창동,경상사고,0,0,1,0,차대사람 - 차도통행중,안전운전불이행,포장 - 건조,맑음,단일로 - 기타,화물,남,50세,상해없음,보행자,남,56세,경상
2020120700100489,2020년 12월 7일 21시,월요일,서울특별시 강서구 염창동,중상사고,0,1,1,1,차대차 - 측면충돌,안전거리미확보,포장 - 건조,맑음,교차로 - 교차로부근,승용,남,44세,부상신고,승용,남,63세,경상
2020120800100321,2020년 12월 8일 15시,화요일,서울특별시 강서구 화곡동,경상사고,0,0,1,0,차대사람 - 차도통행중,안전운전불이행,포장 - 건조,맑음,단일로 - 기타,승용,남,60세,상해없음,보행자,여,14세,경상
2020120800100357,2020년 12월 8일 16시,화요일,서울특별시 강서구 화곡동,경상사고,0,0,1,0,차대사람 - 기타,안전운전불이행,포장 - 건조,맑음,교차로 - 교차로안,화물,남,66세,상해없음,보행자,여,72세,경상
2020120800100358,2020년 12월 8일 16시,화요일,서울특별시 강서구 화곡동,경상사고,0,0,1,0,차대차 - 측면충돌,직진우회전진행방해,포장 - 건조,맑음,교차로 - 교차로안,이륜,남,51세,경상,승용,여,38세,상해없음
2020120800100576,2020년 12월 8일 21시,화요일,서울특별시 강서구 화곡동,경상사고,0,0,1,0,차대사람 - 기타,안전운전불이행,포장 - 건조,맑음,단일로 - 기타,승용,남,27세,상해없음,보행자,남,73세,경상
2020120900100001,2020년 12월 9일 00시,수요일,서울특별시 강서구 화곡동,경상사고,0,0,2,0,차대차 - 기타,신호위반,포장 - 건조,맑음,단일로 - 기타,승용,여,24세,상해없음,승용,남,49세,상해없음
2020120900100119,2020년 12월 9일 09시,수요일,서울특별시 강서구 마곡동,중상사고,0,1,0,0,차대차 - 기타,안전운전불이행,포장 - 건조,맑음,교차로 - 교차로부근,승용,남,74세,상해없음,자전거,남,35세,중상
2020120900100182,2020년 12월 9일 11시,수요일,서울특별시 강서구 화곡동,중상사고,0,1,0,0,차대차 - 기타,중앙선침범,포장 - 건조,맑음,단일로 - 기타,승용,남,47세,상해없음,이륜,남,28세,중상
2020120900100394,2020년 12월 9일 18시,수요일,서울특별시 강서구 화곡동,경상사고,0,0,1,0,차대차 - 측면충돌,안전운전불이행,포장 - 건조,맑음,교차로 - 교차로부근,승용,남,63세,상해없음,자전거,여,63세,경상
2020121000100130,2020년 12월 10일 11시,목요일,서울특별시 강서구 등촌동,경상사고,0,0,1,0,차대사람 - 기타,안전운전불이행,포장 - 건조,맑음,단일로 - 기타,기타불명,기타불명,미분류,기타불명,보행자,여,61세,경상
2020121000100293,2020년 12월 10일 17시,목요일,서울특별시 강서구 개화동,경상사고,0,0,2,0,차대차 - 측면충돌,안전운전불이행,포장 - 건조,맑음,교차로 - 교차로안,승용,남,32세,상해없음,승용,여,55세,경상
2020121000100350,2020년 12월 10일 18시,목요일,서울특별시 강서구 방화동,경상사고,0,0,1,0,차대차 - 기타,교차로운행방법위반,포장 - 건조,맑음,교차로 - 교차로안,승합,남,61세,상해없음,승용,남,45세,경상
2020121000100351,2020년 12월 10일 18시,목요일,서울특별시 강서구 등촌동,경상사고,0,0,3,0,차대차 - 추돌,안전운전불이행,포장 - 건조,맑음,단일로 - 기타,승용,남,38세,상해없음,승용,남,27세,경상
2020121100100270,2020년 12월 11일 15시,금요일,서울특별시 강서구 방화동,중상사고,0,1,0,0,차대차 - 측면충돌,중앙선침범,포장 - 건조,맑음,단일로 - 기타,자전거,남,88세,중상,화물,여,54세,상해없음
2020121100100387,2020년 12월 11일 18시,금요일,서울특별시 강서구 등촌동,경상사고,0,0,1,0,차대차 - 추돌,안전운전불이행,포장 - 건조,맑음,단일로 - 기타,화물,남,43세,상해없음,승용,남,37세,경상
2020121100100388,2020년 12월 11일 18시,금요일,서울특별시 강서구 화곡동,부상신고사고,0,0,0,1,차대차 - 기타,안전운전불이행,포장 - 건조,맑음,단일로 - 기타,이륜,남,30세,상해없음,승용,남,24세,부상신고
2020121100100460,2020년 12월 11일 19시,금요일,서울특별시 강서구 화곡동,경상사고,0,0,1,0,차대사람 - 기타,안전운전불이행,포장 - 건조,맑음,교차로 - 교차로안,승용,남,61세,상해없음,보행자,남,60세,경상
2020121100100461,2020년 12월 11일 19시,금요일,서울특별시 강서구 등촌동,경상사고,0,0,1,0,차대차 - 기타,안전운전불이행,포장 - 건조,맑음,단일로 - 기타,이륜,남,36세,경상,이륜,남,29세,상해없음
2020121100100495,2020년 12월 11일 20시,금요일,서울특별시 강서구 등촌동,경상사고,0,0,1,0,차대차 - 추돌,안전운전불이행,포장 - 건조,맑음,교차로 - 교차로부근,승용,남,41세,상해없음,승용,남,43세,경상
2020121100100543,2020년 12월 11일 21시,금요일,서울특별시 강서구 등촌동,경상사고,0,0,2,0,차대차 - 추돌,안전운전불이행,포장 - 건조,맑음,단일로 - 기타,승용,남,41세,상해없음,승용,남,62세,경상
2020121200100010,2020년 12월 12일 01시,토요일,서울특별시 강서구 화곡동,경상사고,0,0,1,0,차대차 - 기타,안전운전불이행,포장 - 건조,맑음,단일로 - 기타,이륜,남,24세,경상,승용,남,67세,상해없음
2020121200100113,2020년 12월 12일 11시,토요일,서울특별시 강서구 화곡동,경상사고,0,0,4,0,차대차 - 추돌,안전운전불이행,포장 - 건조,맑음,교차로 - 교차로부근,승용,남,61세,상해없음,승용,남,44세,경상
2020121200100149,2020년 12월 12일 12시,토요일,서울특별시 강서구 등촌동,중상사고,0,1,0,0,차량단독 - 기타,안전운전불이행,포장 - 건조,맑음,단일로 - 기타,승합,남,54세,상해없음,,,,
2020121200100189,2020년 12월 12일 13시,토요일,서울특별시 강서구 공항동,경상사고,0,0,1,0,차대차 - 측면충돌,안전거리미확보,포장 - 건조,맑음,단일로 - 기타,자전거,남,69세,경상,화물,남,40세,상해없음
2020121200100245,2020년 12월 12일 15시,토요일,서울특별시 강서구 화곡동,중상사고,0,1,0,0,차대차 - 기타,안전운전불이행,포장 - 건조,맑음,교차로 - 교차로부근,이륜,남,24세,중상,이륜,남,30세,상해없음
2020121200100457,2020년 12월 12일 21시,토요일,서울특별시 강서구 염창동,경상사고,0,0,1,0,차대차 - 기타,기타,포장 - 건조,맑음,단일로 - 기타,원동기,남,17세,상해없음,원동기,남,39세,경상
2020121200100458,2020년 12월 12일 21시,토요일,서울특별시 강서구 등촌동,경상사고,0,0,1,0,차대차 - 추돌,안전운전불이행,포장 - 건조,맑음,교차로 - 교차로부근,승용,남,34세,상해없음,이륜,남,25세,경상
2020121300100234,2020년 12월 13일 17시,일요일,서울특별시 강서구 화곡동,경상사고,0,0,1,0,차대차 - 후진중충돌,불법유턴,포장 - 건조,맑음,단일로 - 기타,승용,남,28세,상해없음,이륜,여,19세,경상
2020121400100453,2020년 12월 14일 19시,월요일,서울특별시 강서구 마곡동,중상사고,0,2,0,0,차대차 - 측면충돌,교차로운행방법위반,포장 - 건조,맑음,교차로 - 교차로안,승용,남,61세,상해없음,승용,남,50세,중상
2020121400100484,2020년 12월 14일 20시,월요일,서울특별시 강서구 화곡동,경상사고,0,0,1,0,차대차 - 추돌,신호위반,포장 - 건조,맑음,교차로 - 교차로안,이륜,남,19세,상해없음,승용,여,50세,경상
2020121500100166,2020년 12월 15일 12시,화요일,서울특별시 강서구 내발산동,경상사고,0,0,1,0,차대차 - 기타,중앙선침범,포장 - 건조,맑음,교차로 - 교차로안,이륜,남,17세,경상,승용,여,42세,상해없음
2020121500100379,2020년 12월 15일 18시,화요일,서울특별시 강서구 마곡동,경상사고,0,0,1,0,차대사람 - 기타,안전운전불이행,포장 - 건조,맑음,단일로 - 기타,개인형이동수단(PM),남,36세,상해없음,보행자,남,37세,경상
2020121500100380,2020년 12월 15일 18시,화요일,서울특별시 강서구 화곡동,부상신고사고,0,0,0,1,차대차 - 기타,기타,포장 - 건조,기타,기타 - 기타,승용,남,32세,상해없음,이륜,남,26세,부상신고
2020121500100519,2020년 12월 15일 21시,화요일,서울특별시 강서구 가양동,경상사고,0,0,1,0,차대차 - 추돌,안전운전불이행,포장 - 건조,맑음,교차로 - 교차로부근,승용,남,64세,상해없음,승용,남,63세,경상
2020121600100298,2020년 12월 16일 16시,수요일,서울특별시 강서구 마곡동,경상사고,0,0,1,0,차대차 - 기타,신호위반,포장 - 건조,맑음,교차로 - 교차로안,승용,남,48세,상해없음,승용,남,37세,경상
2020121600100373,2020년 12월 16일 18시,수요일,서울특별시 강서구 화곡동,경상사고,0,0,1,0,차대차 - 추돌,중앙선침범,포장 - 건조,맑음,단일로 - 기타,이륜,남,29세,상해없음,이륜,남,27세,경상
2020121600100433,2020년 12월 16일 19시,수요일,서울특별시 강서구 마곡동,경상사고,0,0,1,0,차대차 - 측면충돌,안전운전불이행,포장 - 건조,맑음,단일로 - 기타,승용,남,53세,상해없음,자전거,남,37세,경상
2020121700100147,2020년 12월 17일 10시,목요일,서울특별시 강서구 가양동,경상사고,0,0,2,0,차대차 - 측면충돌,안전거리미확보,포장 - 건조,맑음,단일로 - 기타,화물,남,54세,상해없음,승용,남,39세,경상
2020121700100567,2020년 12월 17일 22시,목요일,서울특별시 강서구 등촌동,부상신고사고,0,0,0,1,차량단독 - 기타,안전운전불이행,포장 - 기타,맑음,단일로 - 기타,원동기,여,16세,상해없음,,,,
2020121800100012,2020년 12월 18일 03시,금요일,서울특별시 강서구 가양동,경상사고,0,0,1,0,차대차 - 추돌,안전운전불이행,포장 - 해빙,기타,교차로 - 교차로부근,승용,여,38세,상해없음,화물,남,32세,경상
2020121800100214,2020년 12월 18일 13시,금요일,서울특별시 강서구 마곡동,중상사고,0,1,0,0,차대차 - 추돌,안전운전불이행,포장 - 건조,맑음,교차로 - 교차로부근,승용,남,69세,상해없음,이륜,남,33세,중상
2020121900100365,2020년 12월 19일 18시,토요일,서울특별시 강서구 화곡동,중상사고,0,1,0,0,차대사람 - 기타,안전운전불이행,포장 - 건조,맑음,단일로 - 기타,승용,여,49세,상해없음,보행자,여,68세,중상
2020121900100427,2020년 12월 19일 19시,토요일,서울특별시 강서구 등촌동,중상사고,0,1,0,1,차대차 - 기타,신호위반,포장 - 건조,맑음,교차로 - 교차로안,이륜,남,40세,부상신고,이륜,남,35세,중상
2020121900100581,2020년 12월 19일 23시,토요일,서울특별시 강서구 등촌동,경상사고,0,0,1,0,차대차 - 추돌,안전운전불이행,포장 - 건조,맑음,단일로 - 기타,승용,남,32세,기타불명,승용,남,34세,경상
2020122100100048,2020년 12월 21일 07시,월요일,서울특별시 강서구 마곡동,중상사고,0,1,0,0,차대차 - 추돌,안전거리미확보,포장 - 건조,맑음,단일로 - 기타,승용,여,56세,상해없음,화물,남,49세,중상
2020122100100224,2020년 12월 21일 12시,월요일,서울특별시 강서구 마곡동,경상사고,0,0,1,0,차대사람 - 차도통행중,안전운전불이행,포장 - 건조,맑음,교차로 - 교차로안,승합,남,60세,상해없음,보행자,남,60세,경상
2020122100100253,2020년 12월 21일 13시,월요일,서울특별시 강서구 오쇠동,경상사고,0,0,2,0,차대차 - 추돌,안전운전불이행,포장 - 건조,맑음,단일로 - 기타,승용,여,60세,경상,화물,남,57세,경상
2020122200100079,2020년 12월 22일 08시,화요일,서울특별시 강서구 방화동,경상사고,0,0,1,0,차대차 - 추돌,안전운전불이행,포장 - 건조,흐림,단일로 - 기타,승용,남,39세,상해없음,승용,여,39세,경상
2020122200100532,2020년 12월 22일 21시,화요일,서울특별시 강서구 화곡동,경상사고,0,0,1,0,차대차 - 기타,직진우회전진행방해,포장 - 건조,맑음,교차로 - 교차로부근,자전거,기타불명,미분류,기타불명,승용,남,68세,상해없음
2020122200100561,2020년 12월 22일 22시,화요일,서울특별시 강서구 화곡동,경상사고,0,0,1,0,차대차 - 기타,안전운전불이행,포장 - 건조,맑음,단일로 - 기타,승용,남,41세,상해없음,이륜,남,29세,경상
2020122300100199,2020년 12월 23일 12시,수요일,서울특별시 강서구 화곡동,경상사고,0,0,1,0,차대차 - 측면충돌,신호위반,포장 - 건조,맑음,교차로 - 교차로안,원동기,남,53세,경상,화물,남,57세,상해없음
2020122300100487,2020년 12월 23일 19시,수요일,서울특별시 강서구 등촌동,경상사고,0,0,1,0,차대차 - 측면충돌,안전운전불이행,포장 - 건조,맑음,교차로 - 교차로횡단보도내,이륜,남,29세,상해없음,자전거,남,41세,경상
2020122400100067,2020년 12월 24일 08시,목요일,서울특별시 강서구 등촌동,경상사고,0,0,2,0,차대차 - 측면충돌,안전운전불이행,포장 - 건조,맑음,교차로 - 교차로안,승용,남,53세,상해없음,승용,남,63세,경상
2020122400100336,2020년 12월 24일 16시,목요일,서울특별시 강서구 화곡동,경상사고,0,0,1,0,차대차 - 기타,안전운전불이행,포장 - 건조,맑음,교차로 - 교차로안,이륜,남,28세,경상,기타불명,기타불명,미분류,기타불명
2020122400100433,2020년 12월 24일 18시,목요일,서울특별시 강서구 방화동,경상사고,0,0,1,0,차대차 - 기타,안전운전불이행,포장 - 건조,흐림,교차로 - 교차로횡단보도내,자전거,남,29세,경상,화물,남,65세,상해없음
2020122400100636,2020년 12월 24일 22시,목요일,서울특별시 강서구 등촌동,경상사고,0,0,2,0,차대차 - 측면충돌,안전거리미확보,포장 - 젖음/습기,비,교차로 - 교차로부근,승용,남,19세,기타불명,승용,남,41세,경상
2020122500100025,2020년 12월 25일 05시,금요일,서울특별시 강서구 화곡동,중상사고,0,1,0,0,차대차 - 기타,신호위반,포장 - 건조,맑음,교차로 - 교차로안,승용,남,28세,기타불명,승용,여,33세,중상
2020122500100288,2020년 12월 25일 19시,금요일,서울특별시 강서구 내발산동,경상사고,0,0,2,0,차대차 - 기타,안전운전불이행,포장 - 건조,맑음,교차로 - 교차로안,승용,남,60세,상해없음,승합,남,50세,경상
2020122600100164,2020년 12월 26일 14시,토요일,서울특별시 강서구 화곡동,경상사고,0,0,1,0,차대차 - 기타,안전운전불이행,포장 - 건조,맑음,단일로 - 기타,이륜,남,23세,경상,승용,남,44세,상해없음
2020122600100165,2020년 12월 26일 14시,토요일,서울특별시 강서구 공항동,경상사고,0,0,1,0,차대차 - 기타,안전운전불이행,포장 - 건조,맑음,교차로 - 교차로횡단보도내,승용,남,52세,상해없음,승용,남,62세,경상
2020122600100191,2020년 12월 26일 15시,토요일,서울특별시 강서구 방화동,경상사고,0,0,2,0,차대차 - 측면충돌,차로위반,포장 - 건조,맑음,단일로 - 기타,승용,여,31세,상해없음,승용,남,25세,경상
2020122600100192,2020년 12월 26일 15시,토요일,서울특별시 강서구 공항동,경상사고,0,0,1,0,차대차 - 기타,교차로운행방법위반,포장 - 건조,맑음,교차로 - 교차로안,승용,남,23세,상해없음,승용,남,33세,경상
2020122600100381,2020년 12월 26일 21시,토요일,서울특별시 강서구 방화동,경상사고,0,0,2,0,차대차 - 추돌,안전운전불이행,포장 - 건조,맑음,단일로 - 기타,승용,여,53세,상해없음,승용,남,68세,경상