사고번호,사고일시,요일,시군구,사고내용,사망자수,중상자수,경상자수,부상신고자수,사고유형,법규위반,노면상태,기상상태,도로형태,가해운전자 차종,가해운전자 성별,가해운전자 연령,가해운전자 상해정도,피해운전자 차종,피해운전자 성별,피해운전자 연령,피해운전자 상해정도
2021050400100584,2021년 5월 4일 21시,화요일,서울특별시 강서구 화곡동,경상사고,0,0,1,0,차대사람 - 횡단중,안전운전불이행,포장 - 젖음/습기,비,기타 - 기타,원동기,남,22세,상해없음,보행자,남,45세,경상
2021050500100034,2021년 5월 5일 02시,수요일,서울특별시 강서구 화곡동,부상신고사고,0,0,0,1,차대차 - 측면충돌,안전운전불이행,포장 - 젖음/습기,흐림,단일로 - 기타,이륜,남,21세,부상신고,승용,남,53세,상해없음
2021050500100382,2021년 5월 5일 17시,수요일,서울특별시 강서구 가양동,부상신고사고,0,0,0,1,차대차 - 추돌,안전운전불이행,포장 - 건조,맑음,단일로 - 기타,자전거,남,31세,부상신고,승용,남,42세,상해없음
2021050500100530,2021년 5월 5일 21시,수요일,서울특별시 강서구 화곡동,경상사고,0,0,1,0,차대차 - 측면충돌,안전운전불이행,포장 - 건조,맑음,단일로 - 기타,승용,남,56세,상해없음,이륜,남,40세,경상
2021050600100353,2021년 5월 6일 17시,목요일,서울특별시 강서구 방화동,중상사고,0,1,0,0,차대차 - 기타,안전운전불이행,포장 - 건조,맑음,단일로 - 기타,승용,여,40세,상해없음,승용,남,59세,상해없음
2021050600100508,2021년 5월 6일 21시,목요일,서울특별시 강서구 방화동,경상사고,0,0,1,0,차대사람 - 횡단중,신호위반,포장 - 건조,맑음,교차로 - 교차로횡단보도내,개인형이동수단(PM),남,17세,상해없음,보행자,여,65세,경상
2021050600100537,2021년 5월 6일 22시,목요일,서울특별시 강서구 등촌동,경상사고,0,0,1,0,차대사람 - 기타,안전운전불이행,포장 - 건조,흐림,단일로 - 기타,개인형이동수단(PM),여,27세,상해없음,보행자,여,63세,경상
2021050600100538,2021년 5월 6일 22시,목요일,서울특별시 강서구 가양동,경상사고,0,0,1,0,차대차 - 기타,안전운전불이행,포장 - 건조,맑음,교차로 - 교차로부근,승용,여,61세,상해없음,승용,남,46세,경상
2021050600100539,2021년 5월 6일 22시,목요일,서울특별시 강서구 개화동,경상사고,0,0,2,0,차대차 - 기타,안전운전불이행,포장 - 건조,맑음,단일로 - 기타,승용,남,48세,상해없음,승용,여,45세,경상
2021050700100155,2021년 5월 7일 11시,금요일,서울특별시 강서구 염창동,경상사고,0,0,1,0,차대차 - 측면충돌,안전거리미확보,포장 - 건조,맑음,단일로 - 기타,승용,남,41세,상해없음,승용,남,50세,경상
2021050700100309,2021년 5월 7일 15시,금요일,서울특별시 강서구 화곡동,경상사고,0,0,1,0,차대차 - 기타,안전운전불이행,포장 - 건조,맑음,단일로 - 기타,개인형이동수단(PM),남,58세,경상,승용,남,31세,상해없음
2021050700100344,2021년 5월 7일 16시,금요일,서울특별시 강서구 화곡동,중상사고,0,1,0,0,차대사람 - 횡단중,안전운전불이행,포장 - 건조,맑음,단일로 - 기타,승용,남,75세,상해없음,보행자,남,74세,중상
2021050700100345,2021년 5월 7일 16시,금요일,서울특별시 강서구 방화동,경상사고,0,0,1,0,차대차 - 기타,교차로운행방법위반,포장 - 건조,맑음,교차로 - 교차로안,승용,남,37세,상해없음,화물,남,29세,경상
2021050700100556,2021년 5월 7일 21시,금요일,서울특별시 강서구 등촌동,경상사고,0,0,1,0,차대차 - 기타,중앙선침범,포장 - 건조,맑음,단일로 - 기타,승용,남,56세,상해없음,이륜,남,32세,경상
2021050800100092,2021년 5월 8일 09시,토요일,서울특별시 강서구 방화동,중상사고,0,1,0,0,차대사람 - 차도통행중,신호위반,포장 - 건조,맑음,교차로 - 교차로부근,승용,여,32세,상해없음,보행자,남,83세,중상
2021050800100093,2021년 5월 8일 09시,토요일,서울특별시 강서구 화곡동,중상사고,0,1,1,3,차대차 - 기타,기타,포장 - 건조,맑음,교차로 - 교차로안,승용,여,45세,경상,승용,여,34세,중상
2021050800100120,2021년 5월 8일 10시,토요일,서울특별시 강서구 화곡동,경상사고,0,0,1,0,차대차 - 기타,안전운전불이행,포장 - 건조,맑음,기타 - 기타,승용,여,49세,기타불명,화물,남,62세,경상
2021050800100154,2021년 5월 8일 11시,토요일,서울특별시 강서구 화곡동,경상사고,0,0,1,0,차대차 - 기타,중앙선침범,포장 - 건조,맑음,교차로 - 교차로부근,승용,남,52세,상해없음,승용,남,67세,상해없음
2021050800100194,2021년 5월 8일 12시,토요일,서울특별시 강서구 공항동,사망사고,1,0,0,0,차대사람 - 기타,안전운전불이행,포장 - 건조,맑음,교차로 - 교차로부근,승합,남,65세,상해없음,보행자,여,78세,사망
2021050800100339,2021년 5월 8일 15시,토요일,서울특별시 강서구 방화동,경상사고,0,0,3,0,차대차 - 기타,교차로운행방법위반,포장 - 건조,맑음,교차로 - 교차로안,승합,남,52세,상해없음,승용,남,42세,상해없음
2021050900100148,2021년 5월 9일 12시,일요일,서울특별시 강서구 방화동,경상사고,0,0,1,0,차대차 - 추돌,안전운전불이행,포장 - 건조,맑음,교차로 - 교차로안,자전거,남,14세,경상,자전거,남,13세,기타불명
2021050900100149,2021년 5월 9일 12시,일요일,서울특별시 강서구 화곡동,중상사고,0,1,0,0,차대차 - 측면충돌,신호위반,포장 - 건조,맑음,교차로 - 교차로안,승용,여,52세,상해없음,이륜,남,20세,중상
2021050900100257,2021년 5월 9일 15시,일요일,서울특별시 강서구 공항동,경상사고,0,0,4,0,차대차 - 추돌,안전운전불이행,포장 - 건조,맑음,교차로 - 교차로부근,승용,여,64세,상해없음,승용,남,52세,경상
2021050900100438,2021년 5월 9일 20시,일요일,서울특별시 강서구 방화동,경상사고,0,0,1,0,차대차 - 기타,안전운전불이행,포장 - 건조,맑음,기타 - 기타,자전거,남,11세,경상,개인형이동수단(PM),남,18세,상해없음
2021051000100013,2021년 5월 10일 05시,월요일,서울특별시 강서구 화곡동,경상사고,0,0,1,0,차대차 - 정면충돌,중앙선침범,포장 - 건조,맑음,교차로 - 교차로부근,자전거,남,8세,경상,승용,여,57세,상해없음
2021051000100505,2021년 5월 10일 21시,월요일,서울특별시 강서구 내발산동,경상사고,0,0,1,0,차대차 - 추돌,안전운전불이행,포장 - 건조,맑음,교차로 - 교차로부근,승용,남,30세,상해없음,승용,남,29세,경상
2021051100100031,2021년 5월 11일 04시,화요일,서울특별시 강서구 화곡동,경상사고,0,0,2,0,차대차 - 정면충돌,신호위반,포장 - 건조,맑음,교차로 - 교차로안,승용,남,61세,경상,승용,남,60세,경상
2021051100100443,2021년 5월 11일 17시,화요일,서울특별시 강서구 공항동,경상사고,0,0,1,0,차대사람 - 기타,기타,포장 - 건조,맑음,교차로 - 교차로부근,승용,남,74세,상해없음,보행자,여,33세,경상
2021051100100444,2021년 5월 11일 17시,화요일,서울특별시 강서구 방화동,중상사고,0,1,0,0,차대사람 - 기타,안전운전불이행,포장 - 건조,맑음,단일로 - 기타,자전거,남,16세,상해없음,보행자,여,72세,중상
2021051100100532,2021년 5월 11일 19시,화요일,서울특별시 강서구 화곡동,부상신고사고,0,0,0,1,차대차 - 기타,안전운전불이행,포장 - 건조,맑음,교차로 - 교차로안,이륜,남,26세,부상신고,승용,여,63세,상해없음
2021051100100568,2021년 5월 11일 20시,화요일,서울특별시 강서구 공항동,경상사고,0,0,1,0,차대사람 - 기타,안전운전불이행,포장 - 건조,맑음,단일로 - 기타,승용,남,28세,상해없음,보행자,여,74세,경상
2021051200100065,2021년 5월 12일 08시,수요일,서울특별시 강서구 마곡동,부상신고사고,0,0,0,1,차대차 - 기타,안전운전불이행,포장 - 건조,맑음,단일로 - 기타,자전거,여,29세,상해없음,자전거,여,32세,부상신고
2021051200100066,2021년 5월 12일 08시,수요일,서울특별시 강서구 마곡동,경상사고,0,0,1,0,차대차 - 추돌,안전운전불이행,포장 - 건조,맑음,교차로 - 교차로부근,승용,여,37세,상해없음,승용,남,37세,경상
2021051200100202,2021년 5월 12일 12시,수요일,서울특별시 강서구 화곡동,경상사고,0,0,1,0,차대차 - 기타,안전거리미확보,포장 - 건조,맑음,단일로 - 기타,승용,남,48세,상해없음,승합,남,46세,상해없음
2021051200100275,2021년 5월 12일 14시,수요일,서울특별시 강서구 등촌동,경상사고,0,0,1,0,차대차 - 추돌,안전운전불이행,포장 - 건조,맑음,교차로 - 교차로부근,승합,남,45세,상해없음,승용,남,61세,경상
2021051200100303,2021년 5월 12일 15시,수요일,서울특별시 강서구 등촌동,경상사고,0,0,1,0,차대사람 - 횡단중,안전운전불이행,포장 - 건조,맑음,기타 - 기타,기타불명,기타불명,미분류,기타불명,보행자,여,27세,경상
2021051200100399,2021년 5월 12일 17시,수요일,서울특별시 강서구 화곡동,중상사고,0,1,0,0,차대차 - 기타,안전운전불이행,포장 - 건조,맑음,기타 - 기타,승용,남,47세,상해없음,이륜,남,61세,중상
2021051200100561,2021년 5월 12일 21시,수요일,서울특별시 강서구 마곡동,경상사고,0,0,1,0,차대사람 - 기타,기타,포장 - 건조,맑음,교차로 - 교차로부근,이륜,남,17세,상해없음,보행자,여,26세,경상
2021051200100582,2021년 5월 12일 22시,수요일,서울특별시 강서구 화곡동,경상사고,0,0,1,0,차대사람 - 횡단중,안전운전불이행,포장 - 건조,맑음,단일로 - 기타,기타불명,기타불명,미분류,기타불명,보행자,여,25세,경상
2021051300100012,2021년 5월 13일 02시,목요일,서울특별시 강서구 화곡동,경상사고,0,0,1,0,차대차 - 측면충돌,안전운전불이행,포장 - 건조,맑음,단일로 - 기타,특수,남,52세,상해없음,승용,남,49세,경상
2021051300100049,2021년 5월 13일 07시,목요일,서울특별시 강서구 개화동,경상사고,0,0,1,0,차대차 - 추돌,안전운전불이행,포장 - 건조,맑음,교차로 - 교차로안,승용,남,60세,상해없음,승용,남,61세,경상
2021051300100079,2021년 5월 13일 08시,목요일,서울특별시 강서구 개화동,중상사고,0,1,0,0,차대사람 - 횡단중,보행자보호의무위반,포장 - 건조,맑음,교차로 - 교차로안,승용,남,50세,상해없음,보행자,여,31세,중상
2021051300100217,2021년 5월 13일 12시,목요일,서울특별시 강서구 화곡동,경상사고,0,0,1,0,차대사람 - 기타,안전운전불이행,포장 - 건조,맑음,단일로 - 기타,승합,남,61세,상해없음,보행자,여,23세,경상
2021051300100413,2021년 5월 13일 17시,목요일,서울특별시 강서구 외발산동,중상사고,0,1,0,0,차대차 - 기타,안전운전불이행,포장 - 건조,맑음,교차로 - 교차로안,승합,남,68세,상해없음,승용,남,68세,중상
2021051300100414,2021년 5월 13일 17시,목요일,서울특별시 강서구 화곡동,중상사고,0,1,0,0,차대차 - 기타,직진우회전진행방해,포장 - 건조,맑음,교차로 - 교차로안,승용,남,52세,상해없음,이륜,남,63세,중상
2021051300100506,2021년 5월 13일 19시,목요일,서울특별시 강서구 화곡동,경상사고,0,0,1,0,차대사람 - 기타,안전운전불이행,포장 - 건조,맑음,기타 - 기타,승용,남,51세,상해없음,보행자,여,58세,경상
2021051400100192,2021년 5월 14일 11시,금요일,서울특별시 강서구 염창동,경상사고,0,0,1,0,차대차 - 기타,안전거리미확보,포장 - 건조,맑음,단일로 - 기타,승용,남,23세,상해없음,승용,여,31세,경상
2021051400100266,2021년 5월 14일 13시,금요일,서울특별시 강서구 공항동,중상사고,0,1,0,0,차대사람 - 기타,안전운전불이행,포장 - 건조,맑음,단일로 - 기타,승용,남,56세,상해없음,보행자,남,66세,중상
2021051400100453,2021년 5월 14일 17시,금요일,서울특별시 강서구 가양동,경상사고,0,0,1,0,차대차 - 기타,안전거리미확보,포장 - 건조,맑음,교차로 - 교차로안,승용,남,18세,상해없음,승용,여,49세,경상
2021051400100610,2021년 5월 14일 20시,금요일,서울특별시 강서구 화곡동,경상사고,0,0,1,0,차대차 - 추돌,안전운전불이행,포장 - 건조,맑음,단일로 - 기타,이륜,남,24세,경상,개인형이동수단(PM),남,43세,상해없음
2021051500100100,2021년 5월 15일 09시,토요일,서울특별시 강서구 화곡동,경상사고,0,0,1,0,차대차 - 측면충돌,안전운전불이행,포장 - 건조,맑음,단일로 - 기타,승용,여,61세,상해없음,이륜,남,45세,경상
2021051500100356,2021년 5월 15일 16시,토요일,서울특별시 강서구 염창동,경상사고,0,0,1,0,차대사람 - 횡단중,보행자보호의무위반,포장 - 젖음/습기,비,단일로 - 기타,승용,남,39세,상해없음,보행자,남,38세,경상
2021051500100543,2021년 5월 15일 21시,토요일,서울특별시 강서구 화곡동,경상사고,0,0,3,1,차대차 - 추돌,안전운전불이행,포장 - 젖음/습기,비,단일로 - 기타,승용,남,60세,상해없음,승용,여,26세,경상
2021051500100575,2021년 5월 15일 22시,토요일,서울특별시 강서구 화곡동,중상사고,0,1,4,0,차대차 - 측면충돌,신호위반,포장 - 젖음/습기,비,교차로 - 교차로안,승용,남,62세,상해없음,승용,남,61세,경상
2021051500100610,2021년 5월 15일 23시,토요일,서울특별시 강서구 화곡동,경상사고,0,0,1,0,차대사람 - 길가장자리구역통행중,안전운전불이행,포장 - 젖음/습기,비,단일로 - 기타,승용,남,20세,상해없음,보행자,남,60세,경상
2021051600100327,2021년 5월 16일 19시,일요일,서울특별시 강서구 등촌동,경상사고,0,0,1,0,차대차 - 기타,안전운전불이행,포장 - 젖음/습기,흐림,교차로 - 교차로안,화물,남,53세,상해없음,승합,남,61세,경상
2021051600100394,2021년 5월 16일 21시,일요일,서울특별시 강서구 화곡동,경상사고,0,0,1,0,차대사람 - 기타,안전운전불이행,포장 - 젖음/습기,비,단일로 - 기타,승용,남,45세,상해없음,보행자,남,51세,경상
2021051600100395,2021년 5월 16일 21시,일요일,서울특별시 강서구 화곡동,경상사고,0,0,3,0,차대차 - 기타,안전운전불이행,포장 - 건조,맑음,교차로 - 교차로안,승용,남,31세,상해없음,승용,남,60세,경상
2021051700100242,2021년 5월 17일 14시,월요일,서울특별시 강서구 방화동,중상사고,0,1,0,0,차대사람 - 기타,안전운전불이행,포장 - 건조,맑음,단일로 - 기타,화물,남,38세,상해없음,보행자,여,59세,중상
2021051700100269,2021년 5월 17일 15시,월요일,서울특별시 강서구 가양동,중상사고,0,1,0,0,차대차 - 기타,안전운전불이행,포장 - 건조,맑음,교차로 - 교차로안,승용,남,65세,상해없음,원동기,남,59세,중상
2021051700100378,2021년 5월 17일 18시,월요일,서울특별시 강서구 마곡동,경상사고,0,0,1,0,차대차 - 기타,안전거리미확보,포장 - 건조,맑음,단일로 - 기타,승용,남,53세,상해없음,승용,여,35세,경상
2021051700100379,2021년 5월 17일 18시,월요일,서울특별시 강서구 화곡동,경상사고,0,0,1,0,차대차 - 측면충돌,안전거리미확보,포장 - 건조,맑음,단일로 - 기타,승용,여,44세,상해없음,승합,남,41세,경상
2021051800100069,2021년 5월 18일 08시,화요일,서울특별시 강서구 방화동,경상사고,0,0,1,0,차대사람 - 기타,안전운전불이행,포장 - 건조,맑음,교차로 - 교차로안,화물,남,34세,상해없음,보행자,남,80세,경상
2021051800100070,2021년 5월 18일 08시,화요일,서울특별시 강서구 마곡동,경상사고,0,0,1,0,차대차 - 정면충돌,안전운전불이행,포장 - 건조,맑음,단일로 - 기타,자전거,기타불명,미분류,기타불명,개인형이동수단(PM),여,31세,경상
2021051800100129,2021년 5월 18일 10시,화요일,서울특별시 강서구 내발산동,중상사고,0,1,0,0,차대차 - 기타,신호위반,포장 - 건조,맑음,교차로 - 교차로안,자전거,여,65세,중상,화물,남,65세,상해없음
2021051800100380,2021년 5월 18일 17시,화요일,서울특별시 강서구 방화동,중상사고,0,1,0,0,차대차 - 측면충돌,안전운전불이행,포장 - 건조,맑음,교차로 - 교차로안,승용,남,58세,상해없음,이륜,남,39세,중상
2021051800100381,2021년 5월 18일 17시,화요일,서울특별시 강서구 염창동,경상사고,0,0,2,0,차대차 - 측면충돌,직진우회전진행방해,포장 - 건조,맑음,교차로 - 교차로안,승용,여,31세,경상,승용,남,74세,경상
2021051800100421,2021년 5월 18일 18시,화요일,서울특별시 강서구 개화동,경상사고,0,0,1,0,차대차 - 기타,차로위반,포장 - 건조,맑음,단일로 - 기타,승용,여,61세,상해없음,승용,남,59세,경상
2021051800100574,2021년 5월 18일 22시,화요일,서울특별시 강서구 마곡동,경상사고,0,0,1,0,차대사람 - 기타,안전운전불이행,포장 - 건조,맑음,단일로 - 기타,이륜,남,18세,상해없음,보행자,남,30세,경상
2021051800100598,2021년 5월 18일 23시,화요일,서울특별시 강서구 방화동,경상사고,0,0,3,0,차대차 - 추돌,안전거리미확보,포장 - 건조,맑음,교차로 - 교차로안,승용,남,45세,상해없음,승용,여,54세,경상
2021051900100050,2021년 5월 19일 06시,수요일,서울특별시 강서구 화곡동,경상사고,0,0,2,0,차대차 - 측면충돌,안전거리미확보,포장 - 건조,맑음,교차로 - 교차로부근,승용,남,69세,상해없음,화물,남,50세,경상
2021051900100070,2021년 5월 19일 08시,수요일,서울특별시 강서구 화곡동,경상사고,0,0,1,0,차대차 - 기타,교차로운행방법위반,포장 - 건조,맑음,교차로 - 교차로안,개인형이동수단(PM),여,32세,경상,화물,남,38세,상해없음
2021051900100154,2021년 5월 19일 11시,수요일,서울특별시 강서구 방화동,경상사고,0,0,2,0,차대차 - 기타,신호위반,포장 - 건조,맑음,교차로 - 교차로안,원동기,남,61세,경상,승용,남,37세,경상
2021051900100155,2021년 5월 19일 11시,수요일,서울특별시 강서구 화곡동,경상사고,0,0,1,0,차대사람 - 차도통행중,안전운전불이행,포장 - 건조,맑음,단일로 - 기타,자전거,남,41세,상해없음,보행자,남,38세,경상
2021051900100194,2021년 5월 19일 12시,수요일,서울특별시 강서구 화곡동,경상사고,0,0,1,0,차대사람 - 기타,기타,포장 - 건조,맑음,기타 - 기타,승합,남,71세,상해없음,보행자,여,67세,경상
2021051900100230,2021년 5월 19일 13시,수요일,서울특별시 강서구 외발산동,경상사고,0,0,1,0,차대차 - 측면충돌,안전운전불이행,포장 - 건조,맑음,단일로 - 기타,승용,여,55세,상해없음,승용,여,51세,경상
2021051900100265,2021년 5월 19일 14시,수요일,서울특별시 강서구 염창동,경상사고,0,0,1,0,차대차 - 측면충돌,안전거리미확보,포장 - 건조,맑음,단일로 - 기타,승용,남,29세,상해없음,승용,여,37세,경상
2021051900100448,2021년 5월 19일 19시,수요일,서울특별시 강서구 화곡동,경상사고,0,0,1,0,차대사람 - 횡단중,안전운전불이행,포장 - 건조,맑음,교차로 - 교차로부근,원동기,남,21세,기타불명,보행자,남,36세,경상
2021052000100060,2021년 5월 20일 08시,목요일,서울특별시 강서구 화곡동,중상사고,0,1,0,0,차대사람 - 기타,안전운전불이행,포장 - 건조,맑음,단일로 - 기타,승용,여,43세,상해없음,보행자,여,19세,중상
2021052000100230,2021년 5월 20일 14시,목요일,서울특별시 강서구 마곡동,경상사고,0,0,1,0,차대사람 - 횡단중,안전운전불이행,포장 - 건조,흐림,단일로 - 기타,승합,남,56세,상해없음,보행자,남,9세,경상
2021052000100231,2021년 5월 20일 14시,목요일,서울특별시 강서구 가양동,경상사고,0,0,1,0,차대차 - 기타,안전거리미확보,포장 - 건조,맑음,단일로 - 기타,승용,여,56세,상해없음,특수,남,51세,경상
2021052000100292,2021년 5월 20일 16시,목요일,서울특별시 강서구 염창동,중상사고,0,1,0,0,차대사람 - 횡단중,보행자보호의무위반,포장 - 건조,맑음,단일로 - 기타,승합,남,30세,상해없음,보행자,여,65세,중상
2021052000100446,2021년 5월 20일 20시,목요일,서울특별시 강서구 가양동,경상사고,0,0,1,0,차대차 - 추돌,안전운전불이행,포장 - 젖음/습기,비,단일로 - 기타,승용,남,39세,상해없음,이륜,남,40세,경상
2021052100100004,2021년 5월 21일 00시,금요일,서울특별시 강서구 화곡동,경상사고,0,0,1,0,차대차 - 측면충돌,신호위반,포장 - 젖음/습기,비,단일로 - 기타,승용,남,63세,상해없음,자전거,여,32세,경상
2021052100100369,2021년 5월 21일 17시,금요일,서울특별시 강서구 방화동,경상사고,0,0,2,0,차대차 - 기타,안전거리미확보,포장 - 건조,맑음,단일로 - 기타,승용,남,54세,상해없음,승용,남,19세,경상
2021052200100114,2021년 5월 22일 10시,토요일,서울특별시 강서구 외발산동,중상사고,0,1,0,0,차대차 - 추돌,신호위반,포장 - 건조,맑음,교차로 - 교차로안,승용,여,24세,상해없음,승용,남,39세,중상
2021052200100183,2021년 5월 22일 12시,토요일,서울특별시 강서구 마곡동,중상사고,0,1,0,0,차대사람 - 기타,안전운전불이행,포장 - 건조,맑음,단일로 - 기타,자전거,여,60세,중상,보행자,여,23세,상해없음
2021052200100184,2021년 5월 22일 12시,토요일,서울특별시 강서구 화곡동,경상사고,0,0,1,0,차대차 - 정면충돌,안전운전불이행,포장 - 건조,맑음,교차로 - 교차로안,승용,남,69세,상해없음,이륜,남,45세,경상
2021052200100224,2021년 5월 22일 13시,토요일,서울특별시 강서구 공항동,경상사고,0,0,1,0,차대차 - 기타,안전운전불이행,포장 - 건조,맑음,교차로 - 교차로부근,승용,남,53세,상해없음,승합,남,53세,상해없음
2021052200100410,2021년 5월 22일 17시,토요일,서울특별시 강서구 마곡동,경상사고,0,0,1,0,차대차 - 추돌,안전운전불이행,포장 - 건조,맑음,단일로 - 기타,승용,남,35세,상해없음,승용,남,31세,경상
2021052200100456,2021년 5월 22일 18시,토요일,서울특별시 강서구 화곡동,중상사고,0,1,0,0,차대차 - 기타,중앙선침범,포장 - 건조,맑음,교차로 - 교차로부근,승용,남,49세,상해없음,이륜,남,40세,중상
2021052200100457,2021년 5월 22일 18시,토요일,서울특별시 강서구 화곡동,경상사고,0,0,1,0,차대차 - 측면충돌,차로위반,포장 - 건조,맑음,교차로 - 교차로안,승용,여,66세,기타불명,승용,남,37세,경상
2021052200100576,2021년 5월 22일 22시,토요일,서울특별시 강서구 마곡동,경상사고,0,0,1,0,차대차 - 기타,신호위반,포장 - 건조,맑음,교차로 - 교차로안,승용,남,48세,상해없음,이륜,남,36세,경상
2021052300100183,2021년 5월 23일 14시,일요일,서울특별시 강서구 방화동,경상사고,0,0,1,0,차대차 - 추돌,안전운전불이행,포장 - 건조,맑음,교차로 - 교차로부근,승용,남,22세,상해없음,승용,남,65세,경상
2021052300100291,2021년 5월 23일 18시,일요일,서울특별시 강서구 공항동,경상사고,0,0,1,0,차대차 - 측면충돌,신호위반,포장 - 건조,맑음,교차로 - 교차로안,승용,남,27세,상해없음,승용,여,55세,상해없음
2021052300100320,2021년 5월 23일 19시,일요일,서울특별시 강서구 화곡동,중상사고,0,1,0,0,차대차 - 추돌,안전거리미확보,포장 - 건조,흐림,단일로 - 기타,승용,남,26세,상해없음,개인형이동수단(PM),남,35세,중상
2021052300100349,2021년 5월 23일 20시,일요일,서울특별시 강서구 등촌동,경상사고,0,0,1,0,차대차 - 추돌,안전운전불이행,포장 - 건조,맑음,단일로 - 기타,이륜,남,34세,상해없음,승용,남,61세,경상
2021052300100350,2021년 5월 23일 20시,일요일,서울특별시 강서구 염창동,경상사고,0,0,1,0,차대차 - 측면충돌,안전거리미확보,포장 - 건조,맑음,단일로 - 기타,승용,남,78세,상해없음,승용,남,69세,경상
2021052400100187,2021년 5월 24일 12시,월요일,서울특별시 강서구 화곡동,중상사고,0,1,0,0,차대차 - 추돌,안전운전불이행,포장 - 건조,맑음,단일로 - 기타,이륜,남,47세,상해없음,자전거,남,68세,중상
2021052400100188,2021년 5월 24일 12시,월요일,서울특별시 강서구 등촌동,경상사고,0,0,2,0,차대차 - 추돌,안전거리미확보,포장 - 건조,맑음,교차로 - 교차로부근,승용,남,58세,상해없음,승용,남,28세,경상
2021052400100189,2021년 5월 24일 12시,월요일,서울특별시 강서구 염창동,경상사고,0,0,1,0,차대차 - 기타,신호위반,포장 - 건조,맑음,교차로 - 교차로부근,기타불명,기타불명,미분류,기타불명,승합,남,51세,상해없음
2021052400100283,2021년 5월 24일 14시,월요일,서울특별시 강서구 방화동,중상사고,0,1,1,0,차대차 - 측면충돌,안전운전불이행,포장 - 건조,맑음,단일로 - 교량,승용,남,33세,상해없음,승용,남,26세,경상
2021052400100292,2021년 5월 24일 15시,월요일,서울특별시 강서구 염창동,중상사고,0,1,2,0,차대사람 - 횡단중,보행자보호의무위반,포장 - 건조,맑음,단일로 - 기타,승용,여,68세,상해없음,보행자,여,59세,경상
2021052500100050,2021년 5월 25일 07시,화요일,서울특별시 강서구 화곡동,경상사고,0,0,3,0,차대차 - 측면충돌,안전운전불이행,포장 - 젖음/습기,비,단일로 - 기타,승용,여,50세,경상,승용,남,51세,경상
2021052500100219,2021년 5월 25일 12시,화요일,서울특별시 강서구 방화동,중상사고,0,1,0,0,차대사람 - 횡단중,중앙선침범,포장 - 건조,맑음,교차로 - 교차로부근,승용,남,55세,상해없음,보행자,여,72세,중상
2021052600100143,2021년 5월 26일 10시,수요일,서울특별시 강서구 마곡동,중상사고,0,1,1,0,차대차 - 기타,기타,포장 - 건조,맑음,단일로 - 기타,승용,여,47세,경상,승용,여,68세,중상
2021052600100144,2021년 5월 26일 10시,수요일,서울특별시 강서구 염창동,경상사고,0,0,1,0,차대차 - 기타,안전거리미확보,포장 - 건조,맑음,단일로 - 기타,승용,여,68세,상해없음,승용,여,57세,경상
2021052600100284,2021년 5월 26일 15시,수요일,서울특별시 강서구 내발산동,중상사고,0,1,0,0,차대사람 - 기타,안전운전불이행,포장 - 건조,맑음,교차로 - 교차로안,화물,남,61세,상해없음,보행자,여,18세,중상
2021052600100356,2021년 5월 26일 17시,수요일,서울특별시 강서구 마곡동,중상사고,0,1,0,0,차대차 - 측면충돌,안전운전불이행,포장 - 건조,맑음,교차로 - 교차로부근,승용,남,67세,상해없음,이륜,남,50세,중상
2021052700100017,2021년 5월 27일 02시,목요일,서울특별시 강서구 외발산동,경상사고,0,0,1,0,차대사람 - 차도통행중,안전운전불이행,포장 - 건조,맑음,교차로 - 교차로부근,기타불명,남,36세,상해없음,보행자,남,47세,경상
2021052700100036,2021년 5월 27일 06시,목요일,서울특별시 강서구 개화동,경상사고,0,0,1,0,차량단독 - 기타,기타,포장 - 건조,맑음,교차로 - 교차로안,승합,남,60세,상해없음,,,,
2021052700100234,2021년 5월 27일 13시,목요일,서울특별시 강서구 공항동,경상사고,0,0,1,0,차대차 - 추돌,안전운전불이행,포장 - 건조,맑음,단일로 - 기타,승용,남,57세,상해없음,승용,남,48세,경상
2021052700100304,2021년 5월 27일 15시,목요일,서울특별시 강서구 가양동,경상사고,0,0,3,0,차대차 - 기타,안전거리미확보,포장 - 건조,맑음,기타 - 기타,승용,남,25세,상해없음,승용,남,32세,경상
2021052700100413,2021년 5월 27일 18시,목요일,서울특별시 강서구 화곡동,중상사고,0,1,0,0,차대차 - 추돌,안전운전불이행,포장 - 건조,맑음,교차로 - 교차로안,이륜,남,19세,상해없음,화물,남,37세,중상
2021052700100485,2021년 5월 27일 20시,목요일,서울특별시 강서구 등촌동,경상사고,0,0,1,0,차대차 - 기타,안전운전불이행,포장 - 건조,맑음,교차로 - 교차로안,승용,남,52세,상해없음,승용,남,65세,경상
2021052800100177,2021년 5월 28일 11시,금요일,서울특별시 강서구 화곡동,경상사고,0,0,1,0,차대차 - 기타,안전운전불이행,포장 - 건조,맑음,교차로 - 교차로부근,승용,남,64세,상해없음,승용,여,42세,경상
2021052800100447,2021년 5월 28일 18시,금요일,서울특별시 강서구 화곡동,경상사고,0,0,1,0,차대사람 - 기타,안전운전불이행,포장 - 건조,맑음,단일로 - 기타,이륜,남,21세,상해없음,보행자,남,5세,경상