사고번호,사고일시,요일,시군구,사고내용,사망자수,중상자수,경상자수,부상신고자수,사고유형,법규위반,노면상태,기상상태,도로형태,가해운전자 차종,가해운전자 성별,가해운전자 연령,가해운전자 상해정도,피해운전자 차종,피해운전자 성별,피해운전자 연령,피해운전자 상해정도
2021071500100254,2021년 7월 15일 13시,목요일,서울특별시 강서구 화곡동,경상사고,0,0,1,0,차대차 - 기타,안전운전불이행,포장 - 건조,맑음,기타 - 기타,승용,남,49세,상해없음,승용,남,45세,경상
2021071500100292,2021년 7월 15일 14시,목요일,서울특별시 강서구 화곡동,경상사고,0,0,2,0,차대차 - 기타,중앙선침범,포장 - 건조,맑음,단일로 - 기타,승용,남,80세,경상,원동기,남,39세,경상
2021071500100396,2021년 7월 15일 17시,목요일,서울특별시 강서구 가양동,중상사고,0,1,0,0,차대사람 - 기타,안전운전불이행,포장 - 건조,맑음,기타 - 기타,자전거,남,14세,상해없음,보행자,여,65세,중상
2021071500100436,2021년 7월 15일 18시,목요일,서울특별시 강서구 화곡동,중상사고,0,1,0,0,차대사람 - 횡단중,안전운전불이행,포장 - 건조,맑음,교차로 - 교차로부근,승용,남,44세,상해없음,보행자,여,25세,중상
2021071500100584,2021년 7월 15일 22시,목요일,서울특별시 강서구 화곡동,경상사고,0,0,2,0,차대차 - 후진중충돌,안전운전불이행,포장 - 건조,맑음,단일로 - 기타,승용,남,37세,상해없음,승용,여,32세,경상
2021071500100585,2021년 7월 15일 22시,목요일,서울특별시 강서구 개화동,경상사고,0,0,1,0,차대사람 - 기타,기타,포장 - 건조,맑음,단일로 - 기타,승합,남,31세,상해없음,보행자,남,60세,경상
2021071600100212,2021년 7월 16일 12시,금요일,서울특별시 강서구 화곡동,경상사고,0,0,1,0,차대차 - 측면충돌,안전거리미확보,포장 - 건조,맑음,단일로 - 기타,승용,남,63세,상해없음,승용,남,68세,경상
2021071600100258,2021년 7월 16일 13시,금요일,서울특별시 강서구 등촌동,중상사고,0,1,0,0,차대차 - 측면충돌,안전거리미확보,포장 - 건조,맑음,단일로 - 기타,승용,남,76세,상해없음,이륜,남,30세,중상
2021071600100359,2021년 7월 16일 16시,금요일,서울특별시 강서구 마곡동,중상사고,0,1,0,0,차대사람 - 횡단중,안전운전불이행,포장 - 건조,맑음,단일로 - 기타,승용,여,54세,기타불명,보행자,여,31세,중상
2021071600100517,2021년 7월 16일 19시,금요일,서울특별시 강서구 화곡동,경상사고,0,0,1,0,차대차 - 추돌,안전거리미확보,포장 - 젖음/습기,비,단일로 - 기타,승합,남,43세,상해없음,승합,남,51세,경상
2021071600100564,2021년 7월 16일 20시,금요일,서울특별시 강서구 화곡동,경상사고,0,0,1,0,차대사람 - 길가장자리구역통행중,기타,포장 - 건조,흐림,교차로 - 교차로안,승합,남,62세,상해없음,보행자,여,32세,경상
2021071600100602,2021년 7월 16일 21시,금요일,서울특별시 강서구 화곡동,경상사고,0,0,1,0,차대차 - 기타,안전운전불이행,포장 - 건조,맑음,단일로 - 기타,승용,남,62세,상해없음,개인형이동수단(PM),남,25세,경상
2021071700100134,2021년 7월 17일 10시,토요일,서울특별시 강서구 가양동,중상사고,0,1,0,0,차량단독 - 기타,기타,포장 - 건조,맑음,단일로 - 기타,승합,남,37세,상해없음,,,,
2021071700100402,2021년 7월 17일 17시,토요일,서울특별시 강서구 화곡동,경상사고,0,0,1,0,차대차 - 측면충돌,안전거리미확보,포장 - 건조,맑음,단일로 - 기타,이륜,남,19세,기타불명,이륜,남,44세,경상
2021071700100480,2021년 7월 17일 19시,토요일,서울특별시 강서구 화곡동,중상사고,0,1,0,0,차대사람 - 횡단중,중앙선침범,포장 - 건조,맑음,교차로 - 교차로부근,이륜,남,27세,기타불명,보행자,여,73세,중상
2021071800100088,2021년 7월 18일 11시,일요일,서울특별시 강서구 화곡동,중상사고,0,1,0,0,차량단독 - 공작물충돌,안전운전불이행,포장 - 건조,맑음,단일로 - 터널,이륜,남,19세,중상,,,,
2021071800100188,2021년 7월 18일 14시,일요일,서울특별시 강서구 화곡동,경상사고,0,0,5,0,차대차 - 기타,직진우회전진행방해,포장 - 건조,맑음,교차로 - 교차로안,승용,남,67세,경상,승용,남,21세,경상
2021071800100423,2021년 7월 18일 22시,일요일,서울특별시 강서구 방화동,중상사고,0,1,0,0,차대사람 - 기타,안전운전불이행,포장 - 젖음/습기,비,교차로 - 교차로안,승용,남,56세,상해없음,보행자,여,69세,중상
2021071800100444,2021년 7월 18일 23시,일요일,서울특별시 강서구 마곡동,중상사고,0,1,0,0,차대차 - 기타,중앙선침범,포장 - 젖음/습기,비,단일로 - 기타,승용,남,37세,상해없음,이륜,남,35세,중상
2021071900100019,2021년 7월 19일 03시,월요일,서울특별시 강서구 개화동,중상사고,0,1,0,0,차대차 - 정면충돌,중앙선침범,포장 - 건조,맑음,단일로 - 기타,승용,여,34세,상해없음,승용,남,25세,중상
2021071900100021,2021년 7월 19일 04시,월요일,서울특별시 강서구 외발산동,중상사고,0,1,2,0,차대차 - 기타,신호위반,포장 - 건조,맑음,단일로 - 고가도로위,승용,남,37세,경상,화물,남,45세,중상
2021071900100182,2021년 7월 19일 11시,월요일,서울특별시 강서구 화곡동,중상사고,0,1,0,0,차대차 - 측면충돌,중앙선침범,포장 - 건조,맑음,단일로 - 기타,승용,남,39세,상해없음,승용,남,44세,중상
2021071900100222,2021년 7월 19일 12시,월요일,서울특별시 강서구 공항동,경상사고,0,0,1,0,차대사람 - 기타,안전운전불이행,포장 - 건조,흐림,단일로 - 기타,승용,남,61세,상해없음,보행자,남,47세,경상
2021071900100369,2021년 7월 19일 16시,월요일,서울특별시 강서구 가양동,경상사고,0,0,3,0,차대차 - 추돌,안전거리미확보,포장 - 젖음/습기,비,교차로 - 교차로부근,승용,남,59세,상해없음,승용,여,48세,경상
2021071900100443,2021년 7월 19일 18시,월요일,서울특별시 강서구 방화동,경상사고,0,0,1,0,차대차 - 측면충돌,안전거리미확보,포장 - 건조,맑음,단일로 - 기타,승용,남,69세,상해없음,승용,남,27세,경상
2021072000100023,2021년 7월 20일 05시,화요일,서울특별시 강서구 화곡동,중상사고,0,1,0,0,차대사람 - 횡단중,안전운전불이행,포장 - 건조,맑음,단일로 - 기타,화물,남,23세,상해없음,보행자,남,67세,중상
2021072000100224,2021년 7월 20일 13시,화요일,서울특별시 강서구 화곡동,경상사고,0,0,1,0,차대차 - 측면충돌,신호위반,포장 - 건조,맑음,교차로 - 교차로안,승용,남,71세,상해없음,이륜,남,39세,경상
2021072000100257,2021년 7월 20일 14시,화요일,서울특별시 강서구 가양동,경상사고,0,0,1,0,차대차 - 정면충돌,중앙선침범,포장 - 건조,맑음,교차로 - 교차로안,자전거,남,75세,경상,이륜,남,50세,상해없음
2021072000100368,2021년 7월 20일 17시,화요일,서울특별시 강서구 화곡동,경상사고,0,0,1,0,차대차 - 기타,안전거리미확보,포장 - 젖음/습기,비,교차로 - 교차로안,승용,남,68세,상해없음,이륜,남,27세,경상
2021072000100554,2021년 7월 20일 23시,화요일,서울특별시 강서구 화곡동,경상사고,0,0,2,0,차대차 - 기타,안전거리미확보,포장 - 건조,맑음,교차로 - 교차로부근,승용,남,35세,상해없음,승용,남,67세,경상
2021072100100001,2021년 7월 21일 00시,수요일,서울특별시 강서구 마곡동,중상사고,0,1,0,0,차량단독 - 기타,중앙선침범,포장 - 건조,흐림,단일로 - 기타,이륜,남,16세,상해없음,,,,
2021072100100508,2021년 7월 21일 18시,수요일,서울특별시 강서구 화곡동,경상사고,0,0,1,0,차대차 - 측면충돌,기타,포장 - 건조,맑음,단일로 - 기타,이륜,남,30세,경상,승용,남,29세,상해없음
2021072200100016,2021년 7월 22일 01시,목요일,서울특별시 강서구 화곡동,경상사고,0,0,1,0,차대사람 - 기타,안전운전불이행,포장 - 건조,맑음,단일로 - 기타,이륜,남,55세,상해없음,보행자,남,39세,경상
2021072200100025,2021년 7월 22일 03시,목요일,서울특별시 강서구 등촌동,경상사고,0,0,1,0,차대차 - 정면충돌,중앙선침범,포장 - 건조,맑음,교차로 - 교차로부근,승용,남,31세,상해없음,화물,남,58세,경상
2021072200100050,2021년 7월 22일 07시,목요일,서울특별시 강서구 가양동,경상사고,0,0,1,0,차대차 - 측면충돌,안전거리미확보,포장 - 건조,맑음,단일로 - 기타,승합,남,44세,경상,승용,남,44세,상해없음
2021072200100076,2021년 7월 22일 08시,목요일,서울특별시 강서구 방화동,경상사고,0,0,1,0,차대사람 - 기타,안전운전불이행,포장 - 건조,맑음,단일로 - 기타,자전거,여,52세,경상,보행자,남,40세,상해없음
2021072200100148,2021년 7월 22일 10시,목요일,서울특별시 강서구 방화동,경상사고,0,0,1,0,차대차 - 측면충돌,안전거리미확보,포장 - 건조,맑음,단일로 - 기타,화물,남,58세,상해없음,승용,남,30세,경상
2021072200100295,2021년 7월 22일 14시,목요일,서울특별시 강서구 염창동,경상사고,0,0,1,0,차대차 - 측면충돌,안전운전불이행,포장 - 건조,맑음,단일로 - 기타,승용,남,69세,상해없음,승용,여,34세,경상
2021072300100073,2021년 7월 23일 08시,금요일,서울특별시 강서구 화곡동,경상사고,0,0,2,0,차대차 - 기타,안전운전불이행,포장 - 건조,맑음,단일로 - 기타,승용,남,69세,기타불명,승용,남,60세,경상
2021072300100140,2021년 7월 23일 10시,금요일,서울특별시 강서구 가양동,경상사고,0,0,1,0,차대차 - 측면충돌,차로위반,포장 - 건조,맑음,기타 - 기타,승용,남,28세,상해없음,승용,남,50세,경상
2021072300100368,2021년 7월 23일 16시,금요일,서울특별시 강서구 등촌동,경상사고,0,0,2,0,차대차 - 추돌,안전운전불이행,포장 - 건조,맑음,교차로 - 교차로부근,승용,남,74세,상해없음,승용,남,50세,경상
2021072300100467,2021년 7월 23일 18시,금요일,서울특별시 강서구 가양동,경상사고,0,0,1,0,차대차 - 기타,안전운전불이행,포장 - 건조,맑음,단일로 - 기타,승용,남,51세,상해없음,승용,남,30세,경상
2021072300100468,2021년 7월 23일 18시,금요일,서울특별시 강서구 공항동,경상사고,0,0,1,0,차대차 - 기타,안전운전불이행,포장 - 건조,맑음,교차로 - 교차로안,승용,여,28세,상해없음,승합,남,66세,상해없음
2021072400100146,2021년 7월 24일 11시,토요일,서울특별시 강서구 마곡동,중상사고,0,1,0,0,차대차 - 측면충돌,중앙선침범,포장 - 건조,맑음,교차로 - 교차로안,이륜,남,51세,중상,승용,남,45세,상해없음
2021072400100192,2021년 7월 24일 12시,토요일,서울특별시 강서구 마곡동,경상사고,0,0,1,0,차대차 - 후진중충돌,안전운전불이행,포장 - 건조,맑음,단일로 - 기타,승용,남,57세,상해없음,승용,남,25세,경상
2021072400100193,2021년 7월 24일 12시,토요일,서울특별시 강서구 가양동,경상사고,0,0,1,0,차대차 - 추돌,안전운전불이행,포장 - 건조,맑음,단일로 - 기타,승용,남,56세,상해없음,승용,여,25세,경상
2021072400100525,2021년 7월 24일 21시,토요일,서울특별시 강서구 등촌동,중상사고,0,1,0,0,차대사람 - 기타,안전운전불이행,포장 - 건조,맑음,단일로 - 기타,이륜,남,37세,상해없음,보행자,남,62세,중상
2021072400100526,2021년 7월 24일 21시,토요일,서울특별시 강서구 화곡동,경상사고,0,0,1,0,차대차 - 기타,안전운전불이행,포장 - 건조,맑음,단일로 - 기타,승용,남,67세,상해없음,원동기,남,43세,경상
2021072500100113,2021년 7월 25일 12시,일요일,서울특별시 강서구 등촌동,경상사고,0,0,1,0,차대차 - 기타,신호위반,포장 - 건조,맑음,교차로 - 교차로안,승용,여,56세,상해없음,이륜,남,41세,경상
2021072500100147,2021년 7월 25일 13시,일요일,서울특별시 강서구 화곡동,중상사고,0,2,1,0,차대차 - 추돌,안전운전불이행,포장 - 건조,맑음,단일로 - 기타,승합,남,66세,상해없음,승합,남,56세,상해없음
2021072500100349,2021년 7월 25일 19시,일요일,서울특별시 강서구 등촌동,부상신고사고,0,0,0,1,차대차 - 추돌,안전운전불이행,포장 - 건조,맑음,단일로 - 기타,승용,남,56세,부상신고,승용,남,32세,상해없음
2021072600100354,2021년 7월 26일 15시,월요일,서울특별시 강서구 가양동,경상사고,0,0,1,0,차대차 - 기타,안전운전불이행,포장 - 건조,맑음,교차로 - 교차로안,화물,남,68세,상해없음,자전거,여,52세,경상
2021072600100418,2021년 7월 26일 17시,월요일,서울특별시 강서구 화곡동,경상사고,0,0,1,0,차대차 - 정면충돌,기타,포장 - 건조,맑음,교차로 - 교차로안,이륜,남,30세,상해없음,이륜,남,41세,경상
2021072600100517,2021년 7월 26일 19시,월요일,서울특별시 강서구 등촌동,경상사고,0,0,1,0,차량단독 - 기타,안전운전불이행,포장 - 건조,맑음,단일로 - 기타,승합,남,60세,상해없음,,,,
2021072700100054,2021년 7월 27일 07시,화요일,서울특별시 강서구 화곡동,경상사고,0,0,1,0,차대차 - 추돌,안전운전불이행,포장 - 건조,맑음,단일로 - 기타,화물,남,54세,상해없음,승용,남,37세,경상
2021072700100335,2021년 7월 27일 15시,화요일,서울특별시 강서구 방화동,부상신고사고,0,0,0,1,차대차 - 측면충돌,안전운전불이행,포장 - 건조,맑음,단일로 - 기타,자전거,남,70세,부상신고,승용,남,57세,상해없음
2021072700100336,2021년 7월 27일 15시,화요일,서울특별시 강서구 마곡동,경상사고,0,0,1,0,차대차 - 측면충돌,안전거리미확보,포장 - 건조,맑음,교차로 - 교차로안,승용,남,48세,기타불명,승용,여,63세,경상
2021072800100210,2021년 7월 28일 12시,수요일,서울특별시 강서구 화곡동,경상사고,0,0,1,0,차대차 - 기타,안전운전불이행,포장 - 건조,맑음,교차로 - 교차로부근,승용,여,55세,상해없음,자전거,남,36세,경상
2021072800100578,2021년 7월 28일 22시,수요일,서울특별시 강서구 화곡동,경상사고,0,0,1,0,차대사람 - 기타,안전운전불이행,포장 - 젖음/습기,비,교차로 - 교차로안,이륜,남,17세,상해없음,보행자,여,60세,경상
2021072900100173,2021년 7월 29일 11시,목요일,서울특별시 강서구 과해동,중상사고,0,1,1,0,차대차 - 기타,신호위반,포장 - 건조,맑음,교차로 - 교차로안,승용,여,63세,상해없음,승합,남,41세,중상
2021072900100276,2021년 7월 29일 14시,목요일,서울특별시 강서구 가양동,사망사고,1,0,0,0,차대사람 - 기타,기타,포장 - 건조,맑음,단일로 - 기타,승합,남,45세,상해없음,보행자,여,68세,사망
2021072900100341,2021년 7월 29일 16시,목요일,서울특별시 강서구 마곡동,경상사고,0,0,1,0,차대차 - 추돌,안전운전불이행,포장 - 건조,맑음,교차로 - 교차로부근,화물,여,47세,상해없음,자전거,남,12세,경상
2021072900100527,2021년 7월 29일 22시,목요일,서울특별시 강서구 공항동,경상사고,0,0,1,0,차대차 - 추돌,안전운전불이행,포장 - 건조,맑음,단일로 - 기타,승용,남,39세,상해없음,승용,여,67세,경상
2021073000100067,2021년 7월 30일 08시,금요일,서울특별시 강서구 화곡동,경상사고,0,0,1,0,차대사람 - 횡단중,안전운전불이행,포장 - 건조,맑음,교차로 - 교차로부근,승용,남,46세,상해없음,보행자,여,59세,경상
2021073000100196,2021년 7월 30일 12시,금요일,서울특별시 강서구 마곡동,경상사고,0,0,1,0,차대사람 - 기타,안전운전불이행,포장 - 건조,맑음,기타 - 기타,기타불명,기타불명,미분류,기타불명,보행자,남,30세,경상
2021073100100048,2021년 7월 31일 05시,토요일,서울특별시 강서구 개화동,경상사고,0,0,5,0,차대차 - 추돌,안전거리미확보,포장 - 건조,맑음,단일로 - 터널,승용,남,25세,상해없음,승합,남,68세,경상
2021073100100128,2021년 7월 31일 11시,토요일,서울특별시 강서구 화곡동,부상신고사고,0,0,0,1,차대차 - 측면충돌,직진우회전진행방해,포장 - 건조,맑음,교차로 - 교차로안,개인형이동수단(PM),남,25세,부상신고,승용,여,57세,상해없음
2021073100100129,2021년 7월 31일 11시,토요일,서울특별시 강서구 등촌동,경상사고,0,0,2,0,차대차 - 추돌,안전운전불이행,포장 - 건조,흐림,단일로 - 기타,승용,남,50세,상해없음,승용,여,59세,경상
2021073100100269,2021년 7월 31일 14시,토요일,서울특별시 강서구 염창동,경상사고,0,0,1,0,차대사람 - 기타,안전운전불이행,포장 - 건조,맑음,단일로 - 기타,자전거,남,47세,상해없음,보행자,남,63세,경상
2021073100100363,2021년 7월 31일 17시,토요일,서울특별시 강서구 화곡동,부상신고사고,0,0,0,1,차대차 - 추돌,기타,포장 - 건조,맑음,단일로 - 기타,자전거,남,44세,부상신고,승용,남,45세,상해없음
2021073100100444,2021년 7월 31일 19시,토요일,서울특별시 강서구 등촌동,경상사고,0,0,1,0,차대사람 - 기타,안전운전불이행,포장 - 건조,맑음,단일로 - 기타,승용,남,64세,상해없음,보행자,남,52세,경상
2021073100100476,2021년 7월 31일 20시,토요일,서울특별시 강서구 개화동,경상사고,0,0,2,0,차대차 - 추돌,안전운전불이행,포장 - 건조,맑음,단일로 - 기타,기타불명,기타불명,미분류,기타불명,승용,남,39세,경상
2021073100100497,2021년 7월 31일 21시,토요일,서울특별시 강서구 등촌동,부상신고사고,0,0,0,1,차대차 - 기타,중앙선침범,포장 - 건조,맑음,기타 - 기타,승용,남,63세,상해없음,이륜,남,35세,부상신고
2021073100100556,2021년 7월 31일 23시,토요일,서울특별시 강서구 화곡동,경상사고,0,0,1,1,차대차 - 기타,차로위반,포장 - 건조,맑음,단일로 - 기타,이륜,남,45세,부상신고,이륜,남,21세,상해없음
2021080100100002,2021년 8월 1일 00시,일요일,서울특별시 강서구 화곡동,부상신고사고,0,0,0,1,차대차 - 기타,교차로운행방법위반,포장 - 건조,맑음,교차로 - 교차로안,원동기,남,31세,부상신고,승용,남,59세,상해없음
2021080100100076,2021년 8월 1일 10시,일요일,서울특별시 강서구 화곡동,중상사고,0,1,0,0,차대차 - 측면충돌,안전운전불이행,포장 - 젖음/습기,비,교차로 - 교차로안,승용,남,56세,상해없음,이륜,남,35세,중상
2021080100100096,2021년 8월 1일 11시,일요일,서울특별시 강서구 방화동,부상신고사고,0,0,0,1,차대차 - 기타,안전운전불이행,포장 - 젖음/습기,흐림,단일로 - 기타,자전거,남,51세,부상신고,자전거,여,55세,상해없음
2021080100100285,2021년 8월 1일 18시,일요일,서울특별시 강서구 등촌동,부상신고사고,0,0,0,1,차대차 - 측면충돌,안전운전불이행,포장 - 건조,흐림,단일로 - 기타,개인형이동수단(PM),남,52세,부상신고,승용,남,28세,상해없음
2021080200100301,2021년 8월 2일 15시,월요일,서울특별시 강서구 마곡동,경상사고,0,0,1,0,차대차 - 추돌,신호위반,포장 - 건조,맑음,교차로 - 교차로안,승용,남,69세,상해없음,자전거,여,29세,경상
2021080200100408,2021년 8월 2일 18시,월요일,서울특별시 강서구 화곡동,중상사고,0,1,0,0,차대차 - 기타,안전운전불이행,포장 - 건조,맑음,교차로 - 교차로부근,자전거,남,49세,중상,승용,남,61세,상해없음
2021080300100064,2021년 8월 3일 09시,화요일,서울특별시 강서구 오쇠동,중상사고,0,1,1,0,차대차 - 정면충돌,중앙선침범,포장 - 건조,맑음,단일로 - 기타,승용,남,43세,상해없음,승용,남,61세,중상
2021080300100223,2021년 8월 3일 14시,화요일,서울특별시 강서구 화곡동,경상사고,0,0,1,0,차대차 - 기타,신호위반,포장 - 건조,맑음,교차로 - 교차로안,승용,남,47세,상해없음,원동기,남,56세,경상
2021080300100377,2021년 8월 3일 18시,화요일,서울특별시 강서구 화곡동,경상사고,0,0,1,0,차대차 - 측면충돌,안전거리미확보,포장 - 건조,맑음,교차로 - 교차로안,승용,남,76세,상해없음,화물,남,30세,경상
2021080400100229,2021년 8월 4일 13시,수요일,서울특별시 강서구 등촌동,부상신고사고,0,0,0,1,차대차 - 측면충돌,신호위반,포장 - 건조,맑음,교차로 - 교차로안,이륜,남,55세,부상신고,승합,남,55세,상해없음
2021080400100482,2021년 8월 4일 19시,수요일,서울특별시 강서구 마곡동,중상사고,0,1,0,0,차대사람 - 횡단중,보행자보호의무위반,포장 - 건조,맑음,교차로 - 교차로안,승용,남,52세,상해없음,보행자,여,74세,중상
2021080400100483,2021년 8월 4일 19시,수요일,서울특별시 강서구 화곡동,경상사고,0,0,1,0,차대차 - 측면충돌,직진우회전진행방해,포장 - 건조,맑음,교차로 - 교차로안,원동기,남,34세,상해없음,원동기,남,35세,경상
2021080400100592,2021년 8월 4일 23시,수요일,서울특별시 강서구 공항동,경상사고,0,0,1,0,차대차 - 측면충돌,신호위반,포장 - 건조,맑음,교차로 - 교차로안,승용,남,64세,상해없음,승용,남,68세,경상
2021080500100062,2021년 8월 5일 08시,목요일,서울특별시 강서구 화곡동,경상사고,0,0,1,0,차대사람 - 차도통행중,안전운전불이행,포장 - 건조,맑음,단일로 - 기타,승합,여,50세,상해없음,보행자,여,80세,경상
2021080500100172,2021년 8월 5일 11시,목요일,서울특별시 강서구 가양동,경상사고,0,0,1,0,차대차 - 기타,안전운전불이행,포장 - 건조,맑음,단일로 - 기타,이륜,남,49세,경상,기타불명,남,미분류,상해없음
2021080500100485,2021년 8월 5일 19시,목요일,서울특별시 강서구 화곡동,중상사고,0,1,0,0,차대차 - 기타,안전거리미확보,포장 - 건조,맑음,단일로 - 기타,승용,남,74세,상해없음,이륜,남,36세,중상
2021080500100486,2021년 8월 5일 19시,목요일,서울특별시 강서구 마곡동,경상사고,0,0,1,0,차대차 - 측면충돌,안전운전불이행,포장 - 건조,맑음,단일로 - 기타,개인형이동수단(PM),기타불명,미분류,기타불명,자전거,여,25세,경상
2021080500100608,2021년 8월 5일 23시,목요일,서울특별시 강서구 가양동,경상사고,0,0,2,0,차대차 - 추돌,안전운전불이행,포장 - 건조,맑음,단일로 - 기타,승용,남,45세,상해없음,승용,남,30세,경상
2021080600100028,2021년 8월 6일 06시,금요일,서울특별시 강서구 화곡동,경상사고,0,0,1,0,차대사람 - 횡단중,보행자보호의무위반,포장 - 건조,맑음,교차로 - 교차로횡단보도내,승용,남,64세,상해없음,보행자,남,61세,경상
2021080600100067,2021년 8월 6일 08시,금요일,서울특별시 강서구 가양동,경상사고,0,0,3,0,차대차 - 추돌,기타,포장 - 건조,맑음,단일로 - 기타,승용,남,37세,경상,승용,남,63세,경상
2021080600100068,2021년 8월 6일 08시,금요일,서울특별시 강서구 화곡동,경상사고,0,0,1,0,차대사람 - 횡단중,안전운전불이행,포장 - 건조,맑음,교차로 - 교차로안,승용,여,39세,상해없음,보행자,여,26세,경상
2021080600100165,2021년 8월 6일 11시,금요일,서울특별시 강서구 화곡동,중상사고,0,1,0,0,차대차 - 측면충돌,신호위반,포장 - 건조,맑음,단일로 - 기타,승합,남,61세,상해없음,이륜,남,38세,중상
2021080600100230,2021년 8월 6일 13시,금요일,서울특별시 강서구 염창동,중상사고,0,1,0,0,차량단독 - 기타,신호위반,포장 - 건조,맑음,교차로 - 교차로부근,승합,남,59세,상해없음,,,,
2021080600100316,2021년 8월 6일 15시,금요일,서울특별시 강서구 화곡동,경상사고,0,0,5,0,차대차 - 기타,안전운전불이행,포장 - 건조,맑음,단일로 - 기타,원동기,남,59세,상해없음,승용,남,51세,경상
2021080600100403,2021년 8월 6일 17시,금요일,서울특별시 강서구 화곡동,부상신고사고,0,0,0,1,차대차 - 기타,안전운전불이행,포장 - 건조,맑음,교차로 - 교차로안,이륜,남,50세,부상신고,승합,남,51세,상해없음
2021080600100543,2021년 8월 6일 20시,금요일,서울특별시 강서구 등촌동,중상사고,0,1,0,0,차대차 - 측면충돌,신호위반,포장 - 건조,맑음,교차로 - 교차로안,승합,남,45세,상해없음,이륜,남,47세,중상
2021080600100544,2021년 8월 6일 20시,금요일,서울특별시 강서구 방화동,중상사고,0,1,1,0,차대차 - 기타,중앙선침범,포장 - 건조,맑음,교차로 - 교차로부근,이륜,남,52세,경상,이륜,남,27세,중상
2021080600100601,2021년 8월 6일 22시,금요일,서울특별시 강서구 화곡동,경상사고,0,0,2,0,차대차 - 측면충돌,안전거리미확보,포장 - 건조,맑음,교차로 - 교차로안,승용,남,68세,상해없음,승용,남,32세,경상
2021080700100495,2021년 8월 7일 21시,토요일,서울특별시 강서구 화곡동,경상사고,0,0,2,0,차대차 - 기타,교차로운행방법위반,포장 - 건조,맑음,교차로 - 교차로안,승용,남,51세,상해없음,승용,남,47세,경상
2021080700100525,2021년 8월 7일 22시,토요일,서울특별시 강서구 염창동,중상사고,0,1,0,0,차대사람 - 차도통행중,안전운전불이행,포장 - 건조,맑음,단일로 - 기타,화물,남,56세,상해없음,보행자,남,21세,중상
2021080800100059,2021년 8월 8일 08시,일요일,서울특별시 강서구 가양동,중상사고,0,1,1,0,차대차 - 측면충돌,중앙선침범,포장 - 건조,맑음,단일로 - 기타,자전거,남,60세,경상,자전거,남,52세,중상
2021080800100250,2021년 8월 8일 17시,일요일,서울특별시 강서구 방화동,중상사고,0,1,6,0,차대차 - 기타,신호위반,포장 - 젖음/습기,비,교차로 - 교차로안,화물,남,62세,상해없음,화물,남,69세,경상
2021080800100251,2021년 8월 8일 17시,일요일,서울특별시 강서구 마곡동,경상사고,0,0,1,0,차대사람 - 횡단중,보행자보호의무위반,포장 - 젖음/습기,비,교차로 - 교차로횡단보도내,기타불명,기타불명,미분류,기타불명,보행자,여,16세,경상
2021080800100324,2021년 8월 8일 19시,일요일,서울특별시 강서구 화곡동,부상신고사고,0,0,0,1,차대차 - 기타,안전운전불이행,포장 - 젖음/습기,기타,기타 - 기타,이륜,남,26세,부상신고,승용,남,65세,상해없음
2021080800100348,2021년 8월 8일 20시,일요일,서울특별시 강서구 화곡동,경상사고,0,0,1,0,차대차 - 정면충돌,신호위반,포장 - 건조,맑음,단일로 - 기타,이륜,남,52세,상해없음,승용,남,25세,경상
2021080900100184,2021년 8월 9일 11시,월요일,서울특별시 강서구 등촌동,중상사고,0,1,0,0,차대차 - 측면충돌,안전거리미확보,포장 - 건조,맑음,단일로 - 기타,자전거,여,56세,중상,승합,남,40세,상해없음
2021080900100225,2021년 8월 9일 12시,월요일,서울특별시 강서구 방화동,경상사고,0,0,1,0,차대차 - 기타,안전운전불이행,포장 - 건조,맑음,단일로 - 기타,자전거,여,57세,경상,화물,남,45세,상해없음
2021080900100226,2021년 8월 9일 12시,월요일,서울특별시 강서구 화곡동,경상사고,0,0,1,0,차대차 - 측면충돌,안전거리미확보,포장 - 건조,맑음,단일로 - 기타,이륜,남,34세,상해없음,승용,남,28세,경상
2021080900100263,2021년 8월 9일 13시,월요일,서울특별시 강서구 염창동,경상사고,0,0,1,0,차대차 - 기타,안전운전불이행,포장 - 건조,맑음,단일로 - 기타,승용,여,39세,상해없음,승용,남,41세,경상
2021080900100461,2021년 8월 9일 18시,월요일,서울특별시 강서구 방화동,중상사고,0,1,0,0,차대차 - 측면충돌,신호위반,포장 - 건조,맑음,교차로 - 교차로횡단보도내,이륜,남,31세,상해없음,자전거,여,24세,중상
2021080900100529,2021년 8월 9일 20시,월요일,서울특별시 강서구 염창동,사망사고,1,0,2,0,차대차 - 측면충돌,신호위반,포장 - 건조,맑음,교차로 - 교차로안,이륜,남,24세,사망,승용,여,39세,경상
2021080900100558,2021년 8월 9일 21시,월요일,서울특별시 강서구 등촌동,경상사고,0,0,1,0,차대차 - 정면충돌,안전운전불이행,포장 - 건조,맑음,단일로 - 기타,승용,여,28세,상해없음,승용,남,51세,경상
2021080900100584,2021년 8월 9일 22시,월요일,서울특별시 강서구 방화동,중상사고,0,1,0,0,차대사람 - 기타,안전운전불이행,포장 - 건조,맑음,교차로 - 교차로부근,화물,남,51세,상해없음,보행자,남,31세,중상