사고번호,사고일시,요일,시군구,사고내용,사망자수,중상자수,경상자수,부상신고자수,사고유형,법규위반,노면상태,기상상태,도로형태,가해운전자 차종,가해운전자 성별,가해운전자 연령,가해운전자 상해정도,피해운전자 차종,피해운전자 성별,피해운전자 연령,피해운전자 상해정도
2021081000100053,2021년 8월 10일 08시,화요일,서울특별시 강서구 등촌동,경상사고,0,0,3,0,차대차 - 정면충돌,중앙선침범,포장 - 건조,맑음,교차로 - 교차로부근,승용,남,47세,상해없음,승용,남,26세,경상
2021081000100054,2021년 8월 10일 08시,화요일,서울특별시 강서구 염창동,중상사고,0,7,10,0,차대차 - 측면충돌,신호위반,포장 - 건조,맑음,교차로 - 교차로안,승용,남,71세,상해없음,승합,남,53세,경상
2021081000100055,2021년 8월 10일 08시,화요일,서울특별시 강서구 가양동,경상사고,0,0,1,0,차대차 - 정면충돌,신호위반,포장 - 건조,맑음,교차로 - 교차로안,승용,남,71세,기타불명,승용,남,25세,경상
2021081100100275,2021년 8월 11일 15시,수요일,서울특별시 강서구 마곡동,중상사고,0,1,0,0,차대차 - 기타,안전운전불이행,포장 - 건조,맑음,교차로 - 교차로횡단보도내,승용,남,69세,상해없음,자전거,여,10세,중상
2021081100100346,2021년 8월 11일 17시,수요일,서울특별시 강서구 등촌동,중상사고,0,1,0,0,차량단독 - 기타,안전운전불이행,포장 - 건조,맑음,교차로 - 교차로부근,승합,남,49세,상해없음,,,,
2021081100100377,2021년 8월 11일 18시,수요일,서울특별시 강서구 화곡동,경상사고,0,0,1,0,차대사람 - 기타,중앙선침범,포장 - 건조,맑음,단일로 - 기타,이륜,남,39세,상해없음,보행자,여,44세,경상
2021081100100378,2021년 8월 11일 18시,수요일,서울특별시 강서구 화곡동,중상사고,0,1,0,0,차대사람 - 기타,안전운전불이행,포장 - 건조,맑음,단일로 - 기타,승용,남,30세,상해없음,보행자,여,9세,중상
2021081200100142,2021년 8월 12일 10시,목요일,서울특별시 강서구 외발산동,경상사고,0,0,1,0,차대차 - 기타,안전거리미확보,포장 - 건조,맑음,단일로 - 기타,승용,여,52세,상해없음,승용,남,67세,경상
2021081200100329,2021년 8월 12일 16시,목요일,서울특별시 강서구 등촌동,경상사고,0,0,1,0,차대차 - 측면충돌,안전운전불이행,포장 - 건조,맑음,기타 - 기타,승용,여,53세,상해없음,승용,남,29세,경상
2021081200100368,2021년 8월 12일 17시,목요일,서울특별시 강서구 화곡동,경상사고,0,0,1,0,차대사람 - 길가장자리구역통행중,안전운전불이행,포장 - 건조,맑음,단일로 - 기타,기타불명,기타불명,미분류,기타불명,보행자,여,46세,경상
2021081200100403,2021년 8월 12일 18시,목요일,서울특별시 강서구 화곡동,경상사고,0,0,13,0,차대차 - 기타,안전운전불이행,포장 - 건조,맑음,단일로 - 기타,승용,여,56세,상해없음,승합,남,55세,경상
2021081300100001,2021년 8월 13일 00시,금요일,서울특별시 강서구 화곡동,경상사고,0,0,1,1,차대차 - 기타,신호위반,포장 - 건조,맑음,교차로 - 교차로안,이륜,남,33세,부상신고,이륜,남,23세,경상
2021081300100002,2021년 8월 13일 00시,금요일,서울특별시 강서구 등촌동,부상신고사고,0,0,0,1,차대차 - 기타,신호위반,포장 - 건조,맑음,교차로 - 교차로안,원동기,남,44세,부상신고,승용,여,42세,상해없음
2021081300100024,2021년 8월 13일 05시,금요일,서울특별시 강서구 등촌동,사망사고,1,0,0,0,차대차 - 기타,안전운전불이행,포장 - 건조,맑음,교차로 - 교차로부근,자전거,남,38세,사망,승합,남,54세,상해없음
2021081300100137,2021년 8월 13일 11시,금요일,서울특별시 강서구 화곡동,중상사고,0,1,0,0,차대사람 - 차도통행중,중앙선침범,포장 - 건조,맑음,단일로 - 기타,화물,남,57세,상해없음,보행자,남,73세,중상
2021081300100365,2021년 8월 13일 17시,금요일,서울특별시 강서구 화곡동,경상사고,0,0,1,0,차대사람 - 기타,안전운전불이행,포장 - 건조,맑음,교차로 - 교차로부근,승용,남,28세,기타불명,보행자,남,65세,경상
2021081400100087,2021년 8월 14일 09시,토요일,서울특별시 강서구 화곡동,경상사고,0,0,2,1,차대차 - 추돌,안전운전불이행,포장 - 건조,맑음,단일로 - 기타,승용,남,74세,상해없음,승용,남,37세,경상
2021081400100454,2021년 8월 14일 21시,토요일,서울특별시 강서구 화곡동,경상사고,0,0,1,0,차대사람 - 횡단중,신호위반,포장 - 건조,맑음,교차로 - 교차로안,이륜,남,34세,상해없음,보행자,남,58세,경상
2021081500100279,2021년 8월 15일 17시,일요일,서울특별시 강서구 등촌동,경상사고,0,0,1,0,차량단독 - 기타,안전운전불이행,포장 - 건조,맑음,단일로 - 기타,승용,남,38세,상해없음,,,,
2021081600100124,2021년 8월 16일 12시,월요일,서울특별시 강서구 등촌동,경상사고,0,0,3,0,차대차 - 측면충돌,안전운전불이행,포장 - 건조,맑음,단일로 - 기타,승용,남,33세,상해없음,승용,남,53세,경상
2021081600100338,2021년 8월 16일 18시,월요일,서울특별시 강서구 화곡동,경상사고,0,0,1,0,차대사람 - 기타,안전운전불이행,포장 - 건조,맑음,단일로 - 기타,자전거,남,14세,상해없음,보행자,여,47세,경상
2021081600100444,2021년 8월 16일 22시,월요일,서울특별시 강서구 방화동,중상사고,0,1,0,0,차대사람 - 기타,안전운전불이행,포장 - 젖음/습기,비,단일로 - 기타,원동기,남,38세,상해없음,보행자,남,53세,중상
2021081700100097,2021년 8월 17일 09시,화요일,서울특별시 강서구 화곡동,중상사고,0,1,0,0,차대차 - 기타,신호위반,포장 - 건조,맑음,단일로 - 기타,승용,남,53세,상해없음,자전거,여,57세,중상
2021081700100129,2021년 8월 17일 10시,화요일,서울특별시 강서구 마곡동,경상사고,0,0,1,0,차대차 - 측면충돌,안전거리미확보,포장 - 건조,맑음,단일로 - 기타,화물,남,59세,상해없음,승용,남,60세,경상
2021081700100467,2021년 8월 17일 19시,화요일,서울특별시 강서구 화곡동,경상사고,0,0,1,1,차대사람 - 횡단중,신호위반,포장 - 젖음/습기,비,단일로 - 기타,이륜,남,42세,부상신고,보행자,여,49세,경상
2021081800100015,2021년 8월 18일 04시,수요일,서울특별시 강서구 등촌동,사망사고,1,0,0,0,차대사람 - 횡단중,안전운전불이행,포장 - 건조,흐림,단일로 - 기타,승용,남,78세,상해없음,보행자,여,77세,사망
2021081800100351,2021년 8월 18일 17시,수요일,서울특별시 강서구 내발산동,경상사고,0,0,4,0,차대차 - 측면충돌,신호위반,포장 - 건조,맑음,교차로 - 교차로안,승용,여,56세,상해없음,승용,남,56세,경상
2021081800100493,2021년 8월 18일 20시,수요일,서울특별시 강서구 등촌동,경상사고,0,0,1,0,차대사람 - 보도통행중,보행자보호의무위반,포장 - 건조,흐림,단일로 - 기타,화물,남,63세,상해없음,보행자,여,26세,경상
2021081800100578,2021년 8월 18일 23시,수요일,서울특별시 강서구 마곡동,중상사고,0,1,0,0,차대사람 - 횡단중,안전운전불이행,포장 - 건조,맑음,교차로 - 교차로횡단보도내,승용,남,51세,상해없음,보행자,여,58세,중상
2021081900100173,2021년 8월 19일 11시,목요일,서울특별시 강서구 등촌동,경상사고,0,0,1,0,차대사람 - 기타,안전운전불이행,포장 - 건조,맑음,단일로 - 기타,승용,남,56세,기타불명,보행자,여,76세,경상
2021081900100348,2021년 8월 19일 16시,목요일,서울특별시 강서구 가양동,경상사고,0,0,1,0,차대차 - 기타,안전운전불이행,포장 - 건조,맑음,주차장 - 주차장,승용,남,53세,기타불명,승용,남,34세,경상
2021082000100012,2021년 8월 20일 03시,금요일,서울특별시 강서구 화곡동,중상사고,0,1,0,0,차대차 - 기타,안전거리미확보,포장 - 젖음/습기,비,단일로 - 기타,승용,남,54세,상해없음,원동기,여,29세,중상
2021082000100089,2021년 8월 20일 09시,금요일,서울특별시 강서구 등촌동,경상사고,0,0,1,0,차대차 - 기타,안전거리미확보,포장 - 건조,맑음,교차로 - 교차로부근,승용,남,67세,상해없음,화물,남,32세,경상
2021082000100145,2021년 8월 20일 11시,금요일,서울특별시 강서구 화곡동,경상사고,0,0,1,0,차량단독 - 기타,기타,포장 - 건조,맑음,단일로 - 기타,승합,남,53세,상해없음,,,,
2021082000100601,2021년 8월 20일 22시,금요일,서울특별시 강서구 마곡동,경상사고,0,0,1,0,차대사람 - 기타,중앙선침범,포장 - 건조,맑음,단일로 - 기타,승용,남,34세,상해없음,보행자,남,43세,경상
2021082000100602,2021년 8월 20일 22시,금요일,서울특별시 강서구 화곡동,경상사고,0,0,1,0,차대차 - 추돌,안전운전불이행,포장 - 건조,맑음,단일로 - 고가도로위,이륜,남,29세,상해없음,승용,여,33세,경상
2021082100100143,2021년 8월 21일 12시,토요일,서울특별시 강서구 화곡동,중상사고,0,1,0,0,차대사람 - 차도통행중,안전운전불이행,포장 - 젖음/습기,비,교차로 - 교차로안,승용,남,70세,상해없음,보행자,남,74세,중상
2021082100100144,2021년 8월 21일 12시,토요일,서울특별시 강서구 방화동,경상사고,0,0,3,0,차대차 - 기타,안전운전불이행,포장 - 젖음/습기,흐림,교차로 - 교차로부근,승용,남,71세,경상,승용,남,53세,경상
2021082100100193,2021년 8월 21일 13시,토요일,서울특별시 강서구 화곡동,경상사고,0,0,3,0,차대차 - 기타,안전운전불이행,포장 - 건조,맑음,교차로 - 교차로안,승용,남,53세,상해없음,승용,남,26세,경상
2021082200100258,2021년 8월 22일 17시,일요일,서울특별시 강서구 방화동,경상사고,0,0,1,0,차대차 - 측면충돌,안전운전불이행,포장 - 건조,맑음,단일로 - 기타,자전거,여,52세,상해없음,자전거,여,54세,경상
2021082300100292,2021년 8월 23일 15시,월요일,서울특별시 강서구 등촌동,경상사고,0,0,3,0,차대차 - 기타,기타,포장 - 건조,맑음,단일로 - 기타,승용,남,62세,경상,승용,여,51세,경상
2021082300100437,2021년 8월 23일 19시,월요일,서울특별시 강서구 화곡동,중상사고,0,1,0,0,차대차 - 기타,안전운전불이행,포장 - 젖음/습기,비,단일로 - 기타,이륜,남,19세,상해없음,승합,남,44세,상해없음
2021082300100484,2021년 8월 23일 20시,월요일,서울특별시 강서구 화곡동,경상사고,0,0,1,0,차대차 - 추돌,기타,포장 - 젖음/습기,비,단일로 - 기타,승용,남,69세,상해없음,이륜,남,50세,경상
2021082300100525,2021년 8월 23일 21시,월요일,서울특별시 강서구 마곡동,경상사고,0,0,2,0,차대차 - 추돌,안전운전불이행,포장 - 젖음/습기,비,단일로 - 기타,승용,남,28세,상해없음,승용,여,30세,경상
2021082300100526,2021년 8월 23일 21시,월요일,서울특별시 강서구 등촌동,중상사고,0,1,0,0,차대차 - 추돌,안전운전불이행,포장 - 젖음/습기,흐림,교차로 - 교차로부근,승용,남,37세,상해없음,이륜,여,52세,중상
2021082400100135,2021년 8월 24일 11시,화요일,서울특별시 강서구 가양동,경상사고,0,0,1,0,차대차 - 기타,안전운전불이행,포장 - 젖음/습기,비,교차로 - 교차로부근,승용,여,67세,상해없음,이륜,남,31세,경상
2021082400100411,2021년 8월 24일 19시,화요일,서울특별시 강서구 화곡동,경상사고,0,0,1,0,차대차 - 기타,안전거리미확보,포장 - 젖음/습기,비,단일로 - 기타,승용,여,58세,상해없음,이륜,남,30세,경상
2021082400100412,2021년 8월 24일 19시,화요일,서울특별시 강서구 외발산동,경상사고,0,0,1,0,차대차 - 정면충돌,신호위반,포장 - 건조,맑음,교차로 - 교차로안,승용,남,52세,상해없음,승용,남,65세,상해없음
2021082400100485,2021년 8월 24일 21시,화요일,서울특별시 강서구 화곡동,경상사고,0,0,1,0,차대차 - 추돌,안전거리미확보,포장 - 건조,맑음,단일로 - 기타,승용,여,28세,상해없음,승용,남,31세,경상
2021082400100541,2021년 8월 24일 23시,화요일,서울특별시 강서구 방화동,경상사고,0,0,1,0,차대차 - 기타,안전운전불이행,포장 - 젖음/습기,비,단일로 - 기타,승용,남,47세,상해없음,이륜,남,29세,경상
2021082400100542,2021년 8월 24일 23시,화요일,서울특별시 강서구 염창동,경상사고,0,0,2,0,차대차 - 추돌,안전운전불이행,포장 - 건조,맑음,단일로 - 기타,화물,남,41세,상해없음,승용,여,28세,경상
2021082400100543,2021년 8월 24일 23시,화요일,서울특별시 강서구 내발산동,경상사고,0,0,1,0,차대차 - 기타,안전거리미확보,포장 - 젖음/습기,흐림,교차로 - 교차로부근,승용,남,27세,상해없음,원동기,남,43세,경상
2021082500100158,2021년 8월 25일 11시,수요일,서울특별시 강서구 방화동,경상사고,0,0,2,0,차대차 - 추돌,안전운전불이행,포장 - 건조,맑음,교차로 - 교차로부근,승용,남,72세,상해없음,화물,남,50세,경상
2021082500100291,2021년 8월 25일 15시,수요일,서울특별시 강서구 화곡동,경상사고,0,0,1,0,차대사람 - 기타,안전운전불이행,포장 - 건조,맑음,단일로 - 기타,화물,남,62세,상해없음,보행자,여,66세,경상
2021082500100401,2021년 8월 25일 18시,수요일,서울특별시 강서구 내발산동,경상사고,0,0,1,0,차대차 - 추돌,안전운전불이행,포장 - 건조,맑음,단일로 - 기타,승용,여,42세,상해없음,승용,남,75세,경상
2021082500100485,2021년 8월 25일 20시,수요일,서울특별시 강서구 화곡동,경상사고,0,0,1,0,차대차 - 기타,안전운전불이행,포장 - 건조,맑음,단일로 - 기타,승용,남,27세,상해없음,승용,남,59세,경상
2021082500100515,2021년 8월 25일 21시,수요일,서울특별시 강서구 내발산동,중상사고,0,2,0,0,차대차 - 측면충돌,신호위반,포장 - 건조,맑음,교차로 - 교차로안,승용,남,47세,상해없음,이륜,남,69세,중상
2021082600100075,2021년 8월 26일 08시,목요일,서울특별시 강서구 마곡동,중상사고,0,1,0,0,차대차 - 측면충돌,중앙선침범,포장 - 건조,맑음,단일로 - 기타,승용,남,40세,상해없음,원동기,남,40세,중상
2021082600100110,2021년 8월 26일 09시,목요일,서울특별시 강서구 가양동,경상사고,0,0,2,0,차대차 - 측면충돌,안전운전불이행,포장 - 건조,맑음,교차로 - 교차로안,승용,여,44세,상해없음,승용,여,26세,경상
2021082600100168,2021년 8월 26일 11시,목요일,서울특별시 강서구 화곡동,경상사고,0,0,1,0,차대차 - 기타,중앙선침범,포장 - 건조,맑음,기타 - 기타,승용,남,67세,상해없음,화물,남,31세,경상
2021082600100428,2021년 8월 26일 18시,목요일,서울특별시 강서구 화곡동,경상사고,0,0,1,0,차대차 - 기타,안전운전불이행,포장 - 건조,맑음,단일로 - 기타,승용,남,72세,상해없음,승용,남,53세,경상
2021082700100557,2021년 8월 27일 22시,금요일,서울특별시 강서구 가양동,경상사고,0,0,1,0,차대차 - 추돌,안전운전불이행,포장 - 건조,맑음,단일로 - 기타,승용,남,48세,상해없음,승용,남,36세,경상
2021082700100558,2021년 8월 27일 22시,금요일,서울특별시 강서구 등촌동,경상사고,0,0,2,0,차대차 - 기타,안전거리미확보,포장 - 건조,맑음,단일로 - 기타,승용,남,30세,상해없음,승용,남,30세,경상
2021082800100205,2021년 8월 28일 13시,토요일,서울특별시 강서구 내발산동,중상사고,0,1,0,0,차대사람 - 보도통행중,기타,포장 - 건조,맑음,단일로 - 기타,자전거,남,25세,상해없음,보행자,여,50세,중상
2021082800100314,2021년 8월 28일 16시,토요일,서울특별시 강서구 등촌동,경상사고,0,0,1,0,차대차 - 기타,교차로운행방법위반,포장 - 건조,맑음,교차로 - 교차로안,승용,남,58세,상해없음,자전거,남,13세,경상
2021082800100355,2021년 8월 28일 17시,토요일,서울특별시 강서구 화곡동,경상사고,0,0,1,0,차대차 - 기타,신호위반,포장 - 건조,맑음,교차로 - 교차로안,승용,남,32세,상해없음,이륜,남,27세,경상
2021082800100534,2021년 8월 28일 23시,토요일,서울특별시 강서구 화곡동,부상신고사고,0,0,0,1,차대차 - 기타,신호위반,포장 - 건조,맑음,단일로 - 기타,이륜,남,26세,부상신고,승용,남,54세,상해없음
2021082900100249,2021년 8월 29일 17시,일요일,서울특별시 강서구 방화동,경상사고,0,0,2,0,차대차 - 측면충돌,안전거리미확보,포장 - 건조,맑음,단일로 - 기타,승용,남,54세,상해없음,승용,남,28세,경상
2021082900100382,2021년 8월 29일 21시,일요일,서울특별시 강서구 화곡동,중상사고,0,1,0,0,차대사람 - 기타,안전운전불이행,포장 - 건조,맑음,교차로 - 교차로부근,승용,남,60세,상해없음,보행자,남,23세,중상
2021083000100355,2021년 8월 30일 17시,월요일,서울특별시 강서구 염창동,경상사고,0,0,1,0,차대차 - 측면충돌,안전운전불이행,포장 - 건조,맑음,교차로 - 교차로안,화물,남,41세,상해없음,승용,여,34세,경상
2021083100100232,2021년 8월 31일 13시,화요일,서울특별시 강서구 방화동,경상사고,0,0,1,0,차대차 - 측면충돌,안전거리미확보,포장 - 젖음/습기,비,교차로 - 교차로안,승용,남,70세,상해없음,승용,남,28세,경상
2021083100100490,2021년 8월 31일 19시,화요일,서울특별시 강서구 화곡동,경상사고,0,0,2,0,차대차 - 측면충돌,신호위반,포장 - 젖음/습기,비,교차로 - 교차로안,이륜,남,25세,경상,승용,남,80세,경상
2021083100100546,2021년 8월 31일 20시,화요일,서울특별시 강서구 화곡동,중상사고,0,1,0,0,차대사람 - 기타,안전운전불이행,포장 - 젖음/습기,비,기타 - 기타,승합,남,61세,상해없음,보행자,남,43세,중상
2021083100100635,2021년 8월 31일 22시,화요일,서울특별시 강서구 마곡동,경상사고,0,0,1,0,차대차 - 기타,중앙선침범,포장 - 젖음/습기,비,교차로 - 교차로부근,승용,남,37세,상해없음,이륜,남,23세,경상
2021090100100003,2021년 9월 1일 00시,수요일,서울특별시 강서구 화곡동,경상사고,0,0,1,0,차대사람 - 횡단중,신호위반,포장 - 젖음/습기,비,기타 - 기타,화물,남,50세,상해없음,보행자,남,31세,경상
2021090100100203,2021년 9월 1일 13시,수요일,서울특별시 강서구 가양동,경상사고,0,0,1,0,차대차 - 기타,안전운전불이행,포장 - 건조,맑음,교차로 - 교차로안,이륜,남,29세,상해없음,이륜,남,27세,경상
2021090100100239,2021년 9월 1일 14시,수요일,서울특별시 강서구 마곡동,중상사고,0,1,0,0,차대사람 - 횡단중,안전운전불이행,포장 - 건조,맑음,교차로 - 교차로횡단보도내,특수,남,32세,상해없음,보행자,여,47세,중상
2021090100100477,2021년 9월 1일 21시,수요일,서울특별시 강서구 화곡동,경상사고,0,0,1,0,차대차 - 기타,교차로운행방법위반,포장 - 건조,맑음,교차로 - 교차로안,승용,여,48세,상해없음,이륜,남,40세,경상
2021090100100514,2021년 9월 1일 22시,수요일,서울특별시 강서구 가양동,중상사고,0,1,0,0,차대차 - 기타,신호위반,포장 - 건조,맑음,교차로 - 교차로안,승용,남,52세,상해없음,화물,남,57세,중상
2021090200100061,2021년 9월 2일 08시,목요일,서울특별시 강서구 공항동,경상사고,0,0,1,0,차대차 - 측면충돌,안전거리미확보,포장 - 건조,맑음,단일로 - 기타,화물,남,45세,상해없음,승용,여,60세,경상
2021090200100092,2021년 9월 2일 09시,목요일,서울특별시 강서구 외발산동,경상사고,0,0,1,0,차대차 - 기타,안전운전불이행,포장 - 건조,맑음,교차로 - 교차로안,이륜,여,68세,경상,승용,여,64세,상해없음
2021090200100119,2021년 9월 2일 10시,목요일,서울특별시 강서구 마곡동,경상사고,0,0,1,0,차대차 - 측면충돌,안전거리미확보,포장 - 건조,맑음,단일로 - 기타,승용,여,57세,상해없음,승용,남,73세,상해없음
2021090200100204,2021년 9월 2일 13시,목요일,서울특별시 강서구 화곡동,경상사고,0,0,1,0,차대차 - 후진중충돌,안전운전불이행,포장 - 건조,맑음,주차장 - 주차장,승용,남,60세,상해없음,승용,남,39세,경상
2021090200100306,2021년 9월 2일 16시,목요일,서울특별시 강서구 공항동,경상사고,0,0,1,0,차대차 - 기타,안전거리미확보,포장 - 건조,맑음,단일로 - 기타,승용,남,25세,기타불명,승용,남,28세,경상
2021090200100339,2021년 9월 2일 17시,목요일,서울특별시 강서구 화곡동,경상사고,0,0,1,0,차대차 - 기타,안전운전불이행,포장 - 건조,맑음,단일로 - 기타,원동기,남,51세,기타불명,승용,여,52세,경상
2021090200100440,2021년 9월 2일 19시,목요일,서울특별시 강서구 화곡동,중상사고,0,1,0,1,차대사람 - 보도통행중,보행자보호의무위반,포장 - 건조,맑음,교차로 - 교차로횡단보도내,승용,남,39세,상해없음,보행자,남,74세,중상
2021090200100476,2021년 9월 2일 20시,목요일,서울특별시 강서구 공항동,경상사고,0,0,1,0,차대사람 - 보도통행중,기타,포장 - 건조,맑음,단일로 - 기타,기타불명,기타불명,미분류,기타불명,보행자,여,24세,경상
2021090300100017,2021년 9월 3일 02시,금요일,서울특별시 강서구 화곡동,경상사고,0,0,2,0,차대차 - 기타,중앙선침범,포장 - 건조,맑음,교차로 - 교차로부근,승용,남,37세,상해없음,승용,남,54세,경상
2021090300100066,2021년 9월 3일 08시,금요일,서울특별시 강서구 화곡동,중상사고,0,1,0,1,차대사람 - 기타,기타,포장 - 건조,맑음,단일로 - 기타,자전거,남,74세,상해없음,보행자,여,57세,중상
2021090300100133,2021년 9월 3일 10시,금요일,서울특별시 강서구 내발산동,경상사고,0,0,1,0,차대차 - 기타,안전운전불이행,포장 - 건조,맑음,기타 - 기타,자전거,여,60세,경상,승용,남,25세,상해없음
2021090300100342,2021년 9월 3일 17시,금요일,서울특별시 강서구 등촌동,경상사고,0,0,1,0,차대차 - 후진중충돌,안전운전불이행,포장 - 건조,맑음,단일로 - 기타,승용,남,67세,상해없음,승용,남,71세,경상
2021090300100578,2021년 9월 3일 22시,금요일,서울특별시 강서구 마곡동,경상사고,0,0,3,0,차대차 - 측면충돌,중앙선침범,포장 - 건조,맑음,단일로 - 기타,승합,남,43세,상해없음,승용,여,20세,경상
2021090400100003,2021년 9월 4일 00시,토요일,서울특별시 강서구 가양동,경상사고,0,0,1,0,차대차 - 측면충돌,신호위반,포장 - 건조,맑음,단일로 - 기타,이륜,여,29세,경상,승용,남,60세,상해없음
2021090400100058,2021년 9월 4일 08시,토요일,서울특별시 강서구 화곡동,경상사고,0,0,1,0,차대차 - 기타,안전거리미확보,포장 - 건조,맑음,교차로 - 교차로안,이륜,남,19세,상해없음,승용,여,32세,경상
2021090400100136,2021년 9월 4일 11시,토요일,서울특별시 강서구 방화동,경상사고,0,0,1,0,차대차 - 기타,중앙선침범,포장 - 건조,맑음,교차로 - 교차로부근,승용,여,60세,상해없음,이륜,남,58세,경상
2021090400100214,2021년 9월 4일 13시,토요일,서울특별시 강서구 등촌동,경상사고,0,0,1,0,차대사람 - 횡단중,안전운전불이행,포장 - 건조,맑음,단일로 - 기타,승용,여,30세,상해없음,보행자,남,41세,경상
2021090400100432,2021년 9월 4일 20시,토요일,서울특별시 강서구 화곡동,경상사고,0,0,1,0,차량단독 - 전도전복 - 전도,안전운전불이행,포장 - 건조,맑음,단일로 - 기타,이륜,남,22세,경상,,,,
2021090400100433,2021년 9월 4일 20시,토요일,서울특별시 강서구 화곡동,경상사고,0,0,2,0,차대차 - 정면충돌,중앙선침범,포장 - 건조,맑음,단일로 - 기타,승용,남,26세,상해없음,이륜,남,27세,경상
2021090500100226,2021년 9월 5일 16시,일요일,서울특별시 강서구 마곡동,경상사고,0,0,1,0,차대차 - 추돌,안전운전불이행,포장 - 건조,맑음,단일로 - 기타,승용,남,53세,상해없음,화물,남,58세,경상
2021090500100344,2021년 9월 5일 20시,일요일,서울특별시 강서구 화곡동,경상사고,0,0,1,0,차대사람 - 기타,안전운전불이행,포장 - 건조,맑음,교차로 - 교차로안,승용,여,45세,상해없음,보행자,여,35세,경상
2021090500100380,2021년 9월 5일 21시,일요일,서울특별시 강서구 방화동,경상사고,0,0,1,0,차대차 - 정면충돌,안전운전불이행,포장 - 건조,맑음,교차로 - 교차로안,승용,남,41세,상해없음,이륜,남,35세,경상
2021090600100003,2021년 9월 6일 00시,월요일,서울특별시 강서구 등촌동,경상사고,0,0,1,0,차대차 - 기타,안전운전불이행,포장 - 건조,기타,기타 - 기타,승용,남,28세,상해없음,개인형이동수단(PM),남,24세,경상
2021090600100024,2021년 9월 6일 04시,월요일,서울특별시 강서구 화곡동,경상사고,0,0,1,0,차대차 - 기타,안전운전불이행,포장 - 건조,맑음,단일로 - 기타,승용,남,69세,상해없음,개인형이동수단(PM),남,22세,경상
2021090600100127,2021년 9월 6일 09시,월요일,서울특별시 강서구 염창동,경상사고,0,0,3,0,차대차 - 기타,안전거리미확보,포장 - 건조,맑음,단일로 - 기타,승용,여,47세,기타불명,승용,남,48세,경상
2021090600100201,2021년 9월 6일 11시,월요일,서울특별시 강서구 화곡동,경상사고,0,0,1,0,차대차 - 추돌,안전운전불이행,포장 - 건조,맑음,단일로 - 기타,이륜,남,67세,기타불명,이륜,남,43세,경상
2021090600100271,2021년 9월 6일 13시,월요일,서울특별시 강서구 화곡동,경상사고,0,0,1,0,차대차 - 추돌,안전운전불이행,포장 - 건조,맑음,교차로 - 교차로부근,이륜,남,37세,상해없음,이륜,남,46세,경상
2021090600100330,2021년 9월 6일 15시,월요일,서울특별시 강서구 화곡동,중상사고,0,1,0,0,차대사람 - 차도통행중,안전운전불이행,포장 - 건조,맑음,교차로 - 교차로안,자전거,남,15세,상해없음,보행자,남,69세,중상
2021090600100366,2021년 9월 6일 16시,월요일,서울특별시 강서구 내발산동,중상사고,0,1,0,0,차대사람 - 횡단중,보행자보호의무위반,포장 - 건조,흐림,교차로 - 교차로횡단보도내,승합,남,61세,상해없음,보행자,여,60세,중상
2021090600100491,2021년 9월 6일 19시,월요일,서울특별시 강서구 외발산동,중상사고,0,1,0,0,차대차 - 기타,신호위반,포장 - 젖음/습기,비,교차로 - 교차로부근,승용,여,47세,상해없음,승용,남,53세,중상
2021090600100601,2021년 9월 6일 21시,월요일,서울특별시 강서구 개화동,중상사고,0,1,0,0,차대사람 - 횡단중,신호위반,포장 - 젖음/습기,흐림,교차로 - 교차로횡단보도내,이륜,남,26세,상해없음,보행자,여,56세,중상
2021090700100073,2021년 9월 7일 08시,화요일,서울특별시 강서구 공항동,경상사고,0,0,1,0,차대사람 - 횡단중,안전운전불이행,포장 - 젖음/습기,비,단일로 - 기타,화물,남,59세,상해없음,보행자,남,9세,경상
2021090700100342,2021년 9월 7일 16시,화요일,서울특별시 강서구 염창동,경상사고,0,0,1,0,차대차 - 측면충돌,안전거리미확보,포장 - 젖음/습기,흐림,단일로 - 기타,승용,남,47세,상해없음,화물,남,39세,경상
2021090700100490,2021년 9월 7일 20시,화요일,서울특별시 강서구 등촌동,경상사고,0,0,1,0,차대사람 - 횡단중,안전운전불이행,포장 - 젖음/습기,흐림,교차로 - 교차로횡단보도내,이륜,남,19세,상해없음,보행자,남,56세,경상
2021090800100002,2021년 9월 8일 00시,수요일,서울특별시 강서구 공항동,경상사고,0,0,1,0,차대차 - 기타,안전거리미확보,포장 - 젖음/습기,비,교차로 - 교차로안,기타불명,기타불명,미분류,기타불명,승합,남,53세,상해없음
2021090800100389,2021년 9월 8일 16시,수요일,서울특별시 강서구 등촌동,경상사고,0,0,1,0,차대차 - 추돌,안전운전불이행,포장 - 건조,맑음,교차로 - 교차로부근,승용,남,35세,상해없음,원동기,남,32세,경상
2021090800100489,2021년 9월 8일 18시,수요일,서울특별시 강서구 가양동,중상사고,0,1,0,0,차대사람 - 횡단중,보행자보호의무위반,포장 - 건조,맑음,교차로 - 교차로횡단보도내,승용,남,62세,상해없음,보행자,여,69세,중상
2021090800100490,2021년 9월 8일 18시,수요일,서울특별시 강서구 마곡동,경상사고,0,0,1,0,차대차 - 기타,안전운전불이행,포장 - 건조,맑음,기타 - 기타,승용,남,51세,기타불명,승용,남,36세,경상