사고번호,사고일시,요일,시군구,사고내용,사망자수,중상자수,경상자수,부상신고자수,사고유형,법규위반,노면상태,기상상태,도로형태,가해운전자 차종,가해운전자 성별,가해운전자 연령,가해운전자 상해정도,피해운전자 차종,피해운전자 성별,피해운전자 연령,피해운전자 상해정도
2021090800100537,2021년 9월 8일 19시,수요일,서울특별시 강서구 내발산동,경상사고,0,0,1,0,차대차 - 측면충돌,신호위반,포장 - 건조,맑음,교차로 - 교차로안,승용,남,61세,상해없음,이륜,남,24세,경상
2021090800100576,2021년 9월 8일 20시,수요일,서울특별시 강서구 등촌동,경상사고,0,0,1,0,차대차 - 추돌,신호위반,포장 - 건조,맑음,교차로 - 교차로안,이륜,남,17세,상해없음,승용,남,44세,경상
2021090900100517,2021년 9월 9일 20시,목요일,서울특별시 강서구 화곡동,경상사고,0,0,1,0,차대차 - 측면충돌,안전거리미확보,포장 - 건조,맑음,기타 - 기타,기타불명,기타불명,미분류,기타불명,이륜,남,47세,경상
2021090900100541,2021년 9월 9일 21시,목요일,서울특별시 강서구 방화동,경상사고,0,0,1,0,차대차 - 기타,교차로운행방법위반,포장 - 건조,맑음,교차로 - 교차로안,승용,남,56세,상해없음,자전거,남,72세,경상
2021091000100056,2021년 9월 10일 07시,금요일,서울특별시 강서구 가양동,경상사고,0,0,2,0,차대차 - 측면충돌,교차로운행방법위반,포장 - 건조,맑음,교차로 - 교차로안,승용,여,45세,경상,승용,여,28세,경상
2021091100100090,2021년 9월 11일 09시,토요일,서울특별시 강서구 화곡동,경상사고,0,0,1,0,차대차 - 측면충돌,안전운전불이행,포장 - 건조,맑음,교차로 - 교차로안,승용,여,38세,상해없음,자전거,남,25세,경상
2021091100100091,2021년 9월 11일 09시,토요일,서울특별시 강서구 화곡동,경상사고,0,0,1,0,차대사람 - 기타,안전운전불이행,포장 - 건조,맑음,기타 - 기타,승용,남,46세,상해없음,보행자,여,52세,경상
2021091100100121,2021년 9월 11일 10시,토요일,서울특별시 강서구 염창동,경상사고,0,0,1,0,차대차 - 기타,안전운전불이행,포장 - 건조,맑음,기타 - 기타,자전거,남,38세,상해없음,자전거,여,65세,경상
2021091100100158,2021년 9월 11일 11시,토요일,서울특별시 강서구 화곡동,경상사고,0,0,1,0,차대차 - 기타,직진우회전진행방해,포장 - 건조,맑음,교차로 - 교차로안,승용,여,39세,상해없음,이륜,남,41세,경상
2021091100100421,2021년 9월 11일 16시,토요일,서울특별시 강서구 가양동,경상사고,0,0,1,0,차대차 - 측면충돌,신호위반,포장 - 건조,맑음,교차로 - 교차로안,승용,남,29세,상해없음,승용,남,61세,경상
2021091100100591,2021년 9월 11일 20시,토요일,서울특별시 강서구 화곡동,경상사고,0,0,1,0,차대차 - 기타,직진우회전진행방해,포장 - 건조,맑음,교차로 - 교차로부근,이륜,남,64세,기타불명,이륜,남,24세,경상
2021091200100139,2021년 9월 12일 13시,일요일,서울특별시 강서구 마곡동,중상사고,0,1,0,0,차대차 - 기타,안전거리미확보,포장 - 건조,맑음,단일로 - 기타,승용,남,54세,상해없음,이륜,남,29세,중상
2021091200100177,2021년 9월 12일 14시,일요일,서울특별시 강서구 등촌동,중상사고,0,1,0,0,차대차 - 기타,안전운전불이행,포장 - 건조,맑음,교차로 - 교차로안,자전거,남,62세,중상,승용,남,26세,상해없음
2021091200100282,2021년 9월 12일 17시,일요일,서울특별시 강서구 외발산동,중상사고,0,1,0,0,차대차 - 추돌,안전운전불이행,포장 - 건조,맑음,단일로 - 기타,승용,남,50세,상해없음,승용,남,54세,중상
2021091200100416,2021년 9월 12일 21시,일요일,서울특별시 강서구 화곡동,경상사고,0,0,1,0,차대차 - 후진중충돌,안전운전불이행,포장 - 건조,맑음,단일로 - 기타,승용,남,71세,상해없음,승용,남,42세,경상
2021091300100031,2021년 9월 13일 06시,월요일,서울특별시 강서구 화곡동,경상사고,0,0,1,0,차대사람 - 길가장자리구역통행중,안전운전불이행,포장 - 건조,맑음,단일로 - 기타,화물,남,45세,상해없음,보행자,여,90세,경상
2021091300100043,2021년 9월 13일 07시,월요일,서울특별시 강서구 등촌동,중상사고,0,1,0,0,차대사람 - 횡단중,보행자보호의무위반,포장 - 건조,맑음,교차로 - 교차로횡단보도내,화물,남,75세,상해없음,보행자,여,73세,중상
2021091300100146,2021년 9월 13일 10시,월요일,서울특별시 강서구 화곡동,경상사고,0,0,2,0,차대차 - 기타,안전운전불이행,포장 - 건조,맑음,교차로 - 교차로안,이륜,남,70세,경상,화물,남,46세,경상
2021091300100147,2021년 9월 13일 10시,월요일,서울특별시 강서구 방화동,중상사고,0,1,0,0,차대차 - 기타,안전운전불이행,포장 - 건조,맑음,교차로 - 교차로안,승용,남,66세,상해없음,원동기,남,70세,중상
2021091400100090,2021년 9월 14일 08시,화요일,서울특별시 강서구 개화동,중상사고,0,1,0,0,차대차 - 측면충돌,안전거리미확보,포장 - 건조,맑음,단일로 - 기타,승용,남,60세,기타불명,승용,여,39세,중상
2021091400100211,2021년 9월 14일 11시,화요일,서울특별시 강서구 방화동,경상사고,0,0,1,0,차대차 - 기타,기타,포장 - 건조,맑음,기타 - 기타,이륜,남,26세,경상,화물,남,42세,상해없음
2021091400100302,2021년 9월 14일 13시,화요일,서울특별시 강서구 등촌동,경상사고,0,0,1,0,차대사람 - 횡단중,신호위반,포장 - 건조,맑음,단일로 - 기타,승용,여,54세,상해없음,보행자,여,18세,경상
2021091500100183,2021년 9월 15일 10시,수요일,서울특별시 강서구 개화동,사망사고,1,0,0,0,차대차 - 기타,안전운전불이행,포장 - 건조,맑음,단일로 - 기타,원동기,남,27세,사망,건설기계,남,61세,상해없음
2021091500100497,2021년 9월 15일 17시,수요일,서울특별시 강서구 내발산동,중상사고,0,1,0,0,차대사람 - 차도통행중,기타,포장 - 건조,맑음,단일로 - 기타,승용,여,43세,상해없음,보행자,남,9세,중상
2021091500100609,2021년 9월 15일 19시,수요일,서울특별시 강서구 화곡동,경상사고,0,0,2,0,차대사람 - 횡단중,안전운전불이행,포장 - 건조,맑음,교차로 - 교차로부근,이륜,남,35세,경상,보행자,여,56세,경상
2021091500100610,2021년 9월 15일 19시,수요일,서울특별시 강서구 화곡동,중상사고,0,1,0,0,차대차 - 기타,안전거리미확보,포장 - 건조,맑음,교차로 - 교차로부근,기타불명,기타불명,미분류,기타불명,이륜,남,34세,중상
2021091600100076,2021년 9월 16일 08시,목요일,서울특별시 강서구 염창동,경상사고,0,0,1,0,차대차 - 기타,안전운전불이행,포장 - 건조,맑음,단일로 - 기타,자전거,여,54세,경상,화물,남,44세,상해없음
2021091700100074,2021년 9월 17일 08시,금요일,서울특별시 강서구 마곡동,경상사고,0,0,1,0,차대차 - 기타,안전운전불이행,포장 - 건조,맑음,교차로 - 교차로안,자전거,남,46세,경상,승용,남,52세,상해없음
2021091700100261,2021년 9월 17일 12시,금요일,서울특별시 강서구 방화동,중상사고,0,1,0,0,차대차 - 기타,안전운전불이행,포장 - 건조,맑음,단일로 - 기타,승용,남,80세,기타불명,이륜,남,29세,중상
2021091700100317,2021년 9월 17일 13시,금요일,서울특별시 강서구 등촌동,경상사고,0,0,1,0,차대사람 - 횡단중,안전운전불이행,포장 - 건조,맑음,단일로 - 기타,승용,남,39세,상해없음,보행자,여,77세,경상
2021091700100462,2021년 9월 17일 16시,금요일,서울특별시 강서구 가양동,경상사고,0,0,1,0,차대차 - 측면충돌,기타,포장 - 건조,맑음,단일로 - 기타,승용,남,55세,상해없음,승용,남,32세,경상
2021091700100521,2021년 9월 17일 17시,금요일,서울특별시 강서구 화곡동,경상사고,0,0,1,0,차대차 - 기타,안전운전불이행,포장 - 건조,맑음,교차로 - 교차로부근,원동기,남,57세,경상,승용,남,60세,상해없음
2021091700100522,2021년 9월 17일 17시,금요일,서울특별시 강서구 화곡동,부상신고사고,0,0,0,1,차대차 - 기타,안전운전불이행,포장 - 건조,맑음,교차로 - 교차로안,자전거,남,15세,부상신고,화물,남,55세,상해없음
2021091700100649,2021년 9월 17일 19시,금요일,서울특별시 강서구 염창동,경상사고,0,0,1,0,차대차 - 측면충돌,안전운전불이행,포장 - 건조,맑음,교차로 - 교차로안,승용,남,61세,상해없음,승용,남,42세,경상
2021091800100030,2021년 9월 18일 05시,토요일,서울특별시 강서구 방화동,경상사고,0,0,1,0,차대차 - 추돌,안전운전불이행,포장 - 건조,맑음,단일로 - 기타,이륜,남,43세,경상,승합,남,66세,상해없음
2021091800100085,2021년 9월 18일 09시,토요일,서울특별시 강서구 화곡동,중상사고,0,1,0,0,차대사람 - 횡단중,신호위반,포장 - 건조,맑음,교차로 - 교차로횡단보도내,승용,여,48세,상해없음,보행자,여,72세,중상
2021091800100510,2021년 9월 18일 18시,토요일,서울특별시 강서구 방화동,경상사고,0,0,1,0,차량단독 - 기타,안전운전불이행,포장 - 건조,맑음,단일로 - 기타,승합,남,56세,상해없음,,,,
2021091800100624,2021년 9월 18일 21시,토요일,서울특별시 강서구 마곡동,경상사고,0,0,1,0,차대차 - 측면충돌,안전거리미확보,포장 - 건조,맑음,교차로 - 교차로안,승용,남,27세,기타불명,승용,남,48세,경상
2021091900100142,2021년 9월 19일 12시,일요일,서울특별시 강서구 화곡동,중상사고,0,1,0,0,차대사람 - 차도통행중,안전운전불이행,포장 - 건조,맑음,단일로 - 기타,승용,남,64세,상해없음,보행자,남,44세,중상
2021091900100256,2021년 9월 19일 16시,일요일,서울특별시 강서구 화곡동,중상사고,0,1,0,0,차대차 - 추돌,안전거리미확보,포장 - 건조,맑음,단일로 - 기타,승용,남,60세,상해없음,이륜,남,24세,중상
2021092000100022,2021년 9월 20일 02시,월요일,서울특별시 강서구 외발산동,중상사고,0,1,1,0,차대사람 - 기타,안전운전불이행,포장 - 건조,맑음,교차로 - 교차로안,승용,남,47세,상해없음,보행자,여,56세,중상
2021092000100035,2021년 9월 20일 06시,월요일,서울특별시 강서구 염창동,경상사고,0,0,4,1,차대차 - 측면충돌,안전거리미확보,포장 - 건조,맑음,단일로 - 기타,승용,남,65세,경상,승용,남,27세,부상신고
2021092000100214,2021년 9월 20일 14시,월요일,서울특별시 강서구 화곡동,중상사고,0,1,0,0,차대차 - 기타,안전운전불이행,포장 - 건조,맑음,교차로 - 교차로안,승용,여,27세,상해없음,개인형이동수단(PM),남,27세,중상
2021092000100215,2021년 9월 20일 14시,월요일,서울특별시 강서구 내발산동,경상사고,0,0,1,0,차대사람 - 기타,안전운전불이행,포장 - 건조,맑음,기타 - 기타,승용,남,67세,상해없음,보행자,여,56세,경상
2021092000100274,2021년 9월 20일 16시,월요일,서울특별시 강서구 화곡동,경상사고,0,0,2,0,차대사람 - 기타,안전운전불이행,포장 - 건조,맑음,단일로 - 기타,승용,여,54세,상해없음,보행자,여,45세,경상
2021092100100226,2021년 9월 21일 17시,화요일,서울특별시 강서구 마곡동,경상사고,0,0,1,0,차대차 - 기타,기타,포장 - 건조,맑음,기타 - 기타,자전거,남,64세,경상,자전거,여,9세,상해없음
2021092100100227,2021년 9월 21일 17시,화요일,서울특별시 강서구 화곡동,중상사고,0,1,0,0,차대차 - 측면충돌,신호위반,포장 - 건조,맑음,교차로 - 교차로안,이륜,남,29세,상해없음,이륜,남,38세,중상
2021092200100341,2021년 9월 22일 20시,수요일,서울특별시 강서구 화곡동,경상사고,0,0,1,0,차대차 - 추돌,안전운전불이행,포장 - 건조,맑음,단일로 - 기타,이륜,남,18세,경상,승용,남,59세,상해없음
2021092200100360,2021년 9월 22일 21시,수요일,서울특별시 강서구 등촌동,경상사고,0,0,1,0,차대차 - 추돌,안전거리미확보,포장 - 건조,맑음,교차로 - 교차로안,이륜,남,23세,기타불명,이륜,남,40세,경상
2021092200100386,2021년 9월 22일 22시,수요일,서울특별시 강서구 화곡동,경상사고,0,0,1,0,차대사람 - 기타,기타,포장 - 건조,흐림,교차로 - 교차로안,승합,남,19세,상해없음,보행자,남,42세,경상
2021092300100002,2021년 9월 23일 00시,목요일,서울특별시 강서구 화곡동,부상신고사고,0,0,0,1,차대차 - 측면충돌,직진우회전진행방해,포장 - 건조,맑음,교차로 - 교차로안,이륜,남,27세,상해없음,이륜,남,28세,부상신고
2021092300100061,2021년 9월 23일 08시,목요일,서울특별시 강서구 방화동,부상신고사고,0,0,0,1,차대차 - 기타,안전운전불이행,포장 - 건조,맑음,단일로 - 기타,승용,남,76세,상해없음,승합,남,54세,부상신고
2021092300100173,2021년 9월 23일 11시,목요일,서울특별시 강서구 염창동,경상사고,0,0,2,0,차대차 - 기타,안전운전불이행,포장 - 건조,맑음,단일로 - 기타,화물,남,58세,경상,승용,여,41세,경상
2021092300100321,2021년 9월 23일 15시,목요일,서울특별시 강서구 가양동,중상사고,0,1,3,0,차대차 - 기타,안전운전불이행,포장 - 건조,맑음,단일로 - 기타,승용,남,66세,상해없음,승용,여,42세,경상
2021092300100356,2021년 9월 23일 16시,목요일,서울특별시 강서구 화곡동,중상사고,0,1,0,0,차량단독 - 기타,기타,포장 - 건조,맑음,단일로 - 기타,승합,남,61세,상해없음,,,,
2021092300100441,2021년 9월 23일 18시,목요일,서울특별시 강서구 염창동,중상사고,0,1,0,1,차대차 - 추돌,안전운전불이행,포장 - 건조,맑음,단일로 - 기타,승용,남,29세,상해없음,이륜,여,29세,중상
2021092300100491,2021년 9월 23일 19시,목요일,서울특별시 강서구 가양동,경상사고,0,0,1,0,차대차 - 기타,안전운전불이행,포장 - 건조,맑음,단일로 - 기타,화물,남,70세,상해없음,승용,여,36세,경상
2021092400100330,2021년 9월 24일 16시,금요일,서울특별시 강서구 염창동,중상사고,0,1,0,0,차대사람 - 횡단중,안전운전불이행,포장 - 건조,맑음,단일로 - 기타,승용,여,66세,상해없음,보행자,남,9세,중상
2021092400100371,2021년 9월 24일 17시,금요일,서울특별시 강서구 등촌동,경상사고,0,0,1,0,차대차 - 측면충돌,안전거리미확보,포장 - 건조,맑음,단일로 - 기타,승용,여,55세,기타불명,승용,남,47세,경상
2021092500100236,2021년 9월 25일 15시,토요일,서울특별시 강서구 마곡동,경상사고,0,0,2,0,차대차 - 측면충돌,안전운전불이행,포장 - 건조,맑음,교차로 - 교차로안,승용,남,43세,경상,승용,여,31세,경상
2021092500100337,2021년 9월 25일 18시,토요일,서울특별시 강서구 등촌동,중상사고,0,1,0,0,차대차 - 기타,신호위반,포장 - 건조,맑음,교차로 - 교차로안,이륜,남,46세,중상,승합,남,55세,상해없음
2021092500100419,2021년 9월 25일 21시,토요일,서울특별시 강서구 내발산동,경상사고,0,0,1,0,차대사람 - 보도통행중,기타,포장 - 건조,맑음,단일로 - 기타,개인형이동수단(PM),남,22세,상해없음,보행자,남,39세,경상
2021092500100443,2021년 9월 25일 22시,토요일,서울특별시 강서구 화곡동,경상사고,0,0,1,0,차대사람 - 기타,안전운전불이행,포장 - 건조,맑음,단일로 - 기타,승용,남,35세,상해없음,보행자,여,65세,경상
2021092500100444,2021년 9월 25일 22시,토요일,서울특별시 강서구 화곡동,경상사고,0,0,4,0,차대차 - 정면충돌,안전운전불이행,포장 - 건조,맑음,단일로 - 기타,승용,남,18세,상해없음,승용,남,68세,경상
2021092600100171,2021년 9월 26일 14시,일요일,서울특별시 강서구 방화동,경상사고,0,0,1,0,차대차 - 후진중충돌,안전운전불이행,포장 - 건조,맑음,단일로 - 기타,화물,남,81세,기타불명,승용,남,44세,경상
2021092600100231,2021년 9월 26일 16시,일요일,서울특별시 강서구 가양동,경상사고,0,0,2,0,차대차 - 측면충돌,신호위반,포장 - 건조,맑음,교차로 - 교차로부근,승용,남,52세,상해없음,승용,남,35세,경상
2021092800100131,2021년 9월 28일 10시,화요일,서울특별시 강서구 화곡동,경상사고,0,0,5,0,차대차 - 기타,안전운전불이행,포장 - 건조,맑음,단일로 - 기타,승용,남,28세,상해없음,승합,남,57세,상해없음
2021092800100387,2021년 9월 28일 18시,화요일,서울특별시 강서구 마곡동,경상사고,0,0,1,0,차대차 - 측면충돌,신호위반,포장 - 건조,맑음,교차로 - 교차로안,승용,여,50세,상해없음,이륜,남,36세,경상
2021092800100535,2021년 9월 28일 21시,화요일,서울특별시 강서구 화곡동,경상사고,0,0,2,0,차대차 - 측면충돌,안전거리미확보,포장 - 젖음/습기,비,단일로 - 기타,승용,여,29세,상해없음,승용,남,23세,경상
2021092800100573,2021년 9월 28일 22시,화요일,서울특별시 강서구 화곡동,경상사고,0,0,1,0,차대차 - 추돌,안전운전불이행,포장 - 젖음/습기,비,교차로 - 교차로안,승용,남,31세,상해없음,이륜,남,34세,경상
2021092900100203,2021년 9월 29일 12시,수요일,서울특별시 강서구 방화동,중상사고,0,1,0,0,차대사람 - 기타,기타,포장 - 건조,맑음,기타 - 기타,자전거,남,57세,상해없음,보행자,남,31세,중상
2021092900100416,2021년 9월 29일 18시,수요일,서울특별시 강서구 마곡동,경상사고,0,0,1,0,차대차 - 정면충돌,기타,포장 - 건조,맑음,교차로 - 교차로횡단보도내,자전거,남,13세,경상,승용,남,66세,상해없음
2021093000100012,2021년 9월 30일 01시,목요일,서울특별시 강서구 화곡동,경상사고,0,0,1,0,차대차 - 기타,안전운전불이행,포장 - 건조,맑음,교차로 - 교차로안,승용,남,66세,상해없음,승용,남,69세,경상
2021093000100132,2021년 9월 30일 09시,목요일,서울특별시 강서구 화곡동,경상사고,0,0,1,0,차대차 - 기타,안전운전불이행,포장 - 건조,맑음,교차로 - 교차로부근,이륜,남,27세,경상,승용,여,36세,상해없음
2021093000100342,2021년 9월 30일 15시,목요일,서울특별시 강서구 방화동,경상사고,0,0,1,0,차대차 - 측면충돌,안전운전불이행,포장 - 건조,맑음,단일로 - 기타,화물,남,29세,상해없음,승용,여,34세,경상
2021093000100432,2021년 9월 30일 17시,목요일,서울특별시 강서구 화곡동,경상사고,0,0,2,0,차대사람 - 차도통행중,기타,포장 - 건조,맑음,단일로 - 기타,이륜,남,25세,상해없음,보행자,여,8세,경상
2021093000100545,2021년 9월 30일 19시,목요일,서울특별시 강서구 등촌동,경상사고,0,0,2,0,차대사람 - 기타,안전운전불이행,포장 - 건조,흐림,교차로 - 교차로안,승용,남,53세,상해없음,보행자,여,17세,경상
2021093000100631,2021년 9월 30일 22시,목요일,서울특별시 강서구 공항동,경상사고,0,0,1,0,차대사람 - 기타,기타,포장 - 건조,맑음,기타 - 기타,자전거,여,39세,상해없음,보행자,남,37세,경상
2021100100100001,2021년 10월 1일 00시,금요일,서울특별시 강서구 가양동,경상사고,0,0,1,0,차대차 - 추돌,안전운전불이행,포장 - 건조,맑음,단일로 - 기타,승용,남,35세,상해없음,승합,남,55세,경상
2021100100100068,2021년 10월 1일 08시,금요일,서울특별시 강서구 화곡동,경상사고,0,0,1,0,차대차 - 측면충돌,안전운전불이행,포장 - 건조,맑음,단일로 - 기타,승용,남,65세,상해없음,승용,남,39세,경상
2021100100100150,2021년 10월 1일 10시,금요일,서울특별시 강서구 화곡동,경상사고,0,0,4,0,차대차 - 추돌,안전운전불이행,포장 - 건조,맑음,단일로 - 기타,승용,남,59세,상해없음,승용,남,62세,경상
2021100100100259,2021년 10월 1일 13시,금요일,서울특별시 강서구 화곡동,경상사고,0,0,3,0,차대차 - 기타,직진우회전진행방해,포장 - 건조,맑음,교차로 - 교차로안,원동기,남,53세,경상,화물,남,75세,경상
2021100100100478,2021년 10월 1일 18시,금요일,서울특별시 강서구 염창동,경상사고,0,0,2,0,차대차 - 측면충돌,안전운전불이행,포장 - 건조,맑음,기타 - 기타,승합,남,64세,상해없음,승용,여,50세,경상
2021100200100001,2021년 10월 2일 00시,토요일,서울특별시 강서구 화곡동,경상사고,0,0,1,0,차대차 - 기타,기타,포장 - 건조,맑음,교차로 - 교차로부근,승용,여,60세,상해없음,승용,남,68세,상해없음
2021100200100164,2021년 10월 2일 11시,토요일,서울특별시 강서구 개화동,경상사고,0,0,1,0,차대차 - 기타,안전운전불이행,포장 - 건조,맑음,기타 - 기타,자전거,남,73세,상해없음,자전거,여,55세,경상
2021100200100497,2021년 10월 2일 19시,토요일,서울특별시 강서구 등촌동,중상사고,0,1,2,0,차대차 - 기타,중앙선침범,포장 - 건조,맑음,교차로 - 교차로안,이륜,남,28세,중상,승용,남,28세,경상
2021100200100619,2021년 10월 2일 23시,토요일,서울특별시 강서구 마곡동,중상사고,0,1,7,0,차대차 - 측면충돌,중앙선침범,포장 - 건조,맑음,교차로 - 교차로부근,승용,남,19세,상해없음,승용,남,30세,경상
2021100300100003,2021년 10월 3일 00시,일요일,서울특별시 강서구 화곡동,경상사고,0,0,1,0,차대차 - 추돌,신호위반,포장 - 건조,맑음,교차로 - 교차로안,승용,남,63세,상해없음,자전거,여,48세,경상
2021100500100032,2021년 10월 5일 07시,화요일,서울특별시 강서구 염창동,경상사고,0,0,1,0,차대차 - 측면충돌,안전운전불이행,포장 - 건조,맑음,단일로 - 기타,승용,남,32세,상해없음,승용,남,66세,경상
2021100500100418,2021년 10월 5일 17시,화요일,서울특별시 강서구 외발산동,경상사고,0,0,5,0,차대차 - 추돌,안전운전불이행,포장 - 건조,맑음,단일로 - 기타,승용,남,32세,상해없음,승용,남,56세,경상
2021100500100600,2021년 10월 5일 21시,화요일,서울특별시 강서구 염창동,경상사고,0,0,1,0,차량단독 - 기타,안전운전불이행,포장 - 건조,맑음,단일로 - 기타,승합,남,48세,상해없음,,,,
2021100500100619,2021년 10월 5일 22시,화요일,서울특별시 강서구 방화동,경상사고,0,0,1,0,차대사람 - 횡단중,신호위반,포장 - 건조,맑음,교차로 - 교차로횡단보도내,화물,남,65세,기타불명,보행자,남,41세,경상
2021100700100013,2021년 10월 7일 03시,목요일,서울특별시 강서구 방화동,중상사고,0,2,0,0,차대차 - 측면충돌,직진우회전진행방해,포장 - 건조,맑음,교차로 - 교차로안,이륜,남,58세,중상,이륜,남,53세,중상
2021100700100079,2021년 10월 7일 08시,목요일,서울특별시 강서구 마곡동,경상사고,0,0,1,0,차대사람 - 보도통행중,기타,포장 - 젖음/습기,비,기타 - 기타,자전거,남,73세,상해없음,보행자,여,28세,경상
2021100700100282,2021년 10월 7일 14시,목요일,서울특별시 강서구 화곡동,경상사고,0,0,1,0,차대차 - 기타,안전운전불이행,포장 - 건조,맑음,교차로 - 교차로부근,승용,여,31세,상해없음,자전거,남,12세,경상
2021100700100419,2021년 10월 7일 18시,목요일,서울특별시 강서구 화곡동,중상사고,0,1,0,0,차대차 - 기타,안전운전불이행,포장 - 건조,맑음,단일로 - 기타,자전거,여,63세,중상,승용,남,55세,상해없음
2021100700100479,2021년 10월 7일 19시,목요일,서울특별시 강서구 화곡동,경상사고,0,0,1,0,차대차 - 기타,교차로운행방법위반,포장 - 건조,맑음,교차로 - 교차로안,승용,여,40세,상해없음,원동기,남,51세,경상
2021100800100140,2021년 10월 8일 10시,금요일,서울특별시 강서구 화곡동,경상사고,0,0,1,0,차량단독 - 기타,안전운전불이행,포장 - 건조,맑음,교차로 - 교차로안,승합,남,52세,상해없음,,,,
2021100800100363,2021년 10월 8일 16시,금요일,서울특별시 강서구 마곡동,경상사고,0,0,1,1,차량단독 - 공작물충돌,안전운전불이행,포장 - 젖음/습기,비,단일로 - 기타,승합,남,53세,상해없음,,,,
2021100900100028,2021년 10월 9일 06시,토요일,서울특별시 강서구 개화동,경상사고,0,0,1,0,차대차 - 측면충돌,안전거리미확보,포장 - 건조,맑음,교차로 - 교차로안,승용,남,65세,상해없음,승용,여,50세,경상
2021100900100102,2021년 10월 9일 11시,토요일,서울특별시 강서구 외발산동,경상사고,0,0,1,1,차대차 - 측면충돌,안전운전불이행,포장 - 건조,맑음,교차로 - 교차로안,화물,남,62세,기타불명,승용,남,29세,부상신고
2021100900100358,2021년 10월 9일 18시,토요일,서울특별시 강서구 내발산동,경상사고,0,0,1,0,차대사람 - 횡단중,신호위반,포장 - 건조,맑음,교차로 - 교차로부근,이륜,남,24세,상해없음,보행자,여,47세,경상
2021100900100359,2021년 10월 9일 18시,토요일,서울특별시 강서구 방화동,경상사고,0,0,1,0,차대차 - 추돌,안전운전불이행,포장 - 건조,맑음,기타 - 기타,자전거,남,66세,상해없음,자전거,남,38세,경상
2021100900100418,2021년 10월 9일 19시,토요일,서울특별시 강서구 방화동,경상사고,0,0,1,0,차대차 - 기타,신호위반,포장 - 건조,맑음,기타 - 기타,승용,남,19세,상해없음,승합,남,50세,경상
2021101000100038,2021년 10월 10일 06시,일요일,서울특별시 강서구 화곡동,중상사고,0,1,0,0,차대차 - 기타,신호위반,포장 - 건조,맑음,교차로 - 교차로부근,승합,남,71세,상해없음,이륜,남,28세,중상
2021101000100131,2021년 10월 10일 12시,일요일,서울특별시 강서구 내발산동,부상신고사고,0,0,0,1,차대차 - 기타,안전운전불이행,포장 - 젖음/습기,비,교차로 - 교차로안,승용,여,50세,상해없음,화물,남,46세,부상신고
2021101000100163,2021년 10월 10일 13시,일요일,서울특별시 강서구 방화동,경상사고,0,0,2,0,차대차 - 추돌,안전운전불이행,포장 - 젖음/습기,비,교차로 - 교차로안,승용,남,45세,상해없음,승용,남,47세,경상
2021101000100164,2021년 10월 10일 13시,일요일,서울특별시 강서구 화곡동,경상사고,0,0,2,0,차대차 - 측면충돌,직진우회전진행방해,포장 - 젖음/습기,비,교차로 - 교차로안,승용,여,58세,상해없음,승용,남,64세,경상
2021101000100298,2021년 10월 10일 17시,일요일,서울특별시 강서구 내발산동,경상사고,0,0,1,0,차대차 - 추돌,안전운전불이행,포장 - 건조,흐림,교차로 - 교차로부근,승용,남,62세,상해없음,승용,남,48세,경상
2021101000100384,2021년 10월 10일 19시,일요일,서울특별시 강서구 화곡동,경상사고,0,0,1,0,차대차 - 측면충돌,직진우회전진행방해,포장 - 젖음/습기,비,교차로 - 교차로안,승용,여,74세,상해없음,이륜,남,26세,경상
2021101100100511,2021년 10월 11일 22시,월요일,서울특별시 강서구 화곡동,중상사고,0,1,1,0,차대차 - 기타,안전운전불이행,포장 - 건조,맑음,단일로 - 기타,이륜,남,31세,경상,이륜,남,56세,중상
2021101200100049,2021년 10월 12일 07시,화요일,서울특별시 강서구 방화동,중상사고,0,1,0,0,차대차 - 기타,안전운전불이행,포장 - 건조,맑음,교차로 - 교차로안,승용,남,61세,상해없음,승용,남,34세,중상
2021101200100403,2021년 10월 12일 18시,화요일,서울특별시 강서구 등촌동,경상사고,0,0,1,0,차대차 - 측면충돌,안전운전불이행,포장 - 건조,맑음,교차로 - 교차로안,승용,남,56세,상해없음,승용,남,42세,경상
2021101200100551,2021년 10월 12일 22시,화요일,서울특별시 강서구 화곡동,경상사고,0,0,2,0,차대차 - 측면충돌,신호위반,포장 - 건조,흐림,교차로 - 교차로안,이륜,남,40세,경상,승용,남,34세,경상
2021101200100588,2021년 10월 12일 23시,화요일,서울특별시 강서구 등촌동,경상사고,0,0,1,0,차대사람 - 기타,안전운전불이행,포장 - 건조,흐림,교차로 - 교차로안,승용,여,45세,상해없음,보행자,남,70세,경상
2021101200100589,2021년 10월 12일 23시,화요일,서울특별시 강서구 화곡동,경상사고,0,0,1,0,차대차 - 추돌,안전운전불이행,포장 - 건조,맑음,단일로 - 기타,승용,남,25세,상해없음,승용,남,60세,경상
2021101300100013,2021년 10월 13일 04시,수요일,서울특별시 강서구 가양동,중상사고,0,1,2,0,차대차 - 추돌,안전운전불이행,포장 - 건조,맑음,단일로 - 기타,승용,남,52세,상해없음,승용,여,57세,경상
2021101300100040,2021년 10월 13일 07시,수요일,서울특별시 강서구 가양동,부상신고사고,0,0,0,1,차대차 - 측면충돌,안전운전불이행,포장 - 건조,맑음,교차로 - 교차로부근,자전거,남,16세,부상신고,승합,남,47세,상해없음