사고번호,사고일시,요일,시군구,사고내용,사망자수,중상자수,경상자수,부상신고자수,사고유형,법규위반,노면상태,기상상태,도로형태,가해운전자 차종,가해운전자 성별,가해운전자 연령,가해운전자 상해정도,피해운전자 차종,피해운전자 성별,피해운전자 연령,피해운전자 상해정도
2021101300100101,2021년 10월 13일 09시,수요일,서울특별시 강서구 화곡동,경상사고,0,0,1,0,차대차 - 후진중충돌,안전운전불이행,포장 - 건조,맑음,교차로 - 교차로안,승용,여,36세,상해없음,원동기,남,26세,경상
2021101300100148,2021년 10월 13일 10시,수요일,서울특별시 강서구 염창동,중상사고,0,1,0,0,차대차 - 측면충돌,안전운전불이행,포장 - 건조,맑음,교차로 - 교차로안,자전거,남,71세,중상,승용,여,44세,상해없음
2021101300100149,2021년 10월 13일 10시,수요일,서울특별시 강서구 화곡동,경상사고,0,0,1,0,차대사람 - 기타,안전운전불이행,포장 - 건조,맑음,단일로 - 기타,승용,남,69세,상해없음,보행자,여,58세,경상
2021101300100150,2021년 10월 13일 10시,수요일,서울특별시 강서구 공항동,부상신고사고,0,0,0,1,차대차 - 측면충돌,기타,포장 - 건조,맑음,단일로 - 기타,승합,남,61세,상해없음,자전거,남,25세,부상신고
2021101300100309,2021년 10월 13일 15시,수요일,서울특별시 강서구 화곡동,부상신고사고,0,0,0,1,차대차 - 추돌,교차로운행방법위반,포장 - 건조,맑음,교차로 - 교차로안,자전거,남,23세,상해없음,이륜,남,62세,부상신고
2021101300100310,2021년 10월 13일 15시,수요일,서울특별시 강서구 화곡동,경상사고,0,0,2,0,차대차 - 측면충돌,안전운전불이행,포장 - 건조,맑음,교차로 - 교차로안,승용,남,66세,상해없음,승용,남,40세,경상
2021101300100354,2021년 10월 13일 16시,수요일,서울특별시 강서구 화곡동,경상사고,0,0,1,0,차대사람 - 기타,안전운전불이행,포장 - 건조,맑음,교차로 - 교차로안,승용,여,65세,상해없음,보행자,여,77세,경상
2021101300100394,2021년 10월 13일 17시,수요일,서울특별시 강서구 염창동,경상사고,0,0,1,0,차대사람 - 횡단중,보행자보호의무위반,포장 - 건조,맑음,교차로 - 교차로횡단보도내,승용,여,53세,상해없음,보행자,여,8세,경상
2021101300100395,2021년 10월 13일 17시,수요일,서울특별시 강서구 방화동,중상사고,0,1,2,0,차대차 - 기타,교차로운행방법위반,포장 - 건조,맑음,교차로 - 교차로부근,승용,여,37세,상해없음,승용,남,56세,중상
2021101300100499,2021년 10월 13일 19시,수요일,서울특별시 강서구 화곡동,경상사고,0,0,1,0,차대차 - 기타,안전거리미확보,포장 - 건조,맑음,교차로 - 교차로부근,원동기,남,18세,상해없음,원동기,남,40세,경상
2021101400100090,2021년 10월 14일 08시,목요일,서울특별시 강서구 방화동,중상사고,0,1,0,0,차대사람 - 횡단중,신호위반,포장 - 건조,맑음,교차로 - 교차로횡단보도내,화물,남,65세,상해없음,보행자,여,71세,중상
2021101400100136,2021년 10월 14일 09시,목요일,서울특별시 강서구 마곡동,경상사고,0,0,2,0,차대차 - 기타,안전거리미확보,포장 - 건조,맑음,단일로 - 기타,승용,여,26세,상해없음,승용,남,25세,경상
2021101400100357,2021년 10월 14일 15시,목요일,서울특별시 강서구 등촌동,경상사고,0,0,1,0,차대차 - 기타,안전운전불이행,포장 - 건조,맑음,기타 - 기타,승용,남,51세,상해없음,승용,남,21세,경상
2021101500100019,2021년 10월 15일 05시,금요일,서울특별시 강서구 화곡동,경상사고,0,0,1,0,차대차 - 기타,안전운전불이행,포장 - 젖음/습기,맑음,단일로 - 기타,기타불명,기타불명,미분류,기타불명,이륜,여,55세,경상
2021101500100063,2021년 10월 15일 08시,금요일,서울특별시 강서구 등촌동,중상사고,0,1,0,0,차대차 - 기타,안전운전불이행,포장 - 젖음/습기,비,단일로 - 기타,승용,여,81세,상해없음,승용,여,45세,중상
2021101500100064,2021년 10월 15일 08시,금요일,서울특별시 강서구 화곡동,중상사고,0,1,0,0,차대차 - 측면충돌,안전운전불이행,포장 - 건조,흐림,교차로 - 교차로안,승용,여,73세,상해없음,승용,남,47세,중상
2021101500100333,2021년 10월 15일 15시,금요일,서울특별시 강서구 화곡동,경상사고,0,0,1,0,차대차 - 측면충돌,직진우회전진행방해,포장 - 건조,맑음,교차로 - 교차로안,승용,남,41세,상해없음,개인형이동수단(PM),남,24세,경상
2021101500100364,2021년 10월 15일 16시,금요일,서울특별시 강서구 화곡동,경상사고,0,0,1,0,차대사람 - 기타,안전운전불이행,포장 - 건조,맑음,기타 - 기타,승용,남,66세,상해없음,보행자,남,9세,경상
2021101500100440,2021년 10월 15일 18시,금요일,서울특별시 강서구 화곡동,경상사고,0,0,1,0,차대사람 - 보도통행중,보행자보호의무위반,포장 - 건조,맑음,교차로 - 교차로안,승용,여,45세,상해없음,보행자,남,14세,경상
2021101500100662,2021년 10월 15일 23시,금요일,서울특별시 강서구 가양동,경상사고,0,0,2,0,차대차 - 추돌,안전운전불이행,포장 - 건조,맑음,단일로 - 기타,승용,남,46세,상해없음,승용,남,37세,경상
2021101600100325,2021년 10월 16일 16시,토요일,서울특별시 강서구 화곡동,부상신고사고,0,0,0,1,차대차 - 기타,기타,포장 - 건조,맑음,기타 - 기타,승용,남,59세,상해없음,승용,여,60세,부상신고
2021101600100377,2021년 10월 16일 18시,토요일,서울특별시 강서구 마곡동,경상사고,0,0,2,0,차대차 - 기타,안전거리미확보,포장 - 건조,맑음,교차로 - 교차로부근,승용,남,28세,상해없음,승용,남,37세,경상
2021101600100417,2021년 10월 16일 18시,토요일,서울특별시 강서구 개화동,경상사고,0,0,1,0,차대차 - 추돌,안전운전불이행,포장 - 건조,맑음,단일로 - 교량,화물,남,59세,상해없음,승용,여,53세,경상
2021101600100468,2021년 10월 16일 21시,토요일,서울특별시 강서구 화곡동,경상사고,0,0,1,0,차대차 - 기타,신호위반,포장 - 건조,흐림,단일로 - 터널,이륜,남,20세,경상,승용,남,44세,상해없음
2021101600100489,2021년 10월 16일 22시,토요일,서울특별시 강서구 내발산동,중상사고,0,2,0,0,차대차 - 측면충돌,신호위반,포장 - 건조,맑음,교차로 - 교차로부근,승용,여,45세,중상,이륜,남,30세,중상
2021101600100490,2021년 10월 16일 22시,토요일,서울특별시 강서구 마곡동,중상사고,0,1,0,0,차대사람 - 기타,보행자보호의무위반,포장 - 건조,맑음,기타 - 기타,승용,남,51세,상해없음,보행자,여,22세,중상
2021101700100045,2021년 10월 17일 07시,일요일,서울특별시 강서구 염창동,경상사고,0,0,1,0,차대차 - 추돌,신호위반,포장 - 건조,맑음,교차로 - 교차로부근,승용,남,31세,상해없음,승용,남,57세,경상
2021101700100174,2021년 10월 17일 14시,일요일,서울특별시 강서구 마곡동,경상사고,0,0,1,0,차대차 - 측면충돌,안전운전불이행,포장 - 건조,맑음,교차로 - 교차로안,승용,남,24세,상해없음,자전거,남,13세,경상
2021101700100304,2021년 10월 17일 18시,일요일,서울특별시 강서구 방화동,경상사고,0,0,1,0,차대사람 - 횡단중,신호위반,포장 - 건조,맑음,교차로 - 교차로안,승용,남,38세,기타불명,보행자,남,68세,경상
2021101700100305,2021년 10월 17일 18시,일요일,서울특별시 강서구 내발산동,경상사고,0,0,1,0,차대차 - 측면충돌,안전운전불이행,포장 - 건조,맑음,단일로 - 기타,이륜,기타불명,미분류,기타불명,자전거,남,12세,경상
2021101800100031,2021년 10월 18일 06시,월요일,서울특별시 강서구 개화동,경상사고,0,0,2,0,차대차 - 측면충돌,기타,포장 - 건조,맑음,교차로 - 교차로안,승용,남,65세,경상,승용,남,60세,경상
2021101800100258,2021년 10월 18일 12시,월요일,서울특별시 강서구 공항동,경상사고,0,0,1,0,차대차 - 추돌,안전운전불이행,포장 - 건조,맑음,기타 - 기타,승합,남,68세,상해없음,승용,여,41세,경상
2021101800100366,2021년 10월 18일 15시,월요일,서울특별시 강서구 외발산동,경상사고,0,0,1,0,차대차 - 기타,신호위반,포장 - 건조,맑음,교차로 - 교차로안,건설기계,남,49세,상해없음,개인형이동수단(PM),남,71세,경상
2021101800100606,2021년 10월 18일 20시,월요일,서울특별시 강서구 화곡동,경상사고,0,0,1,0,차대사람 - 기타,안전운전불이행,포장 - 젖음/습기,비,단일로 - 기타,승용,여,51세,상해없음,보행자,남,49세,경상
2021101800100607,2021년 10월 18일 20시,월요일,서울특별시 강서구 화곡동,경상사고,0,0,1,0,차대차 - 기타,안전운전불이행,포장 - 젖음/습기,비,단일로 - 기타,승합,남,32세,상해없음,이륜,남,26세,경상
2021101900100150,2021년 10월 19일 11시,화요일,서울특별시 강서구 가양동,경상사고,0,0,1,0,차대차 - 기타,안전운전불이행,포장 - 건조,맑음,교차로 - 교차로안,이륜,남,27세,상해없음,원동기,남,27세,경상
2021101900100529,2021년 10월 19일 21시,화요일,서울특별시 강서구 화곡동,경상사고,0,0,1,0,차대차 - 측면충돌,안전운전불이행,포장 - 건조,맑음,단일로 - 기타,승용,남,63세,상해없음,이륜,남,43세,상해없음
2021101900100558,2021년 10월 19일 22시,화요일,서울특별시 강서구 방화동,경상사고,0,0,1,0,차대차 - 기타,안전운전불이행,포장 - 건조,맑음,단일로 - 기타,승용,남,29세,상해없음,원동기,남,49세,경상
2021102000100441,2021년 10월 20일 18시,수요일,서울특별시 강서구 방화동,중상사고,0,1,0,0,차대차 - 기타,중앙선침범,포장 - 건조,맑음,단일로 - 기타,승용,남,60세,상해없음,원동기,남,34세,중상
2021102000100442,2021년 10월 20일 18시,수요일,서울특별시 강서구 가양동,경상사고,0,0,1,0,차대차 - 측면충돌,안전거리미확보,포장 - 건조,맑음,단일로 - 기타,화물,남,60세,상해없음,승용,여,41세,경상
2021102000100516,2021년 10월 20일 19시,수요일,서울특별시 강서구 등촌동,경상사고,0,0,3,0,차대차 - 추돌,안전운전불이행,포장 - 건조,맑음,교차로 - 교차로안,승용,여,55세,상해없음,승용,남,18세,경상
2021102000100562,2021년 10월 20일 20시,수요일,서울특별시 강서구 화곡동,중상사고,0,1,0,0,차대차 - 측면충돌,안전운전불이행,포장 - 건조,맑음,교차로 - 교차로안,승용,남,28세,상해없음,승용,남,64세,상해없음
2021102000100611,2021년 10월 20일 22시,수요일,서울특별시 강서구 마곡동,경상사고,0,0,1,0,차대차 - 측면충돌,안전운전불이행,포장 - 건조,맑음,교차로 - 교차로안,승용,남,28세,기타불명,승용,남,45세,경상
2021102100100620,2021년 10월 21일 23시,목요일,서울특별시 강서구 화곡동,경상사고,0,0,1,0,차대차 - 추돌,안전운전불이행,포장 - 건조,맑음,단일로 - 기타,승용,남,30세,기타불명,승용,남,32세,경상
2021102200100162,2021년 10월 22일 10시,금요일,서울특별시 강서구 화곡동,경상사고,0,0,1,0,차대차 - 기타,안전운전불이행,포장 - 건조,맑음,교차로 - 교차로안,원동기,남,41세,경상,승용,여,48세,상해없음
2021102200100163,2021년 10월 22일 10시,금요일,서울특별시 강서구 공항동,경상사고,0,0,1,0,차대차 - 기타,안전운전불이행,포장 - 건조,맑음,단일로 - 기타,승합,남,65세,상해없음,승용,남,61세,경상
2021102200100396,2021년 10월 22일 16시,금요일,서울특별시 강서구 화곡동,경상사고,0,0,2,1,차대차 - 측면충돌,안전거리미확보,포장 - 건조,맑음,단일로 - 기타,승용,남,69세,부상신고,승용,여,36세,경상
2021102300100034,2021년 10월 23일 05시,토요일,서울특별시 강서구 공항동,경상사고,0,0,1,0,차대차 - 추돌,안전운전불이행,포장 - 건조,맑음,단일로 - 기타,승용,남,35세,기타불명,승용,남,57세,경상
2021102300100143,2021년 10월 23일 11시,토요일,서울특별시 강서구 내발산동,경상사고,0,0,1,0,차대차 - 기타,안전운전불이행,포장 - 건조,맑음,교차로 - 교차로횡단보도내,승용,여,50세,상해없음,승용,남,46세,경상
2021102300100375,2021년 10월 23일 16시,토요일,서울특별시 강서구 등촌동,경상사고,0,0,2,0,차대차 - 후진중충돌,안전운전불이행,포장 - 건조,맑음,단일로 - 기타,화물,남,63세,상해없음,승용,남,27세,경상
2021102400100001,2021년 10월 24일 00시,일요일,서울특별시 강서구 염창동,경상사고,0,0,2,0,차대차 - 추돌,안전운전불이행,포장 - 건조,맑음,교차로 - 교차로안,승용,남,33세,상해없음,승용,여,34세,경상
2021102400100053,2021년 10월 24일 07시,일요일,서울특별시 강서구 화곡동,경상사고,0,0,1,0,차대차 - 기타,안전운전불이행,포장 - 건조,맑음,교차로 - 교차로안,화물,남,51세,상해없음,자전거,남,20세,경상
2021102400100095,2021년 10월 24일 10시,일요일,서울특별시 강서구 가양동,중상사고,0,1,0,0,차대사람 - 보도통행중,기타,포장 - 건조,맑음,단일로 - 기타,개인형이동수단(PM),남,31세,상해없음,보행자,여,62세,중상
2021102400100283,2021년 10월 24일 16시,일요일,서울특별시 강서구 마곡동,중상사고,0,1,0,0,차대차 - 측면충돌,안전운전불이행,포장 - 건조,맑음,단일로 - 기타,자전거,남,42세,상해없음,자전거,여,60세,중상
2021102400100315,2021년 10월 24일 17시,일요일,서울특별시 강서구 방화동,중상사고,0,1,0,0,차량단독 - 기타,기타,포장 - 건조,맑음,단일로 - 기타,승합,남,54세,상해없음,,,,
2021102400100360,2021년 10월 24일 18시,일요일,서울특별시 강서구 마곡동,경상사고,0,0,1,0,차대차 - 측면충돌,안전거리미확보,포장 - 건조,맑음,단일로 - 기타,승용,남,57세,상해없음,승용,남,31세,경상
2021102500100040,2021년 10월 25일 07시,월요일,서울특별시 강서구 공항동,경상사고,0,0,1,0,차대차 - 기타,안전운전불이행,포장 - 건조,맑음,단일로 - 기타,화물,남,47세,상해없음,승용,여,40세,경상
2021102500100063,2021년 10월 25일 08시,월요일,서울특별시 강서구 화곡동,부상신고사고,0,0,0,1,차대사람 - 기타,안전운전불이행,포장 - 건조,맑음,단일로 - 기타,승용,여,45세,상해없음,보행자,여,33세,부상신고
2021102500100110,2021년 10월 25일 09시,월요일,서울특별시 강서구 외발산동,경상사고,0,0,1,0,차대차 - 기타,신호위반,포장 - 건조,맑음,교차로 - 교차로안,승용,남,61세,상해없음,이륜,남,39세,경상
2021102500100284,2021년 10월 25일 14시,월요일,서울특별시 강서구 마곡동,경상사고,0,0,2,0,차대차 - 기타,안전운전불이행,포장 - 건조,맑음,단일로 - 기타,승용,여,44세,경상,승용,남,40세,경상
2021102500100423,2021년 10월 25일 17시,월요일,서울특별시 강서구 화곡동,경상사고,0,0,1,0,차대차 - 기타,안전운전불이행,포장 - 건조,맑음,기타 - 기타,승용,남,56세,상해없음,승용,남,36세,경상
2021102500100467,2021년 10월 25일 18시,월요일,서울특별시 강서구 화곡동,경상사고,0,0,1,0,차대차 - 측면충돌,안전운전불이행,포장 - 건조,맑음,기타 - 기타,화물,남,55세,기타불명,자전거,남,77세,경상
2021102500100531,2021년 10월 25일 19시,월요일,서울특별시 강서구 내발산동,경상사고,0,0,1,0,차대차 - 측면충돌,안전거리미확보,포장 - 건조,맑음,단일로 - 기타,화물,남,57세,상해없음,승용,남,48세,경상
2021102600100001,2021년 10월 26일 00시,화요일,서울특별시 강서구 방화동,부상신고사고,0,0,0,1,차대차 - 측면충돌,안전운전불이행,포장 - 건조,맑음,교차로 - 교차로부근,승합,남,34세,상해없음,이륜,남,64세,상해없음
2021102600100269,2021년 10월 26일 14시,화요일,서울특별시 강서구 방화동,중상사고,0,1,0,0,차대차 - 측면충돌,중앙선침범,포장 - 건조,맑음,교차로 - 교차로안,승용,남,67세,상해없음,개인형이동수단(PM),여,49세,중상
2021102600100270,2021년 10월 26일 14시,화요일,서울특별시 강서구 화곡동,중상사고,0,1,0,0,차대차 - 기타,안전운전불이행,포장 - 건조,맑음,단일로 - 기타,개인형이동수단(PM),여,23세,중상,승합,남,48세,상해없음
2021102600100386,2021년 10월 26일 17시,화요일,서울특별시 강서구 외발산동,경상사고,0,0,1,0,차대차 - 측면충돌,안전거리미확보,포장 - 건조,맑음,단일로 - 기타,승용,남,58세,상해없음,승용,남,50세,경상
2021102700100185,2021년 10월 27일 12시,수요일,서울특별시 강서구 화곡동,경상사고,0,0,2,0,차대차 - 측면충돌,안전운전불이행,포장 - 건조,맑음,교차로 - 교차로안,원동기,남,47세,상해없음,승용,남,34세,경상
2021102700100374,2021년 10월 27일 17시,수요일,서울특별시 강서구 화곡동,경상사고,0,0,1,0,차대차 - 기타,안전운전불이행,포장 - 건조,맑음,단일로 - 기타,화물,남,57세,상해없음,자전거,남,79세,경상
2021102700100484,2021년 10월 27일 19시,수요일,서울특별시 강서구 개화동,사망사고,1,0,0,0,차대사람 - 횡단중,안전운전불이행,포장 - 건조,맑음,단일로 - 기타,승용,남,40세,상해없음,보행자,남,76세,사망
2021102700100554,2021년 10월 27일 21시,수요일,서울특별시 강서구 화곡동,경상사고,0,0,1,0,차대차 - 추돌,안전운전불이행,포장 - 건조,맑음,단일로 - 기타,승용,여,28세,상해없음,원동기,남,31세,경상
2021102700100582,2021년 10월 27일 22시,수요일,서울특별시 강서구 마곡동,중상사고,0,1,0,0,차대차 - 기타,안전운전불이행,포장 - 건조,맑음,교차로 - 교차로안,승용,남,61세,상해없음,자전거,여,30세,중상
2021102800100279,2021년 10월 28일 13시,목요일,서울특별시 강서구 화곡동,경상사고,0,0,1,0,차대차 - 추돌,기타,포장 - 건조,맑음,교차로 - 교차로안,승용,남,32세,상해없음,이륜,남,56세,경상
2021102800100354,2021년 10월 28일 15시,목요일,서울특별시 강서구 화곡동,경상사고,0,0,1,0,차대사람 - 차도통행중,안전운전불이행,포장 - 건조,맑음,단일로 - 기타,승용,여,57세,상해없음,보행자,남,39세,경상
2021102800100355,2021년 10월 28일 15시,목요일,서울특별시 강서구 등촌동,경상사고,0,0,1,0,차대차 - 측면충돌,안전운전불이행,포장 - 건조,맑음,단일로 - 기타,승용,남,70세,상해없음,승용,여,51세,경상
2021102800100479,2021년 10월 28일 18시,목요일,서울특별시 강서구 내발산동,중상사고,0,3,7,0,차대차 - 측면충돌,안전운전불이행,포장 - 건조,맑음,단일로 - 기타,승합,남,58세,상해없음,승용,남,27세,경상
2021102800100480,2021년 10월 28일 18시,목요일,서울특별시 강서구 화곡동,경상사고,0,0,1,0,차대사람 - 횡단중,신호위반,포장 - 건조,맑음,교차로 - 교차로횡단보도내,승용,남,63세,상해없음,보행자,여,27세,경상
2021102800100621,2021년 10월 28일 21시,목요일,서울특별시 강서구 등촌동,경상사고,0,0,1,0,차대사람 - 보도통행중,기타,포장 - 건조,맑음,기타 - 기타,이륜,남,55세,상해없음,보행자,남,38세,경상
2021102900100001,2021년 10월 29일 00시,금요일,서울특별시 강서구 방화동,사망사고,1,0,0,0,차대차 - 기타,안전운전불이행,포장 - 건조,맑음,단일로 - 기타,이륜,남,19세,상해없음,승용,남,62세,상해없음
2021102900100094,2021년 10월 29일 09시,금요일,서울특별시 강서구 등촌동,경상사고,0,0,1,0,차대차 - 후진중충돌,안전운전불이행,포장 - 건조,맑음,단일로 - 기타,승합,남,69세,상해없음,승용,남,35세,경상
2021102900100367,2021년 10월 29일 16시,금요일,서울특별시 강서구 공항동,경상사고,0,0,1,0,차대차 - 기타,안전거리미확보,포장 - 건조,맑음,단일로 - 기타,승용,여,60세,상해없음,승용,여,40세,경상
2021102900100581,2021년 10월 29일 20시,금요일,서울특별시 강서구 마곡동,경상사고,0,0,2,0,차대차 - 측면충돌,안전운전불이행,포장 - 건조,흐림,교차로 - 교차로횡단보도내,승용,남,60세,상해없음,자전거,남,13세,경상
2021103000100027,2021년 10월 30일 01시,토요일,서울특별시 강서구 공항동,경상사고,0,0,1,0,차대차 - 측면충돌,신호위반,포장 - 건조,맑음,교차로 - 교차로안,승용,남,62세,상해없음,이륜,여,22세,경상
2021103000100147,2021년 10월 30일 11시,토요일,서울특별시 강서구 화곡동,경상사고,0,0,1,0,차대사람 - 기타,안전운전불이행,포장 - 건조,맑음,교차로 - 교차로횡단보도내,승용,남,74세,상해없음,보행자,남,8세,경상
2021103000100213,2021년 10월 30일 13시,토요일,서울특별시 강서구 방화동,경상사고,0,0,1,0,차대차 - 추돌,안전운전불이행,포장 - 건조,맑음,단일로 - 기타,원동기,남,39세,경상,승용,남,56세,상해없음
2021103000100214,2021년 10월 30일 13시,토요일,서울특별시 강서구 등촌동,중상사고,0,1,0,0,차대차 - 측면충돌,기타,포장 - 건조,맑음,단일로 - 기타,자전거,남,28세,중상,승용,여,59세,상해없음
2021103000100311,2021년 10월 30일 16시,토요일,서울특별시 강서구 화곡동,중상사고,0,1,0,0,차량단독 - 기타,안전운전불이행,포장 - 건조,맑음,단일로 - 기타,승합,남,54세,상해없음,,,,
2021103000100346,2021년 10월 30일 17시,토요일,서울특별시 강서구 화곡동,중상사고,0,1,0,0,차대차 - 기타,안전운전불이행,포장 - 건조,맑음,교차로 - 교차로부근,승용,여,69세,상해없음,자전거,남,41세,중상
2021103000100502,2021년 10월 30일 21시,토요일,서울특별시 강서구 화곡동,경상사고,0,0,1,0,차대차 - 측면충돌,안전운전불이행,포장 - 건조,맑음,교차로 - 교차로안,승용,여,59세,상해없음,자전거,남,70세,경상
2021103100100159,2021년 10월 31일 13시,일요일,서울특별시 강서구 공항동,경상사고,0,0,2,0,차대차 - 추돌,안전운전불이행,포장 - 건조,맑음,단일로 - 기타,승용,남,53세,상해없음,승용,여,38세,경상
2021110100100145,2021년 11월 1일 10시,월요일,서울특별시 강서구 가양동,경상사고,0,0,1,0,차대차 - 측면충돌,신호위반,포장 - 건조,맑음,교차로 - 교차로안,승용,남,59세,상해없음,승용,여,55세,경상
2021110100100319,2021년 11월 1일 15시,월요일,서울특별시 강서구 화곡동,경상사고,0,0,1,0,차대차 - 기타,안전운전불이행,포장 - 건조,맑음,기타 - 기타,승합,남,59세,상해없음,승용,남,37세,경상
2021110100100320,2021년 11월 1일 15시,월요일,서울특별시 강서구 가양동,중상사고,0,1,0,0,차대사람 - 기타,안전운전불이행,포장 - 건조,맑음,단일로 - 기타,승용,남,57세,상해없음,보행자,남,66세,중상
2021110100100361,2021년 11월 1일 16시,월요일,서울특별시 강서구 화곡동,경상사고,0,0,1,0,차대차 - 기타,안전운전불이행,포장 - 건조,맑음,단일로 - 기타,승용,남,35세,경상,승용,남,70세,상해없음
2021110100100537,2021년 11월 1일 20시,월요일,서울특별시 강서구 염창동,경상사고,0,0,1,0,차대차 - 측면충돌,안전운전불이행,포장 - 건조,맑음,단일로 - 기타,승용,여,54세,상해없음,승용,남,42세,경상
2021110100100558,2021년 11월 1일 21시,월요일,서울특별시 강서구 화곡동,경상사고,0,0,1,0,차대차 - 측면충돌,안전운전불이행,포장 - 건조,흐림,교차로 - 교차로안,이륜,남,39세,상해없음,이륜,남,29세,경상
2021110100100586,2021년 11월 1일 22시,월요일,서울특별시 강서구 마곡동,경상사고,0,0,2,0,차대차 - 기타,안전거리미확보,포장 - 건조,맑음,교차로 - 교차로부근,승용,남,43세,상해없음,승용,남,57세,경상
2021110100100587,2021년 11월 1일 22시,월요일,서울특별시 강서구 방화동,경상사고,0,0,1,0,차대차 - 측면충돌,신호위반,포장 - 건조,맑음,교차로 - 교차로안,승용,여,28세,기타불명,승용,남,36세,경상
2021110200100070,2021년 11월 2일 07시,화요일,서울특별시 강서구 가양동,경상사고,0,0,1,0,차대차 - 기타,안전거리미확보,포장 - 건조,맑음,단일로 - 기타,승용,여,29세,기타불명,승용,남,41세,경상
2021110200100224,2021년 11월 2일 12시,화요일,서울특별시 강서구 화곡동,경상사고,0,0,2,0,차대차 - 기타,안전운전불이행,포장 - 건조,맑음,교차로 - 교차로부근,이륜,남,24세,경상,승용,남,59세,경상
2021110200100352,2021년 11월 2일 16시,화요일,서울특별시 강서구 마곡동,중상사고,0,2,1,0,차대차 - 추돌,안전운전불이행,포장 - 건조,맑음,교차로 - 교차로부근,승용,남,51세,상해없음,승합,남,34세,중상
2021110200100394,2021년 11월 2일 17시,화요일,서울특별시 강서구 화곡동,중상사고,0,1,0,0,차대차 - 측면충돌,신호위반,포장 - 건조,맑음,교차로 - 교차로안,승용,여,56세,상해없음,이륜,남,54세,중상
2021110200100438,2021년 11월 2일 18시,화요일,서울특별시 강서구 화곡동,중상사고,0,1,0,0,차대사람 - 길가장자리구역통행중,안전운전불이행,포장 - 건조,맑음,교차로 - 교차로안,승용,남,20세,상해없음,보행자,남,16세,중상
2021110200100577,2021년 11월 2일 22시,화요일,서울특별시 강서구 화곡동,경상사고,0,0,1,0,차대차 - 측면충돌,중앙선침범,포장 - 건조,맑음,단일로 - 기타,승용,남,21세,상해없음,승용,여,35세,경상
2021110200100578,2021년 11월 2일 22시,화요일,서울특별시 강서구 가양동,경상사고,0,0,2,0,차량단독 - 기타,안전운전불이행,포장 - 기타,기타,기타 - 기타,승용,남,62세,상해없음,,,,
2021110300100029,2021년 11월 3일 05시,수요일,서울특별시 강서구 마곡동,경상사고,0,0,1,0,차대차 - 기타,신호위반,포장 - 건조,맑음,교차로 - 교차로안,승용,남,60세,상해없음,이륜,남,24세,경상
2021110300100056,2021년 11월 3일 07시,수요일,서울특별시 강서구 등촌동,경상사고,0,0,1,0,차대차 - 측면충돌,안전운전불이행,포장 - 건조,맑음,단일로 - 기타,승용,남,72세,기타불명,승용,여,39세,경상
2021110300100085,2021년 11월 3일 08시,수요일,서울특별시 강서구 마곡동,경상사고,0,0,1,0,차대차 - 정면충돌,기타,포장 - 건조,맑음,단일로 - 기타,승용,남,41세,상해없음,개인형이동수단(PM),남,34세,경상
2021110300100241,2021년 11월 3일 12시,수요일,서울특별시 강서구 개화동,경상사고,0,0,1,0,차량단독 - 기타,안전운전불이행,포장 - 건조,맑음,단일로 - 기타,승합,남,64세,경상,,,,
2021110300100577,2021년 11월 3일 21시,수요일,서울특별시 강서구 마곡동,경상사고,0,0,1,0,차대차 - 측면충돌,안전운전불이행,포장 - 건조,맑음,단일로 - 기타,이륜,남,18세,상해없음,승용,남,36세,경상
2021110400100038,2021년 11월 4일 05시,목요일,서울특별시 강서구 가양동,중상사고,0,1,0,0,차대차 - 기타,신호위반,포장 - 건조,맑음,교차로 - 교차로안,화물,남,63세,상해없음,자전거,남,55세,중상
2021110400100450,2021년 11월 4일 18시,목요일,서울특별시 강서구 화곡동,경상사고,0,0,1,0,차대사람 - 기타,안전운전불이행,포장 - 건조,맑음,교차로 - 교차로안,승용,남,56세,상해없음,보행자,남,55세,경상
2021110400100519,2021년 11월 4일 19시,목요일,서울특별시 강서구 화곡동,경상사고,0,0,1,0,차대차 - 기타,안전운전불이행,포장 - 건조,맑음,기타 - 기타,원동기,남,18세,경상,이륜,남,38세,기타불명
2021110500100300,2021년 11월 5일 14시,금요일,서울특별시 강서구 염창동,사망사고,1,0,0,0,차대차 - 측면충돌,신호위반,포장 - 건조,맑음,교차로 - 교차로부근,이륜,남,44세,사망,승합,여,56세,상해없음
2021110500100470,2021년 11월 5일 18시,금요일,서울특별시 강서구 마곡동,부상신고사고,0,0,0,1,차대차 - 정면충돌,안전운전불이행,포장 - 건조,흐림,단일로 - 기타,자전거,여,40세,부상신고,개인형이동수단(PM),남,33세,상해없음
2021110500100547,2021년 11월 5일 19시,금요일,서울특별시 강서구 가양동,경상사고,0,0,1,0,차대차 - 측면충돌,안전거리미확보,포장 - 건조,맑음,단일로 - 기타,화물,남,60세,상해없음,승용,남,35세,경상