사고번호,사고일시,요일,시군구,사고내용,사망자수,중상자수,경상자수,부상신고자수,사고유형,법규위반,노면상태,기상상태,도로형태,가해운전자 차종,가해운전자 성별,가해운전자 연령,가해운전자 상해정도,피해운전자 차종,피해운전자 성별,피해운전자 연령,피해운전자 상해정도
2021110500100621,2021년 11월 5일 21시,금요일,서울특별시 강서구 화곡동,경상사고,0,0,3,0,차대차 - 측면충돌,직진우회전진행방해,포장 - 건조,맑음,교차로 - 교차로안,승용,남,38세,경상,승용,여,68세,경상
2021110500100622,2021년 11월 5일 21시,금요일,서울특별시 강서구 방화동,경상사고,0,0,1,0,차대차 - 기타,안전운전불이행,포장 - 건조,맑음,교차로 - 교차로부근,승용,남,64세,상해없음,자전거,남,37세,경상
2021110600100052,2021년 11월 6일 04시,토요일,서울특별시 강서구 마곡동,부상신고사고,0,0,0,1,차대차 - 측면충돌,중앙선침범,포장 - 건조,맑음,단일로 - 기타,이륜,남,21세,부상신고,승용,남,58세,상해없음
2021110600100598,2021년 11월 6일 22시,토요일,서울특별시 강서구 화곡동,경상사고,0,0,1,0,차대차 - 측면충돌,안전운전불이행,포장 - 건조,맑음,교차로 - 교차로부근,승용,남,38세,상해없음,승용,남,41세,경상
2021110700100057,2021년 11월 7일 07시,일요일,서울특별시 강서구 등촌동,경상사고,0,0,5,0,차대차 - 추돌,기타,포장 - 건조,맑음,단일로 - 기타,승용,남,38세,상해없음,승용,남,32세,경상
2021110800100180,2021년 11월 8일 10시,월요일,서울특별시 강서구 공항동,중상사고,0,1,5,0,차대차 - 측면충돌,안전거리미확보,포장 - 젖음/습기,비,단일로 - 기타,승용,여,32세,경상,승용,남,67세,중상
2021110800100352,2021년 11월 8일 15시,월요일,서울특별시 강서구 개화동,경상사고,0,0,2,1,차대차 - 측면충돌,신호위반,포장 - 젖음/습기,비,교차로 - 교차로횡단보도내,승용,남,66세,경상,승용,남,57세,경상
2021110800100482,2021년 11월 8일 18시,월요일,서울특별시 강서구 화곡동,중상사고,0,1,0,0,차대사람 - 보도통행중,안전운전불이행,포장 - 건조,맑음,단일로 - 기타,승용,남,55세,상해없음,보행자,여,72세,중상
2021110800100552,2021년 11월 8일 19시,월요일,서울특별시 강서구 마곡동,경상사고,0,0,2,0,차대차 - 기타,신호위반,포장 - 건조,맑음,교차로 - 교차로안,화물,남,64세,경상,이륜,남,30세,경상
2021110900100153,2021년 11월 9일 10시,화요일,서울특별시 강서구 화곡동,경상사고,0,0,1,0,차대차 - 기타,안전운전불이행,포장 - 건조,맑음,단일로 - 기타,승합,남,53세,상해없음,이륜,여,38세,상해없음
2021110900100356,2021년 11월 9일 16시,화요일,서울특별시 강서구 화곡동,경상사고,0,0,1,0,차대차 - 기타,안전거리미확보,포장 - 젖음/습기,비,단일로 - 기타,승용,남,31세,상해없음,이륜,남,23세,경상
2021110900100576,2021년 11월 9일 20시,화요일,서울특별시 강서구 화곡동,중상사고,0,1,0,0,차대차 - 기타,신호위반,포장 - 건조,맑음,단일로 - 기타,원동기,남,17세,상해없음,자전거,남,54세,중상
2021111000100025,2021년 11월 10일 02시,수요일,서울특별시 강서구 화곡동,부상신고사고,0,0,0,1,차대차 - 추돌,안전운전불이행,포장 - 건조,흐림,단일로 - 기타,이륜,남,24세,부상신고,승용,남,47세,기타불명
2021111000100055,2021년 11월 10일 06시,수요일,서울특별시 강서구 화곡동,경상사고,0,0,1,0,차대사람 - 횡단중,보행자보호의무위반,포장 - 건조,맑음,교차로 - 교차로횡단보도내,기타불명,기타불명,미분류,기타불명,보행자,남,49세,경상
2021111000100246,2021년 11월 10일 13시,수요일,서울특별시 강서구 화곡동,경상사고,0,0,3,0,차대차 - 추돌,안전운전불이행,포장 - 건조,맑음,단일로 - 기타,이륜,남,41세,상해없음,승용,남,46세,경상
2021111000100392,2021년 11월 10일 17시,수요일,서울특별시 강서구 화곡동,경상사고,0,0,1,0,차대차 - 측면충돌,안전운전불이행,포장 - 건조,맑음,단일로 - 기타,자전거,여,62세,경상,승용,남,30세,상해없음
2021111000100500,2021년 11월 10일 19시,수요일,서울특별시 강서구 등촌동,경상사고,0,0,1,0,차대차 - 기타,교차로운행방법위반,포장 - 건조,맑음,교차로 - 교차로안,승용,남,64세,상해없음,승용,여,37세,경상
2021111000100623,2021년 11월 10일 23시,수요일,서울특별시 강서구 화곡동,중상사고,0,1,0,0,차대사람 - 횡단중,보행자보호의무위반,포장 - 건조,맑음,단일로 - 기타,승용,남,59세,상해없음,보행자,남,38세,중상
2021111100100001,2021년 11월 11일 00시,목요일,서울특별시 강서구 마곡동,중상사고,0,1,0,0,차대차 - 측면충돌,안전운전불이행,포장 - 건조,맑음,교차로 - 교차로안,화물,남,45세,상해없음,승용,여,55세,중상
2021111100100303,2021년 11월 11일 14시,목요일,서울특별시 강서구 등촌동,경상사고,0,0,1,0,차대사람 - 기타,안전운전불이행,포장 - 건조,맑음,단일로 - 기타,자전거,여,34세,상해없음,보행자,여,56세,경상
2021111100100594,2021년 11월 11일 21시,목요일,서울특별시 강서구 마곡동,중상사고,0,1,0,0,차대차 - 측면충돌,신호위반,포장 - 건조,맑음,교차로 - 교차로안,승용,남,29세,상해없음,이륜,남,32세,중상
2021111100100595,2021년 11월 11일 21시,목요일,서울특별시 강서구 가양동,경상사고,0,0,1,0,차대차 - 기타,안전거리미확보,포장 - 건조,맑음,단일로 - 기타,승용,남,29세,상해없음,승용,남,49세,경상
2021111100100596,2021년 11월 11일 21시,목요일,서울특별시 강서구 등촌동,경상사고,0,0,1,0,차대차 - 추돌,안전거리미확보,포장 - 건조,맑음,단일로 - 기타,승용,남,63세,상해없음,승용,여,26세,경상
2021111200100196,2021년 11월 12일 11시,금요일,서울특별시 강서구 등촌동,경상사고,0,0,1,0,차대사람 - 차도통행중,안전운전불이행,포장 - 건조,맑음,교차로 - 교차로안,승용,남,65세,상해없음,보행자,남,79세,경상
2021111200100230,2021년 11월 12일 12시,금요일,서울특별시 강서구 화곡동,경상사고,0,0,1,0,차대차 - 후진중충돌,안전운전불이행,포장 - 건조,맑음,기타 - 기타,승용,남,49세,상해없음,화물,남,28세,경상
2021111200100340,2021년 11월 12일 15시,금요일,서울특별시 강서구 내발산동,경상사고,0,0,1,0,차대사람 - 횡단중,안전운전불이행,포장 - 건조,맑음,교차로 - 교차로부근,이륜,남,16세,상해없음,보행자,여,14세,경상
2021111200100386,2021년 11월 12일 16시,금요일,서울특별시 강서구 마곡동,중상사고,0,1,0,0,차대차 - 측면충돌,신호위반,포장 - 건조,맑음,교차로 - 교차로안,이륜,남,59세,중상,승합,남,66세,상해없음
2021111200100469,2021년 11월 12일 18시,금요일,서울특별시 강서구 화곡동,경상사고,0,0,1,0,차대사람 - 기타,안전운전불이행,포장 - 건조,맑음,교차로 - 교차로안,승용,남,55세,상해없음,보행자,여,79세,경상
2021111200100577,2021년 11월 12일 20시,금요일,서울특별시 강서구 마곡동,중상사고,0,1,0,0,차대차 - 추돌,안전운전불이행,포장 - 건조,맑음,교차로 - 교차로부근,승용,남,48세,상해없음,이륜,남,35세,중상
2021111300100125,2021년 11월 13일 09시,토요일,서울특별시 강서구 개화동,경상사고,0,0,1,0,차대차 - 측면충돌,안전거리미확보,포장 - 건조,맑음,단일로 - 기타,승용,여,56세,상해없음,승용,여,33세,경상
2021111300100430,2021년 11월 13일 17시,토요일,서울특별시 강서구 화곡동,경상사고,0,0,1,0,차대사람 - 길가장자리구역통행중,안전운전불이행,포장 - 건조,맑음,단일로 - 기타,승용,남,64세,상해없음,보행자,여,6세,경상
2021111300100518,2021년 11월 13일 19시,토요일,서울특별시 강서구 화곡동,경상사고,0,0,1,0,차대차 - 기타,중앙선침범,포장 - 건조,맑음,교차로 - 교차로부근,원동기,남,64세,상해없음,자전거,남,13세,경상
2021111400100182,2021년 11월 14일 13시,일요일,서울특별시 강서구 마곡동,중상사고,0,1,0,0,차대차 - 기타,교차로운행방법위반,포장 - 건조,맑음,교차로 - 교차로안,승용,남,42세,상해없음,승용,남,56세,중상
2021111400100442,2021년 11월 14일 21시,일요일,서울특별시 강서구 마곡동,경상사고,0,0,2,0,차대차 - 추돌,안전운전불이행,포장 - 건조,맑음,교차로 - 교차로부근,승용,남,28세,상해없음,승용,남,58세,경상
2021111500100011,2021년 11월 15일 01시,월요일,서울특별시 강서구 염창동,경상사고,0,0,2,0,차대차 - 측면충돌,신호위반,포장 - 건조,맑음,단일로 - 기타,승용,남,56세,상해없음,승합,남,54세,경상
2021111500100185,2021년 11월 15일 11시,월요일,서울특별시 강서구 방화동,중상사고,0,1,0,0,차대차 - 기타,안전운전불이행,포장 - 건조,맑음,단일로 - 기타,승용,남,67세,상해없음,자전거,남,68세,중상
2021111500100615,2021년 11월 15일 22시,월요일,서울특별시 강서구 공항동,중상사고,0,1,0,0,차대차 - 기타,안전운전불이행,포장 - 건조,맑음,단일로 - 기타,자전거,남,42세,중상,승용,남,70세,상해없음
2021111600100220,2021년 11월 16일 11시,화요일,서울특별시 강서구 방화동,경상사고,0,0,1,0,차대사람 - 횡단중,신호위반,포장 - 건조,맑음,교차로 - 교차로횡단보도내,승용,남,80세,상해없음,보행자,여,78세,경상
2021111600100357,2021년 11월 16일 15시,화요일,서울특별시 강서구 마곡동,중상사고,0,1,0,0,차대차 - 기타,신호위반,포장 - 건조,맑음,교차로 - 교차로안,승용,남,34세,상해없음,승용,여,62세,중상
2021111600100387,2021년 11월 16일 16시,화요일,서울특별시 강서구 등촌동,중상사고,0,2,0,0,차대차 - 기타,안전거리미확보,포장 - 건조,맑음,단일로 - 기타,승용,남,71세,상해없음,이륜,남,25세,중상
2021111600100483,2021년 11월 16일 18시,화요일,서울특별시 강서구 공항동,경상사고,0,0,1,0,차대차 - 기타,안전운전불이행,포장 - 건조,맑음,기타 - 기타,승용,남,45세,상해없음,승용,남,33세,경상
2021111600100533,2021년 11월 16일 19시,화요일,서울특별시 강서구 내발산동,경상사고,0,0,1,0,차대사람 - 기타,안전운전불이행,포장 - 건조,맑음,교차로 - 교차로안,승용,남,43세,상해없음,보행자,남,44세,경상
2021111700100061,2021년 11월 17일 07시,수요일,서울특별시 강서구 화곡동,경상사고,0,0,1,0,차대사람 - 횡단중,안전운전불이행,포장 - 건조,맑음,기타 - 기타,승용,남,68세,상해없음,보행자,남,30세,경상
2021111700100077,2021년 11월 17일 08시,수요일,서울특별시 강서구 방화동,중상사고,0,1,0,0,차대사람 - 길가장자리구역통행중,보행자보호의무위반,포장 - 건조,맑음,교차로 - 교차로횡단보도내,화물,남,29세,상해없음,보행자,여,74세,중상
2021111700100127,2021년 11월 17일 09시,수요일,서울특별시 강서구 화곡동,경상사고,0,0,1,0,차대차 - 추돌,안전운전불이행,포장 - 건조,맑음,단일로 - 기타,승합,남,66세,상해없음,승용,남,31세,상해없음
2021111700100244,2021년 11월 17일 12시,수요일,서울특별시 강서구 방화동,경상사고,0,0,1,0,차대차 - 측면충돌,신호위반,포장 - 건조,맑음,교차로 - 교차로부근,자전거,여,60세,경상,승용,여,47세,상해없음
2021111700100500,2021년 11월 17일 18시,수요일,서울특별시 강서구 과해동,중상사고,0,1,1,0,차대차 - 기타,신호위반,포장 - 건조,맑음,교차로 - 교차로안,승용,남,74세,상해없음,화물,남,58세,경상
2021111800100016,2021년 11월 18일 01시,목요일,서울특별시 강서구 등촌동,경상사고,0,0,1,1,차대차 - 추돌,신호위반,포장 - 건조,흐림,교차로 - 교차로안,이륜,남,17세,상해없음,이륜,남,16세,부상신고
2021111800100048,2021년 11월 18일 06시,목요일,서울특별시 강서구 마곡동,경상사고,0,0,2,0,차대차 - 기타,안전거리미확보,포장 - 건조,맑음,단일로 - 기타,화물,남,56세,상해없음,승용,여,51세,경상
2021111800100082,2021년 11월 18일 08시,목요일,서울특별시 강서구 방화동,경상사고,0,0,4,0,차대차 - 측면충돌,신호위반,포장 - 건조,맑음,교차로 - 교차로안,승용,남,61세,상해없음,승용,남,54세,경상
2021111800100126,2021년 11월 18일 09시,목요일,서울특별시 강서구 마곡동,중상사고,0,1,1,0,차대차 - 추돌,신호위반,포장 - 건조,맑음,교차로 - 교차로횡단보도내,승용,여,56세,상해없음,자전거,여,41세,중상
2021111800100165,2021년 11월 18일 10시,목요일,서울특별시 강서구 가양동,경상사고,0,0,1,0,차대차 - 기타,안전운전불이행,포장 - 건조,맑음,기타 - 기타,승용,남,84세,상해없음,승용,여,54세,경상
2021111800100190,2021년 11월 18일 11시,목요일,서울특별시 강서구 마곡동,중상사고,0,1,0,0,차대차 - 기타,안전운전불이행,포장 - 건조,맑음,교차로 - 교차로부근,승용,남,69세,상해없음,이륜,남,49세,중상
2021111800100314,2021년 11월 18일 15시,목요일,서울특별시 강서구 공항동,경상사고,0,0,1,0,차대차 - 추돌,안전운전불이행,포장 - 건조,맑음,단일로 - 기타,승용,남,55세,상해없음,승용,남,69세,경상
2021111800100582,2021년 11월 18일 22시,목요일,서울특별시 강서구 화곡동,경상사고,0,0,3,0,차대차 - 측면충돌,안전거리미확보,포장 - 건조,맑음,교차로 - 교차로부근,승용,남,51세,상해없음,이륜,남,18세,경상
2021111800100583,2021년 11월 18일 22시,목요일,서울특별시 강서구 방화동,경상사고,0,0,2,0,차대사람 - 보도통행중,안전운전불이행,포장 - 건조,흐림,단일로 - 기타,승용,남,46세,기타불명,보행자,남,58세,경상
2021111900100061,2021년 11월 19일 06시,금요일,서울특별시 강서구 가양동,중상사고,0,1,0,0,차대사람 - 횡단중,보행자보호의무위반,포장 - 건조,맑음,교차로 - 교차로횡단보도내,승용,남,66세,상해없음,보행자,여,73세,중상
2021111900100132,2021년 11월 19일 09시,금요일,서울특별시 강서구 개화동,중상사고,0,1,0,0,차대차 - 기타,안전운전불이행,포장 - 건조,맑음,단일로 - 기타,건설기계,남,57세,상해없음,승용,여,42세,중상
2021111900100224,2021년 11월 19일 12시,금요일,서울특별시 강서구 가양동,경상사고,0,0,1,0,차대차 - 추돌,안전운전불이행,포장 - 건조,맑음,교차로 - 교차로안,화물,남,57세,상해없음,승합,남,48세,경상
2021111900100225,2021년 11월 19일 12시,금요일,서울특별시 강서구 공항동,경상사고,0,0,1,0,차대차 - 후진중충돌,불법유턴,포장 - 건조,맑음,단일로 - 기타,화물,남,47세,상해없음,이륜,남,39세,경상
2021111900100290,2021년 11월 19일 14시,금요일,서울특별시 강서구 등촌동,경상사고,0,0,1,0,차대차 - 기타,안전운전불이행,포장 - 건조,맑음,교차로 - 교차로안,승용,남,49세,상해없음,승용,여,25세,경상
2021111900100362,2021년 11월 19일 16시,금요일,서울특별시 강서구 외발산동,경상사고,0,0,1,0,차대차 - 기타,신호위반,포장 - 건조,맑음,교차로 - 교차로안,화물,남,50세,상해없음,승용,여,55세,경상
2021112000100025,2021년 11월 20일 01시,토요일,서울특별시 강서구 화곡동,경상사고,0,0,1,0,차대차 - 추돌,안전운전불이행,포장 - 건조,맑음,교차로 - 교차로부근,승용,남,32세,상해없음,승용,남,71세,경상
2021112000100280,2021년 11월 20일 14시,토요일,서울특별시 강서구 내발산동,경상사고,0,0,1,0,차대차 - 기타,안전거리미확보,포장 - 건조,맑음,단일로 - 기타,승용,남,23세,기타불명,원동기,남,41세,경상
2021112000100282,2021년 11월 20일 14시,토요일,서울특별시 강서구 등촌동,부상신고사고,0,0,0,1,차대차 - 추돌,안전거리미확보,포장 - 건조,맑음,교차로 - 교차로부근,화물,남,32세,상해없음,이륜,남,24세,부상신고
2021112000100314,2021년 11월 20일 15시,토요일,서울특별시 강서구 가양동,경상사고,0,0,3,0,차대차 - 측면충돌,안전거리미확보,포장 - 건조,맑음,단일로 - 기타,승용,남,52세,상해없음,승합,남,44세,경상
2021112000100426,2021년 11월 20일 18시,토요일,서울특별시 강서구 화곡동,경상사고,0,0,1,0,차대차 - 추돌,안전운전불이행,포장 - 건조,흐림,교차로 - 교차로안,승용,여,62세,상해없음,승용,남,40세,경상
2021112000100507,2021년 11월 20일 20시,토요일,서울특별시 강서구 등촌동,경상사고,0,0,1,0,차대사람 - 기타,안전운전불이행,포장 - 건조,맑음,단일로 - 기타,승용,여,28세,상해없음,보행자,남,57세,경상
2021112100100030,2021년 11월 21일 02시,일요일,서울특별시 강서구 가양동,경상사고,0,0,1,0,차대차 - 추돌,안전거리미확보,포장 - 건조,맑음,단일로 - 기타,승용,여,34세,상해없음,승용,남,62세,경상
2021112100100053,2021년 11월 21일 05시,일요일,서울특별시 강서구 개화동,경상사고,0,0,1,0,차대차 - 기타,안전운전불이행,포장 - 건조,맑음,단일로 - 기타,승용,남,26세,상해없음,승용,여,52세,경상
2021112100100063,2021년 11월 21일 07시,일요일,서울특별시 강서구 방화동,경상사고,0,0,1,0,차량단독 - 기타,안전운전불이행,포장 - 건조,맑음,단일로 - 기타,승합,남,59세,상해없음,,,,
2021112100100416,2021년 11월 21일 20시,일요일,서울특별시 강서구 방화동,경상사고,0,0,1,0,차대차 - 측면충돌,안전운전불이행,포장 - 건조,맑음,단일로 - 기타,승용,남,70세,상해없음,승용,남,36세,경상
2021112100100494,2021년 11월 21일 23시,일요일,서울특별시 강서구 화곡동,경상사고,0,0,2,0,차대차 - 추돌,안전운전불이행,포장 - 젖음/습기,비,기타 - 기타,기타불명,기타불명,미분류,기타불명,승용,남,75세,경상
2021112200100108,2021년 11월 22일 08시,월요일,서울특별시 강서구 가양동,중상사고,0,1,2,0,차대차 - 측면충돌,신호위반,포장 - 건조,맑음,교차로 - 교차로안,승용,여,55세,상해없음,승용,여,37세,중상
2021112200100351,2021년 11월 22일 15시,월요일,서울특별시 강서구 등촌동,중상사고,0,1,0,0,차대차 - 측면충돌,중앙선침범,포장 - 건조,맑음,단일로 - 기타,승용,여,57세,상해없음,이륜,남,25세,중상
2021112200100384,2021년 11월 22일 16시,월요일,서울특별시 강서구 화곡동,경상사고,0,0,1,0,차대사람 - 기타,안전운전불이행,포장 - 건조,맑음,교차로 - 교차로부근,승용,남,65세,상해없음,보행자,남,50세,경상
2021112200100462,2021년 11월 22일 18시,월요일,서울특별시 강서구 화곡동,중상사고,0,1,0,0,차량단독 - 기타,안전운전불이행,포장 - 건조,맑음,기타 - 기타,승합,남,35세,상해없음,,,,
2021112200100523,2021년 11월 22일 19시,월요일,서울특별시 강서구 마곡동,경상사고,0,0,1,0,차대차 - 측면충돌,안전운전불이행,포장 - 건조,맑음,교차로 - 교차로부근,승용,여,40세,상해없음,자전거,여,27세,경상
2021112200100587,2021년 11월 22일 22시,월요일,서울특별시 강서구 등촌동,경상사고,0,0,3,0,차대차 - 측면충돌,직진우회전진행방해,포장 - 건조,맑음,교차로 - 교차로안,승용,남,66세,경상,승용,남,57세,경상
2021112200100588,2021년 11월 22일 22시,월요일,서울특별시 강서구 방화동,경상사고,0,0,1,0,차대차 - 추돌,안전운전불이행,포장 - 건조,맑음,단일로 - 기타,승합,남,38세,상해없음,화물,남,55세,경상
2021112300100333,2021년 11월 23일 16시,화요일,서울특별시 강서구 가양동,중상사고,0,1,0,0,차대사람 - 기타,안전운전불이행,포장 - 건조,맑음,단일로 - 기타,승합,남,43세,상해없음,보행자,여,74세,중상
2021112400100164,2021년 11월 24일 11시,수요일,서울특별시 강서구 화곡동,경상사고,0,0,1,0,차대차 - 측면충돌,안전운전불이행,포장 - 건조,맑음,교차로 - 교차로안,승용,여,64세,기타불명,화물,남,36세,경상
2021112400100192,2021년 11월 24일 12시,수요일,서울특별시 강서구 마곡동,중상사고,0,1,0,0,차대사람 - 보도통행중,보행자보호의무위반,포장 - 건조,맑음,교차로 - 교차로횡단보도내,승용,여,23세,상해없음,보행자,여,64세,중상
2021112400100312,2021년 11월 24일 16시,수요일,서울특별시 강서구 마곡동,경상사고,0,0,5,0,차대차 - 기타,안전운전불이행,포장 - 건조,맑음,단일로 - 기타,승합,남,41세,상해없음,승합,남,61세,상해없음
2021112400100350,2021년 11월 24일 17시,수요일,서울특별시 강서구 마곡동,경상사고,0,0,2,0,차대차 - 측면충돌,신호위반,포장 - 건조,맑음,교차로 - 교차로안,승용,여,58세,기타불명,승용,남,30세,경상
2021112500100002,2021년 11월 25일 00시,목요일,서울특별시 강서구 공항동,중상사고,0,1,0,0,차대차 - 기타,안전운전불이행,포장 - 건조,맑음,교차로 - 교차로부근,승용,남,38세,상해없음,승용,남,56세,중상
2021112500100032,2021년 11월 25일 03시,목요일,서울특별시 강서구 등촌동,경상사고,0,0,2,0,차대사람 - 횡단중,신호위반,포장 - 건조,맑음,교차로 - 교차로안,이륜,남,17세,상해없음,보행자,남,27세,경상
2021112500100048,2021년 11월 25일 06시,목요일,서울특별시 강서구 화곡동,경상사고,0,0,1,0,차대사람 - 횡단중,보행자보호의무위반,포장 - 건조,맑음,교차로 - 교차로횡단보도내,기타불명,기타불명,미분류,기타불명,보행자,여,24세,경상
2021112500100360,2021년 11월 25일 15시,목요일,서울특별시 강서구 방화동,경상사고,0,0,1,0,차대차 - 측면충돌,기타,포장 - 건조,맑음,교차로 - 교차로안,이륜,남,57세,경상,승용,남,38세,상해없음
2021112500100361,2021년 11월 25일 15시,목요일,서울특별시 강서구 화곡동,중상사고,0,1,0,0,차대사람 - 길가장자리구역통행중,안전운전불이행,포장 - 건조,맑음,단일로 - 기타,승용,여,55세,상해없음,보행자,남,1세,중상
2021112500100443,2021년 11월 25일 17시,목요일,서울특별시 강서구 개화동,경상사고,0,0,1,0,차대차 - 측면충돌,안전운전불이행,포장 - 건조,맑음,기타 - 기타,승용,여,46세,기타불명,승용,남,47세,경상
2021112500100554,2021년 11월 25일 19시,목요일,서울특별시 강서구 마곡동,중상사고,0,1,0,0,차대차 - 정면충돌,안전운전불이행,포장 - 건조,맑음,단일로 - 기타,개인형이동수단(PM),남,17세,상해없음,자전거,여,66세,중상
2021112500100640,2021년 11월 25일 22시,목요일,서울특별시 강서구 화곡동,경상사고,0,0,1,0,차대차 - 추돌,안전운전불이행,포장 - 건조,맑음,교차로 - 교차로부근,승용,남,57세,상해없음,승용,남,49세,경상
2021112600100053,2021년 11월 26일 06시,금요일,서울특별시 강서구 화곡동,부상신고사고,0,0,0,1,차대차 - 측면충돌,안전운전불이행,포장 - 건조,맑음,단일로 - 기타,화물,남,62세,상해없음,승용,남,25세,부상신고
2021112600100534,2021년 11월 26일 18시,금요일,서울특별시 강서구 외발산동,경상사고,0,0,1,0,차대차 - 기타,신호위반,포장 - 건조,맑음,교차로 - 교차로안,기타불명,기타불명,미분류,기타불명,이륜,남,37세,경상
2021112600100732,2021년 11월 26일 23시,금요일,서울특별시 강서구 마곡동,경상사고,0,0,1,0,차대차 - 추돌,안전운전불이행,포장 - 건조,맑음,교차로 - 교차로부근,승용,남,41세,상해없음,승용,남,24세,경상
2021112700100017,2021년 11월 27일 01시,토요일,서울특별시 강서구 화곡동,경상사고,0,0,2,0,차대차 - 측면충돌,안전운전불이행,포장 - 건조,맑음,교차로 - 교차로안,이륜,남,35세,경상,승용,남,62세,경상
2021112700100055,2021년 11월 27일 06시,토요일,서울특별시 강서구 마곡동,경상사고,0,0,1,0,차대차 - 추돌,중앙선침범,포장 - 건조,맑음,단일로 - 기타,승용,남,30세,상해없음,건설기계,남,47세,경상
2021112700100236,2021년 11월 27일 13시,토요일,서울특별시 강서구 내발산동,경상사고,0,0,1,0,차대차 - 후진중충돌,안전운전불이행,포장 - 건조,맑음,교차로 - 교차로부근,승용,남,60세,상해없음,화물,남,31세,경상
2021112800100102,2021년 11월 28일 10시,일요일,서울특별시 강서구 방화동,중상사고,0,1,0,0,차대사람 - 기타,안전운전불이행,포장 - 건조,맑음,단일로 - 기타,승용,남,33세,상해없음,보행자,남,84세,중상
2021112800100221,2021년 11월 28일 14시,일요일,서울특별시 강서구 마곡동,중상사고,0,4,0,0,차대차 - 정면충돌,중앙선침범,포장 - 건조,맑음,주차장 - 주차장,승용,여,49세,중상,승용,남,45세,중상
2021112800100457,2021년 11월 28일 22시,일요일,서울특별시 강서구 방화동,중상사고,0,1,0,0,차량단독 - 기타,안전운전불이행,포장 - 건조,기타,단일로 - 기타,이륜,남,16세,상해없음,,,,
2021112900100030,2021년 11월 29일 06시,월요일,서울특별시 강서구 가양동,경상사고,0,0,1,0,차대차 - 측면충돌,안전거리미확보,포장 - 건조,맑음,단일로 - 기타,승용,남,64세,상해없음,승용,남,30세,경상
2021112900100149,2021년 11월 29일 09시,월요일,서울특별시 강서구 염창동,경상사고,0,0,1,0,차대차 - 기타,안전운전불이행,포장 - 건조,맑음,교차로 - 교차로부근,승용,여,60세,상해없음,자전거,남,72세,경상
2021113000100036,2021년 11월 30일 06시,화요일,서울특별시 강서구 가양동,경상사고,0,0,1,0,차대사람 - 기타,안전운전불이행,포장 - 젖음/습기,비,기타 - 기타,기타불명,기타불명,미분류,기타불명,보행자,여,32세,경상
2021120100100025,2021년 12월 1일 02시,수요일,서울특별시 강서구 화곡동,경상사고,0,0,2,0,차대차 - 기타,안전운전불이행,포장 - 건조,맑음,교차로 - 교차로안,승용,남,61세,상해없음,승용,남,51세,경상
2021120100100233,2021년 12월 1일 12시,수요일,서울특별시 강서구 마곡동,경상사고,0,0,1,0,차대차 - 측면충돌,기타,포장 - 건조,맑음,기타 - 기타,이륜,남,47세,경상,승용,남,46세,기타불명
2021120100100284,2021년 12월 1일 14시,수요일,서울특별시 강서구 등촌동,경상사고,0,0,1,0,차대차 - 추돌,안전운전불이행,포장 - 건조,맑음,기타 - 기타,승용,남,36세,상해없음,이륜,남,22세,경상
2021120100100517,2021년 12월 1일 19시,수요일,서울특별시 강서구 가양동,경상사고,0,0,1,0,차대차 - 측면충돌,신호위반,포장 - 건조,맑음,단일로 - 기타,승용,남,38세,상해없음,이륜,남,36세,경상
2021120100100518,2021년 12월 1일 19시,수요일,서울특별시 강서구 화곡동,경상사고,0,0,1,0,차대차 - 추돌,직진우회전진행방해,포장 - 건조,맑음,교차로 - 교차로안,승용,남,32세,상해없음,개인형이동수단(PM),여,44세,경상
2021120200100164,2021년 12월 2일 10시,목요일,서울특별시 강서구 염창동,부상신고사고,0,0,0,1,차대차 - 기타,안전운전불이행,포장 - 건조,맑음,기타 - 기타,기타불명,기타불명,미분류,기타불명,원동기,남,55세,부상신고
2021120200100516,2021년 12월 2일 19시,목요일,서울특별시 강서구 내발산동,경상사고,0,0,1,0,차대사람 - 기타,안전운전불이행,포장 - 건조,흐림,단일로 - 기타,기타불명,기타불명,미분류,기타불명,보행자,남,7세,경상
2021120300100486,2021년 12월 3일 17시,금요일,서울특별시 강서구 등촌동,경상사고,0,0,1,0,차대차 - 추돌,기타,포장 - 건조,맑음,단일로 - 기타,승용,남,47세,상해없음,승용,여,36세,경상
2021120300100540,2021년 12월 3일 18시,금요일,서울특별시 강서구 화곡동,중상사고,0,1,0,0,차대차 - 정면충돌,신호위반,포장 - 건조,흐림,교차로 - 교차로안,승용,남,60세,상해없음,자전거,남,72세,중상
2021120400100115,2021년 12월 4일 10시,토요일,서울특별시 강서구 염창동,경상사고,0,0,1,0,차대차 - 추돌,안전운전불이행,포장 - 건조,맑음,단일로 - 기타,승용,남,27세,상해없음,승용,여,54세,경상
2021120400100147,2021년 12월 4일 11시,토요일,서울특별시 강서구 등촌동,경상사고,0,0,1,0,차대차 - 기타,안전운전불이행,포장 - 건조,맑음,교차로 - 교차로부근,승용,여,65세,상해없음,화물,남,56세,경상