사고번호,사고일시,요일,시군구,사고내용,사망자수,중상자수,경상자수,부상신고자수,사고유형,법규위반,노면상태,기상상태,도로형태,가해운전자 차종,가해운전자 성별,가해운전자 연령,가해운전자 상해정도,피해운전자 차종,피해운전자 성별,피해운전자 연령,피해운전자 상해정도
2021120400100383,2021년 12월 4일 18시,토요일,서울특별시 강서구 화곡동,경상사고,0,0,5,0,차대차 - 후진중충돌,불법유턴,포장 - 건조,맑음,단일로 - 기타,승용,남,47세,상해없음,승합,남,41세,경상
2021120400100437,2021년 12월 4일 19시,토요일,서울특별시 강서구 화곡동,경상사고,0,0,1,0,차대차 - 기타,안전운전불이행,포장 - 건조,맑음,교차로 - 교차로부근,이륜,남,25세,기타불명,이륜,남,35세,경상
2021120500100028,2021년 12월 5일 02시,일요일,서울특별시 강서구 가양동,경상사고,0,0,1,0,차대차 - 측면충돌,중앙선침범,포장 - 건조,맑음,단일로 - 기타,승용,남,36세,상해없음,승용,남,59세,경상
2021120500100235,2021년 12월 5일 15시,일요일,서울특별시 강서구 내발산동,경상사고,0,0,1,0,차대사람 - 보도통행중,기타,포장 - 건조,맑음,기타 - 기타,자전거,남,68세,상해없음,보행자,여,77세,경상
2021120500100388,2021년 12월 5일 20시,일요일,서울특별시 강서구 마곡동,경상사고,0,0,1,1,차대차 - 측면충돌,안전운전불이행,포장 - 건조,맑음,단일로 - 기타,원동기,남,44세,경상,승용,남,41세,부상신고
2021120500100422,2021년 12월 5일 22시,일요일,서울특별시 강서구 내발산동,경상사고,0,0,3,0,차대차 - 정면충돌,신호위반,포장 - 건조,맑음,교차로 - 교차로안,이륜,남,20세,상해없음,승용,남,20세,경상
2021120600100262,2021년 12월 6일 14시,월요일,서울특별시 강서구 화곡동,경상사고,0,0,1,0,차대차 - 측면충돌,안전운전불이행,포장 - 건조,맑음,단일로 - 기타,승용,여,48세,상해없음,승용,남,45세,경상
2021120600100286,2021년 12월 6일 15시,월요일,서울특별시 강서구 화곡동,중상사고,0,1,0,0,차대사람 - 차도통행중,안전운전불이행,포장 - 건조,맑음,교차로 - 교차로안,승용,여,47세,상해없음,보행자,여,82세,중상
2021120600100287,2021년 12월 6일 15시,월요일,서울특별시 강서구 가양동,경상사고,0,0,1,0,차대차 - 기타,중앙선침범,포장 - 건조,맑음,교차로 - 교차로부근,자전거,남,79세,경상,승용,여,48세,상해없음
2021120600100459,2021년 12월 6일 19시,월요일,서울특별시 강서구 마곡동,경상사고,0,0,4,0,차대차 - 기타,신호위반,포장 - 건조,맑음,교차로 - 교차로안,승용,남,27세,경상,승용,남,46세,경상
2021120600100460,2021년 12월 6일 19시,월요일,서울특별시 강서구 마곡동,경상사고,0,0,1,0,차대차 - 추돌,안전운전불이행,포장 - 건조,맑음,기타 - 기타,승용,여,51세,기타불명,승용,여,37세,경상
2021120600100493,2021년 12월 6일 20시,월요일,서울특별시 강서구 공항동,경상사고,0,0,1,0,차대사람 - 기타,안전운전불이행,포장 - 건조,맑음,기타 - 기타,승용,남,65세,상해없음,보행자,남,58세,경상
2021120600100518,2021년 12월 6일 21시,월요일,서울특별시 강서구 등촌동,경상사고,0,0,1,0,차대차 - 기타,안전거리미확보,포장 - 건조,맑음,교차로 - 교차로안,승용,남,52세,상해없음,이륜,남,48세,경상
2021120600100539,2021년 12월 6일 22시,월요일,서울특별시 강서구 화곡동,경상사고,0,0,1,0,차대사람 - 차도통행중,안전운전불이행,포장 - 건조,맑음,단일로 - 기타,승용,남,19세,상해없음,보행자,여,52세,경상
2021120700100085,2021년 12월 7일 08시,화요일,서울특별시 강서구 화곡동,경상사고,0,0,2,0,차대차 - 측면충돌,안전운전불이행,포장 - 건조,맑음,교차로 - 교차로안,승용,여,38세,경상,승용,남,39세,경상
2021120700100124,2021년 12월 7일 09시,화요일,서울특별시 강서구 화곡동,경상사고,0,0,1,0,차대차 - 측면충돌,안전운전불이행,포장 - 건조,맑음,교차로 - 교차로부근,이륜,기타불명,미분류,기타불명,승용,여,51세,경상
2021120700100453,2021년 12월 7일 18시,화요일,서울특별시 강서구 가양동,경상사고,0,0,1,0,차대사람 - 기타,보행자보호의무위반,포장 - 건조,맑음,단일로 - 기타,승용,남,45세,상해없음,보행자,여,71세,경상
2021120800100018,2021년 12월 8일 02시,수요일,서울특별시 강서구 방화동,경상사고,0,0,2,1,차대차 - 추돌,안전운전불이행,포장 - 건조,맑음,단일로 - 기타,승용,여,37세,부상신고,화물,여,22세,경상
2021120800100214,2021년 12월 8일 12시,수요일,서울특별시 강서구 화곡동,경상사고,0,0,1,0,차대차 - 측면충돌,신호위반,포장 - 건조,맑음,교차로 - 교차로부근,이륜,여,28세,상해없음,승용,여,32세,경상
2021120800100248,2021년 12월 8일 13시,수요일,서울특별시 강서구 공항동,경상사고,0,0,1,0,차대차 - 기타,신호위반,포장 - 건조,맑음,단일로 - 기타,승용,남,54세,상해없음,개인형이동수단(PM),여,34세,경상
2021120800100400,2021년 12월 8일 17시,수요일,서울특별시 강서구 화곡동,중상사고,0,1,0,0,차대사람 - 길가장자리구역통행중,안전운전불이행,포장 - 건조,맑음,교차로 - 교차로안,화물,남,53세,상해없음,보행자,여,75세,중상
2021120800100603,2021년 12월 8일 23시,수요일,서울특별시 강서구 가양동,중상사고,0,3,0,0,차대차 - 추돌,안전거리미확보,포장 - 건조,맑음,단일로 - 기타,승용,남,38세,상해없음,승용,남,61세,중상
2021120900100010,2021년 12월 9일 01시,목요일,서울특별시 강서구 방화동,경상사고,0,0,2,0,차대차 - 측면충돌,안전운전불이행,포장 - 건조,맑음,기타 - 기타,이륜,남,51세,상해없음,승용,남,68세,경상
2021120900100027,2021년 12월 9일 04시,목요일,서울특별시 강서구 화곡동,중상사고,0,1,0,0,차대사람 - 차도통행중,안전운전불이행,포장 - 건조,맑음,교차로 - 교차로안,승용,남,77세,상해없음,보행자,남,66세,중상
2021120900100036,2021년 12월 9일 06시,목요일,서울특별시 강서구 개화동,경상사고,0,0,1,0,차대차 - 기타,안전운전불이행,포장 - 건조,맑음,단일로 - 기타,승합,남,25세,상해없음,승합,남,61세,경상
2021120900100048,2021년 12월 9일 07시,목요일,서울특별시 강서구 화곡동,경상사고,0,0,1,0,차대차 - 측면충돌,안전거리미확보,포장 - 건조,맑음,단일로 - 기타,승용,여,66세,상해없음,승용,남,69세,경상
2021120900100076,2021년 12월 9일 08시,목요일,서울특별시 강서구 등촌동,경상사고,0,0,2,0,차대차 - 기타,신호위반,포장 - 건조,맑음,단일로 - 기타,승용,여,39세,경상,승용,남,65세,경상
2021120900100154,2021년 12월 9일 11시,목요일,서울특별시 강서구 염창동,경상사고,0,0,1,0,차대사람 - 횡단중,안전운전불이행,포장 - 건조,맑음,교차로 - 교차로안,자전거,남,74세,상해없음,보행자,남,10세,경상
2021120900100231,2021년 12월 9일 14시,목요일,서울특별시 강서구 화곡동,경상사고,0,0,1,0,차대차 - 정면충돌,신호위반,포장 - 건조,맑음,교차로 - 교차로안,이륜,남,16세,경상,승용,남,28세,상해없음
2021120900100232,2021년 12월 9일 14시,목요일,서울특별시 강서구 화곡동,경상사고,0,0,1,0,차대차 - 기타,안전운전불이행,포장 - 건조,맑음,단일로 - 기타,자전거,남,46세,경상,승용,남,57세,상해없음
2021120900100285,2021년 12월 9일 16시,목요일,서울특별시 강서구 화곡동,중상사고,0,1,0,0,차대사람 - 횡단중,보행자보호의무위반,포장 - 건조,맑음,교차로 - 교차로안,승용,남,56세,상해없음,보행자,남,8세,중상
2021121100100433,2021년 12월 11일 19시,토요일,서울특별시 강서구 화곡동,중상사고,0,1,0,0,차대사람 - 횡단중,안전운전불이행,포장 - 건조,맑음,교차로 - 교차로부근,이륜,남,18세,상해없음,보행자,여,61세,중상
2021121100100434,2021년 12월 11일 19시,토요일,서울특별시 강서구 화곡동,경상사고,0,0,1,0,차대차 - 기타,안전운전불이행,포장 - 건조,맑음,교차로 - 교차로안,기타불명,기타불명,미분류,기타불명,승용,남,59세,상해없음
2021121200100087,2021년 12월 12일 10시,일요일,서울특별시 강서구 내발산동,경상사고,0,0,2,0,차대차 - 측면충돌,신호위반,포장 - 건조,맑음,교차로 - 교차로안,이륜,남,27세,상해없음,승용,여,48세,경상
2021121200100101,2021년 12월 12일 11시,일요일,서울특별시 강서구 화곡동,경상사고,0,0,1,0,차대차 - 기타,중앙선침범,포장 - 건조,맑음,단일로 - 기타,승용,남,60세,상해없음,이륜,남,28세,경상
2021121200100282,2021년 12월 12일 18시,일요일,서울특별시 강서구 화곡동,경상사고,0,0,3,0,차대차 - 측면충돌,안전거리미확보,포장 - 건조,맑음,단일로 - 기타,승용,남,68세,경상,승용,남,25세,경상
2021121300100087,2021년 12월 13일 08시,월요일,서울특별시 강서구 화곡동,중상사고,0,1,0,0,차대차 - 기타,안전운전불이행,포장 - 건조,맑음,교차로 - 교차로안,이륜,남,42세,중상,승용,남,26세,상해없음
2021121300100313,2021년 12월 13일 14시,월요일,서울특별시 강서구 화곡동,경상사고,0,0,1,0,차대사람 - 기타,안전운전불이행,포장 - 건조,맑음,단일로 - 기타,승용,남,54세,상해없음,보행자,여,62세,경상
2021121300100406,2021년 12월 13일 17시,월요일,서울특별시 강서구 등촌동,경상사고,0,0,1,0,차대사람 - 기타,안전운전불이행,포장 - 건조,맑음,단일로 - 기타,승용,여,37세,상해없음,보행자,남,7세,경상
2021121300100492,2021년 12월 13일 19시,월요일,서울특별시 강서구 화곡동,경상사고,0,0,4,0,차대차 - 측면충돌,안전운전불이행,포장 - 건조,맑음,교차로 - 교차로안,이륜,남,40세,상해없음,승용,남,43세,경상
2021121300100493,2021년 12월 13일 19시,월요일,서울특별시 강서구 화곡동,경상사고,0,0,1,0,차대차 - 기타,안전운전불이행,포장 - 건조,맑음,단일로 - 기타,이륜,남,31세,상해없음,이륜,남,25세,경상
2021121400100225,2021년 12월 14일 14시,화요일,서울특별시 강서구 화곡동,경상사고,0,0,1,0,차대차 - 기타,신호위반,포장 - 건조,흐림,교차로 - 교차로안,승용,여,64세,상해없음,승용,남,38세,경상
2021121400100323,2021년 12월 14일 17시,화요일,서울특별시 강서구 염창동,경상사고,0,0,1,0,차대사람 - 기타,안전운전불이행,포장 - 건조,맑음,단일로 - 기타,승용,남,45세,상해없음,보행자,여,54세,경상
2021121400100324,2021년 12월 14일 17시,화요일,서울특별시 강서구 화곡동,경상사고,0,0,1,0,차대차 - 기타,안전거리미확보,포장 - 젖음/습기,비,단일로 - 기타,승용,남,82세,상해없음,이륜,남,29세,경상
2021121400100380,2021년 12월 14일 18시,화요일,서울특별시 강서구 화곡동,부상신고사고,0,0,0,1,차대차 - 기타,안전운전불이행,포장 - 건조,맑음,단일로 - 기타,이륜,남,33세,부상신고,승용,여,44세,상해없음
2021121400100439,2021년 12월 14일 19시,화요일,서울특별시 강서구 등촌동,부상신고사고,0,0,0,1,차대차 - 기타,안전운전불이행,포장 - 젖음/습기,비,단일로 - 기타,원동기,남,35세,부상신고,승용,여,37세,상해없음
2021121500100027,2021년 12월 15일 02시,수요일,서울특별시 강서구 화곡동,경상사고,0,0,2,0,차대차 - 기타,안전운전불이행,포장 - 젖음/습기,맑음,교차로 - 교차로부근,승용,남,57세,상해없음,이륜,남,35세,경상
2021121500100055,2021년 12월 15일 06시,수요일,서울특별시 강서구 화곡동,경상사고,0,0,1,0,차대차 - 추돌,안전운전불이행,포장 - 건조,맑음,단일로 - 기타,승용,남,61세,상해없음,승용,남,48세,경상
2021121500100196,2021년 12월 15일 11시,수요일,서울특별시 강서구 개화동,경상사고,0,0,1,0,차대차 - 추돌,안전운전불이행,포장 - 건조,맑음,단일로 - 터널,승합,남,52세,기타불명,승용,여,57세,경상
2021121500100363,2021년 12월 15일 17시,수요일,서울특별시 강서구 방화동,경상사고,0,0,1,0,차대사람 - 기타,안전운전불이행,포장 - 건조,맑음,기타 - 기타,승용,남,24세,상해없음,보행자,여,17세,경상
2021121500100535,2021년 12월 15일 20시,수요일,서울특별시 강서구 등촌동,경상사고,0,0,1,0,차대차 - 기타,안전운전불이행,포장 - 건조,맑음,단일로 - 기타,승합,남,59세,상해없음,승용,남,66세,경상
2021121500100559,2021년 12월 15일 21시,수요일,서울특별시 강서구 화곡동,경상사고,0,0,1,0,차대차 - 추돌,안전운전불이행,포장 - 건조,흐림,교차로 - 교차로부근,승용,남,45세,상해없음,이륜,남,37세,경상
2021121600100082,2021년 12월 16일 08시,목요일,서울특별시 강서구 마곡동,경상사고,0,0,1,0,차대차 - 기타,안전거리미확보,포장 - 건조,맑음,단일로 - 기타,원동기,남,36세,경상,승용,남,47세,상해없음
2021121600100135,2021년 12월 16일 10시,목요일,서울특별시 강서구 등촌동,경상사고,0,0,1,0,차대차 - 추돌,안전운전불이행,포장 - 건조,맑음,교차로 - 교차로부근,승용,남,27세,상해없음,승용,여,43세,경상
2021121600100165,2021년 12월 16일 11시,목요일,서울특별시 강서구 화곡동,중상사고,0,1,0,0,차대차 - 추돌,안전운전불이행,포장 - 건조,맑음,단일로 - 기타,승용,남,70세,상해없음,기타불명,남,75세,중상
2021121600100496,2021년 12월 16일 22시,목요일,서울특별시 강서구 마곡동,경상사고,0,0,3,0,차대차 - 기타,안전운전불이행,포장 - 건조,맑음,단일로 - 기타,승용,남,39세,상해없음,승용,여,50세,경상
2021121700100209,2021년 12월 17일 12시,금요일,서울특별시 강서구 오곡동,경상사고,0,0,1,0,차대차 - 추돌,안전운전불이행,포장 - 건조,맑음,단일로 - 기타,승용,남,62세,상해없음,화물,남,44세,경상
2021121700100354,2021년 12월 17일 16시,금요일,서울특별시 강서구 방화동,경상사고,0,0,1,0,차대차 - 기타,안전거리미확보,포장 - 건조,맑음,단일로 - 기타,승용,여,33세,상해없음,승용,여,46세,경상
2021121700100545,2021년 12월 17일 19시,금요일,서울특별시 강서구 화곡동,경상사고,0,0,1,0,차대사람 - 횡단중,안전운전불이행,포장 - 건조,맑음,단일로 - 기타,이륜,남,42세,상해없음,보행자,여,70세,경상
2021121700100616,2021년 12월 17일 21시,금요일,서울특별시 강서구 화곡동,경상사고,0,0,1,0,차대차 - 기타,안전운전불이행,포장 - 건조,맑음,기타 - 기타,승용,여,53세,상해없음,원동기,남,38세,경상
2021121700100649,2021년 12월 17일 22시,금요일,서울특별시 강서구 화곡동,중상사고,0,1,0,0,차대사람 - 횡단중,신호위반,포장 - 건조,맑음,교차로 - 교차로횡단보도내,이륜,남,52세,상해없음,보행자,남,15세,중상
2021121800100007,2021년 12월 18일 00시,토요일,서울특별시 강서구 화곡동,경상사고,0,0,1,0,차대사람 - 횡단중,안전운전불이행,포장 - 건조,맑음,교차로 - 교차로횡단보도내,승용,남,41세,상해없음,보행자,남,29세,경상
2021121800100136,2021년 12월 18일 10시,토요일,서울특별시 강서구 염창동,경상사고,0,0,1,0,차대차 - 추돌,안전운전불이행,포장 - 건조,맑음,기타 - 기타,승용,남,24세,상해없음,승용,남,57세,경상
2021121800100362,2021년 12월 18일 16시,토요일,서울특별시 강서구 화곡동,중상사고,0,1,0,0,차대사람 - 기타,안전운전불이행,포장 - 서리/결빙,눈,단일로 - 기타,기타불명,기타불명,미분류,기타불명,보행자,여,41세,중상
2021121800100363,2021년 12월 18일 16시,토요일,서울특별시 강서구 등촌동,경상사고,0,0,1,0,차대차 - 측면충돌,안전운전불이행,포장 - 적설,눈,단일로 - 기타,승용,남,40세,상해없음,자전거,남,41세,경상
2021121800100555,2021년 12월 18일 21시,토요일,서울특별시 강서구 화곡동,경상사고,0,0,1,0,차대차 - 추돌,중앙선침범,포장 - 서리/결빙,눈,교차로 - 교차로부근,승용,남,54세,상해없음,승용,남,47세,경상
2021121800100556,2021년 12월 18일 21시,토요일,서울특별시 강서구 방화동,경상사고,0,0,1,0,차대차 - 정면충돌,안전운전불이행,포장 - 건조,맑음,기타 - 기타,승용,남,28세,상해없음,승용,남,34세,경상
2021121900100157,2021년 12월 19일 14시,일요일,서울특별시 강서구 등촌동,경상사고,0,0,1,0,차대사람 - 횡단중,보행자보호의무위반,포장 - 건조,맑음,교차로 - 교차로안,승용,여,53세,상해없음,보행자,여,14세,경상
2021121900100201,2021년 12월 19일 16시,일요일,서울특별시 강서구 화곡동,경상사고,0,0,2,0,차대차 - 측면충돌,신호위반,포장 - 건조,맑음,교차로 - 교차로안,승용,여,38세,상해없음,승용,남,77세,경상
2021121900100345,2021년 12월 19일 22시,일요일,서울특별시 강서구 등촌동,경상사고,0,0,2,0,차대차 - 측면충돌,안전운전불이행,포장 - 건조,맑음,교차로 - 교차로부근,이륜,남,33세,상해없음,승용,남,28세,경상
2021122000100379,2021년 12월 20일 17시,월요일,서울특별시 강서구 등촌동,중상사고,0,1,0,0,차대사람 - 횡단중,보행자보호의무위반,포장 - 건조,맑음,교차로 - 교차로안,승용,남,63세,상해없음,보행자,여,82세,중상
2021122000100380,2021년 12월 20일 17시,월요일,서울특별시 강서구 내발산동,경상사고,0,0,1,0,차대차 - 측면충돌,안전운전불이행,포장 - 건조,맑음,교차로 - 교차로부근,자전거,남,46세,경상,승용,여,19세,상해없음
2021122000100574,2021년 12월 20일 21시,월요일,서울특별시 강서구 염창동,경상사고,0,0,1,0,차대차 - 측면충돌,안전운전불이행,포장 - 건조,맑음,교차로 - 교차로부근,승용,남,73세,상해없음,승용,남,41세,경상
2021122100100133,2021년 12월 21일 10시,화요일,서울특별시 강서구 가양동,중상사고,0,1,0,0,차대차 - 추돌,안전운전불이행,포장 - 건조,맑음,단일로 - 기타,승합,남,42세,상해없음,승용,여,48세,중상
2021122100100134,2021년 12월 21일 10시,화요일,서울특별시 강서구 화곡동,경상사고,0,0,1,0,차대사람 - 기타,안전운전불이행,포장 - 건조,맑음,교차로 - 교차로부근,화물,남,31세,상해없음,보행자,남,54세,경상
2021122100100276,2021년 12월 21일 15시,화요일,서울특별시 강서구 마곡동,경상사고,0,0,2,0,차대차 - 기타,안전운전불이행,포장 - 건조,맑음,단일로 - 기타,승용,남,66세,경상,승용,여,28세,경상
2021122100100430,2021년 12월 21일 19시,화요일,서울특별시 강서구 화곡동,경상사고,0,0,1,0,차대사람 - 횡단중,보행자보호의무위반,포장 - 건조,맑음,교차로 - 교차로부근,승용,여,52세,상해없음,보행자,남,39세,경상
2021122200100006,2021년 12월 22일 01시,수요일,서울특별시 강서구 화곡동,경상사고,0,0,2,0,차대차 - 기타,직진우회전진행방해,포장 - 건조,맑음,교차로 - 교차로안,원동기,남,33세,경상,승용,남,44세,경상
2021122200100101,2021년 12월 22일 09시,수요일,서울특별시 강서구 방화동,경상사고,0,0,3,0,차대차 - 측면충돌,신호위반,포장 - 건조,맑음,교차로 - 교차로안,승합,남,67세,상해없음,승용,남,31세,경상
2021122200100346,2021년 12월 22일 16시,수요일,서울특별시 강서구 화곡동,경상사고,0,0,1,0,차대차 - 추돌,안전운전불이행,포장 - 건조,맑음,단일로 - 기타,승용,남,66세,상해없음,이륜,남,41세,경상
2021122200100347,2021년 12월 22일 16시,수요일,서울특별시 강서구 마곡동,중상사고,0,1,0,0,차량단독 - 기타,기타,포장 - 건조,맑음,단일로 - 기타,개인형이동수단(PM),여,24세,중상,,,,
2021122200100598,2021년 12월 22일 22시,수요일,서울특별시 강서구 화곡동,경상사고,0,0,1,0,차대차 - 측면충돌,안전운전불이행,포장 - 건조,맑음,교차로 - 교차로부근,승용,여,19세,상해없음,이륜,남,39세,경상
2021122200100599,2021년 12월 22일 22시,수요일,서울특별시 강서구 염창동,경상사고,0,0,1,0,차대차 - 후진중충돌,안전운전불이행,포장 - 건조,맑음,단일로 - 기타,승용,남,50세,상해없음,승용,남,56세,경상
2021122300100207,2021년 12월 23일 12시,목요일,서울특별시 강서구 등촌동,경상사고,0,0,1,0,차대차 - 기타,안전거리미확보,포장 - 건조,맑음,기타 - 기타,화물,남,20세,상해없음,승용,남,30세,경상
2021122300100242,2021년 12월 23일 14시,목요일,서울특별시 강서구 방화동,경상사고,0,0,2,0,차대차 - 측면충돌,신호위반,포장 - 건조,맑음,교차로 - 교차로안,승용,여,39세,상해없음,승용,남,32세,경상
2021122300100307,2021년 12월 23일 16시,목요일,서울특별시 강서구 화곡동,경상사고,0,0,2,0,차대차 - 기타,안전운전불이행,포장 - 건조,맑음,교차로 - 교차로부근,승용,여,40세,상해없음,화물,남,23세,경상
2021122300100398,2021년 12월 23일 18시,목요일,서울특별시 강서구 방화동,중상사고,0,1,0,0,차대차 - 추돌,안전운전불이행,포장 - 건조,맑음,단일로 - 기타,특수,남,49세,상해없음,이륜,남,47세,중상
2021122400100306,2021년 12월 24일 16시,금요일,서울특별시 강서구 공항동,경상사고,0,0,1,0,차대차 - 기타,안전운전불이행,포장 - 건조,맑음,교차로 - 교차로안,화물,남,73세,상해없음,승용,남,68세,경상
2021122400100340,2021년 12월 24일 17시,금요일,서울특별시 강서구 가양동,경상사고,0,0,1,0,차대차 - 추돌,안전운전불이행,포장 - 건조,맑음,교차로 - 교차로안,승용,남,28세,상해없음,승용,남,32세,경상
2021122400100393,2021년 12월 24일 18시,금요일,서울특별시 강서구 방화동,경상사고,0,0,6,0,차대차 - 추돌,안전운전불이행,포장 - 건조,흐림,단일로 - 지하차도(도로)내,승용,남,63세,상해없음,승용,여,64세,경상
2021122400100562,2021년 12월 24일 21시,금요일,서울특별시 강서구 마곡동,경상사고,0,0,1,0,차대사람 - 횡단중,안전운전불이행,포장 - 건조,맑음,단일로 - 기타,이륜,남,35세,기타불명,보행자,여,20세,경상
2021122400100603,2021년 12월 24일 22시,금요일,서울특별시 강서구 화곡동,경상사고,0,0,1,0,차대사람 - 횡단중,안전운전불이행,포장 - 건조,맑음,단일로 - 기타,기타불명,기타불명,미분류,기타불명,보행자,여,26세,경상
2021122500100201,2021년 12월 25일 15시,토요일,서울특별시 강서구 공항동,중상사고,0,1,1,0,차대차 - 기타,신호위반,포장 - 건조,맑음,교차로 - 교차로안,이륜,남,25세,중상,승용,남,34세,경상
2021122500100223,2021년 12월 25일 16시,토요일,서울특별시 강서구 마곡동,중상사고,0,1,0,0,차대차 - 기타,신호위반,포장 - 건조,맑음,교차로 - 교차로안,승용,남,28세,상해없음,이륜,남,34세,중상
2021122700100039,2021년 12월 27일 07시,월요일,서울특별시 강서구 방화동,경상사고,0,0,1,0,차대차 - 측면충돌,안전운전불이행,포장 - 건조,맑음,단일로 - 기타,건설기계,남,49세,상해없음,건설기계,남,43세,경상
2021122700100054,2021년 12월 27일 08시,월요일,서울특별시 강서구 내발산동,경상사고,0,0,1,0,차대사람 - 기타,안전운전불이행,포장 - 건조,맑음,기타 - 기타,승합,남,62세,상해없음,보행자,여,42세,경상
2021122700100124,2021년 12월 27일 10시,월요일,서울특별시 강서구 방화동,경상사고,0,0,1,0,차대차 - 정면충돌,기타,포장 - 건조,맑음,단일로 - 기타,승용,여,58세,상해없음,이륜,남,36세,경상
2021122700100436,2021년 12월 27일 19시,월요일,서울특별시 강서구 내발산동,경상사고,0,0,1,0,차대차 - 측면충돌,신호위반,포장 - 건조,맑음,교차로 - 교차로횡단보도내,승용,남,55세,상해없음,자전거,남,12세,경상
2021122700100474,2021년 12월 27일 20시,월요일,서울특별시 강서구 가양동,경상사고,0,0,1,0,차대차 - 기타,신호위반,포장 - 건조,맑음,교차로 - 교차로안,승용,남,56세,상해없음,이륜,남,30세,경상
2021122700100544,2021년 12월 27일 22시,월요일,서울특별시 강서구 방화동,경상사고,0,0,1,0,차대차 - 기타,중앙선침범,포장 - 건조,맑음,단일로 - 기타,승합,남,51세,상해없음,원동기,남,46세,경상
2021122800100086,2021년 12월 28일 08시,화요일,서울특별시 강서구 공항동,중상사고,0,1,0,0,차대사람 - 횡단중,신호위반,포장 - 건조,맑음,교차로 - 교차로횡단보도내,승용,남,77세,상해없음,보행자,여,45세,중상
2021122800100087,2021년 12월 28일 08시,화요일,서울특별시 강서구 내발산동,경상사고,0,0,1,0,차대차 - 추돌,안전운전불이행,포장 - 건조,맑음,교차로 - 교차로안,승용,남,42세,상해없음,승용,여,27세,경상
2021122800100088,2021년 12월 28일 08시,화요일,서울특별시 강서구 공항동,경상사고,0,0,1,0,차대차 - 기타,안전운전불이행,포장 - 건조,맑음,단일로 - 기타,승용,남,43세,상해없음,승용,남,41세,경상
2021122800100360,2021년 12월 28일 18시,화요일,서울특별시 강서구 화곡동,중상사고,0,1,0,0,차대사람 - 기타,안전운전불이행,포장 - 건조,맑음,주차장 - 주차장,화물,남,69세,상해없음,보행자,여,54세,중상
2021122800100520,2021년 12월 28일 22시,화요일,서울특별시 강서구 공항동,경상사고,0,0,1,0,차대사람 - 횡단중,안전운전불이행,포장 - 건조,맑음,단일로 - 기타,이륜,남,30세,상해없음,보행자,남,60세,경상
2021122900100002,2021년 12월 29일 00시,수요일,서울특별시 강서구 화곡동,경상사고,0,0,1,0,차대차 - 측면충돌,기타,포장 - 건조,맑음,교차로 - 교차로부근,승용,남,61세,상해없음,승용,남,66세,상해없음
2021122900100010,2021년 12월 29일 01시,수요일,서울특별시 강서구 화곡동,중상사고,0,1,0,0,차대차 - 측면충돌,안전거리미확보,포장 - 건조,맑음,교차로 - 교차로부근,이륜,남,18세,중상,승용,남,29세,상해없음
2021122900100090,2021년 12월 29일 09시,수요일,서울특별시 강서구 화곡동,중상사고,0,1,0,0,차대차 - 기타,직진우회전진행방해,포장 - 건조,맑음,교차로 - 교차로안,화물,남,61세,기타불명,이륜,남,57세,중상
2021122900100376,2021년 12월 29일 18시,수요일,서울특별시 강서구 화곡동,경상사고,0,0,2,0,차대차 - 측면충돌,직진우회전진행방해,포장 - 건조,흐림,교차로 - 교차로안,화물,남,52세,경상,승용,남,62세,경상
2021122900100541,2021년 12월 29일 22시,수요일,서울특별시 강서구 내발산동,경상사고,0,0,1,0,차대차 - 기타,교차로운행방법위반,포장 - 건조,맑음,교차로 - 교차로안,승용,남,38세,상해없음,승용,남,36세,경상
2021123000100138,2021년 12월 30일 11시,목요일,서울특별시 강서구 내발산동,경상사고,0,0,1,2,차대차 - 측면충돌,안전운전불이행,포장 - 건조,맑음,교차로 - 교차로안,이륜,남,32세,부상신고,승용,여,52세,경상
2021123000100294,2021년 12월 30일 16시,목요일,서울특별시 강서구 화곡동,경상사고,0,0,2,0,차대차 - 측면충돌,안전거리미확보,포장 - 건조,맑음,단일로 - 기타,승용,여,44세,기타불명,승합,남,51세,경상
2021123000100458,2021년 12월 30일 19시,목요일,서울특별시 강서구 가양동,경상사고,0,0,2,0,차대사람 - 기타,안전거리미확보,포장 - 건조,맑음,단일로 - 기타,승용,남,36세,상해없음,보행자,남,41세,경상
2021123000100506,2021년 12월 30일 20시,목요일,서울특별시 강서구 화곡동,경상사고,0,0,2,0,차대차 - 기타,안전거리미확보,포장 - 건조,맑음,단일로 - 기타,승용,남,56세,상해없음,승용,남,45세,경상
2021123000100507,2021년 12월 30일 20시,목요일,서울특별시 강서구 내발산동,경상사고,0,0,2,0,차대차 - 기타,안전운전불이행,포장 - 건조,맑음,단일로 - 기타,승용,남,37세,상해없음,승용,남,33세,경상
2021123000100597,2021년 12월 30일 22시,목요일,서울특별시 강서구 화곡동,경상사고,0,0,1,0,차대차 - 기타,안전운전불이행,포장 - 건조,맑음,단일로 - 기타,자전거,남,37세,경상,승용,남,40세,상해없음